year,j_day,num_animals,2(ALMOND),"26(CORN, YELLOW)","86(LEGUMES, FORAGE)",118(SOYBEAN),"136(Dicalcium Phosphate, dibasic)","139(Limestone, ground)","87g(LEGUMES, FORAGE)"
,,,kg,kg,kg,kg,kg,kg,kg
2009,244,445,333.75,2225,1780,2225,1335,142.4,0
2009,245,445,333.75,2225,1780,2225,1335,142.4,0
2009,246,445,333.75,2225,1780,2225,1335,142.4,0
2009,247,445,333.75,2225,1780,2225,1335,142.4,0
2009,248,445,333.75,2225,1780,2225,1335,142.4,0
2009,249,445,333.75,2225,1780,2225,1335,142.4,0
2009,250,445,333.75,2225,1780,2225,1335,142.4,0
2009,251,441,330.75,2205,1764,2205,1323,141.12,0
2009,252,441,330.75,2205,1764,2205,1323,141.12,0
2009,253,441,330.75,2205,1764,2205,1323,141.12,0
2009,254,441,330.75,2205,1764,2205,1323,141.12,0
2009,255,441,330.75,2205,1764,2205,1323,141.12,0
2009,256,441,330.75,2205,1764,2205,1323,141.12,0
2009,257,441,330.75,2205,1764,2205,1323,141.12,0
2009,258,443,332.25,2215,1772,2215,1329,141.76,0
2009,259,443,332.25,2215,1772,2215,1329,141.76,0
2009,260,443,332.25,2215,1772,2215,1329,141.76,0
2009,261,443,332.25,2215,1772,2215,1329,141.76,0
2009,262,443,332.25,2215,1772,2215,1329,141.76,0
2009,263,443,332.25,2215,1772,2215,1329,141.76,0
2009,264,443,332.25,2215,1772,2215,1329,141.76,0
2009,265,441,330.75,2205,1764,2205,1323,141.12,0
2009,266,441,330.75,2205,1764,2205,1323,141.12,0
2009,267,441,330.75,2205,1764,2205,1323,141.12,0
2009,268,441,330.75,2205,1764,2205,1323,141.12,0
2009,269,441,330.75,2205,1764,2205,1323,141.12,0
2009,270,441,330.75,2205,1764,2205,1323,141.12,0
2009,271,441,330.75,2205,1764,2205,1323,141.12,0
2009,272,440,330.0,2200,1760,2200,1320,140.8,0
2009,273,440,330.0,2200,1760,2200,1320,140.8,0
2009,274,440,330.0,2200,1760,2200,1320,140.8,0
2009,275,440,330.0,2200,1760,2200,1320,140.8,0
2009,276,440,330.0,2200,1760,2200,1320,140.8,0
2009,277,440,330.0,2200,1760,2200,1320,140.8,0
2009,278,440,330.0,2200,1760,2200,1320,140.8,0
2009,279,440,330.0,2200,1760,2200,1320,140.8,0
2009,280,440,330.0,2200,1760,2200,1320,140.8,0
2009,281,440,330.0,2200,1760,2200,1320,140.8,0
2009,282,440,330.0,2200,1760,2200,1320,140.8,0
2009,283,440,330.0,2200,1760,2200,1320,140.8,0
2009,284,440,330.0,2200,1760,2200,1320,140.8,0
2009,285,440,330.0,2200,1760,2200,1320,140.8,0
2009,286,440,330.0,2200,1760,2200,1320,140.8,0
2009,287,440,330.0,2200,1760,2200,1320,140.8,0
2009,288,440,330.0,2200,1760,2200,1320,140.8,0
2009,289,440,330.0,2200,1760,2200,1320,140.8,0
2009,290,440,330.0,2200,1760,2200,1320,140.8,0
2009,291,440,330.0,2200,1760,2200,1320,140.8,0
2009,292,440,330.0,2200,1760,2200,1320,140.8,0
2009,293,437,327.75,2185,1748,2185,1311,139.84,0
2009,294,437,327.75,2185,1748,2185,1311,139.84,0
2009,295,437,327.75,2185,1748,2185,1311,139.84,0
2009,296,437,327.75,2185,1748,2185,1311,139.84,0
2009,297,437,327.75,2185,1748,2185,1311,139.84,0
2009,298,437,327.75,2185,1748,2185,1311,139.84,0
2009,299,437,327.75,2185,1748,2185,1311,139.84,0
2009,300,434,325.5,2170,1736,2170,1302,138.88,0
2009,301,434,325.5,2170,1736,2170,1302,138.88,0
2009,302,434,325.5,2170,1736,2170,1302,138.88,0
2009,303,434,325.5,2170,1736,2170,1302,138.88,0
2009,304,434,325.5,2170,1736,2170,1302,138.88,0
2009,305,434,325.5,2170,1736,2170,1302,138.88,0
2009,306,434,325.5,2170,1736,2170,1302,138.88,0
2009,307,431,323.25,2155,1724,2155,1293,137.92000000000002,0
2009,308,431,323.25,2155,1724,2155,1293,137.92000000000002,0
2009,309,431,323.25,2155,1724,2155,1293,137.92000000000002,0
2009,310,431,323.25,2155,1724,2155,1293,137.92000000000002,0
2009,311,431,323.25,2155,1724,2155,1293,137.92000000000002,0
2009,312,431,323.25,2155,1724,2155,1293,137.92000000000002,0
2009,313,431,323.25,2155,1724,2155,1293,137.92000000000002,0
2009,314,422,316.5,2110,1688,2110,1266,135.04,0
2009,315,422,316.5,2110,1688,2110,1266,135.04,0
2009,316,422,316.5,2110,1688,2110,1266,135.04,0
2009,317,422,316.5,2110,1688,2110,1266,135.04,0
2009,318,422,316.5,2110,1688,2110,1266,135.04,0
2009,319,422,316.5,2110,1688,2110,1266,135.04,0
2009,320,422,316.5,2110,1688,2110,1266,135.04,0
2009,321,412,309.0,2060,1648,2060,1236,131.84,0
2009,322,412,309.0,2060,1648,2060,1236,131.84,0
2009,323,412,309.0,2060,1648,2060,1236,131.84,0
2009,324,412,309.0,2060,1648,2060,1236,131.84,0
2009,325,412,309.0,2060,1648,2060,1236,131.84,0
2009,326,412,309.0,2060,1648,2060,1236,131.84,0
2009,327,412,309.0,2060,1648,2060,1236,131.84,0
2009,328,402,301.5,2010,1608,2010,1206,128.64000000000001,0
2009,329,402,301.5,2010,1608,2010,1206,128.64000000000001,0
2009,330,402,301.5,2010,1608,2010,1206,128.64000000000001,0
2009,331,402,301.5,2010,1608,2010,1206,128.64000000000001,0
2009,332,402,301.5,2010,1608,2010,1206,128.64000000000001,0
2009,333,402,301.5,2010,1608,2010,1206,128.64000000000001,0
2009,334,402,301.5,2010,1608,2010,1206,128.64000000000001,0
2009,335,386,289.5,1930,1544,1930,1158,123.52,0
2009,336,386,289.5,1930,1544,1930,1158,123.52,0
2009,337,386,289.5,1930,1544,1930,1158,123.52,0
2009,338,386,289.5,1930,1544,1930,1158,123.52,0
2009,339,386,289.5,1930,1544,1930,1158,123.52,0
2009,340,386,289.5,1930,1544,1930,1158,123.52,0
2009,341,386,289.5,1930,1544,1930,1158,123.52,0
2009,342,381,285.75,1905,1524,1905,1143,121.92,0
2009,343,381,285.75,1905,1524,1905,1143,121.92,0
2009,344,381,285.75,1905,1524,1905,1143,121.92,0
2009,345,381,285.75,1905,1524,1905,1143,121.92,0
2009,346,381,285.75,1905,1524,1905,1143,121.92,0
2009,347,381,285.75,1905,1524,1905,1143,121.92,0
2009,348,381,285.75,1905,1524,1905,1143,121.92,0
2009,349,373,279.75,1865,1492,1865,1119,119.36,0
2009,350,373,279.75,1865,1492,1865,1119,119.36,0
2009,351,373,279.75,1865,1492,1865,1119,119.36,0
2009,352,373,279.75,1865,1492,1865,1119,119.36,0
2009,353,373,279.75,1865,1492,1865,1119,119.36,0
2009,354,373,279.75,1865,1492,1865,1119,119.36,0
2009,355,373,279.75,1865,1492,1865,1119,119.36,0
2009,356,359,269.25,1795,1436,1795,1077,114.88,0
2009,357,359,269.25,1795,1436,1795,1077,114.88,0
2009,358,359,269.25,1795,1436,1795,1077,114.88,0
2009,359,359,269.25,1795,1436,1795,1077,114.88,0
2009,360,359,269.25,1795,1436,1795,1077,114.88,0
2009,361,359,269.25,1795,1436,1795,1077,114.88,0
2009,362,359,269.25,1795,1436,1795,1077,114.88,0
2009,363,348,261.0,1740,1392,1740,1044,111.36,0
2009,364,348,261.0,1740,1392,1740,1044,111.36,0
2009,365,348,261.0,1740,1392,1740,1044,111.36,0
2010,1,348,261.0,1740,1392,1740,1044,111.36,0
2010,2,348,261.0,1740,1392,1740,1044,111.36,0
2010,3,348,261.0,1740,1392,1740,1044,111.36,0
2010,4,348,261.0,1740,1392,1740,1044,111.36,0
2010,5,337,252.75,1685,1348,1685,1011,107.84,0
2010,6,337,252.75,1685,1348,1685,1011,107.84,0
2010,7,337,252.75,1685,1348,1685,1011,107.84,0
2010,8,337,252.75,1685,1348,1685,1011,107.84,0
2010,9,337,252.75,1685,1348,1685,1011,107.84,0
2010,10,337,252.75,1685,1348,1685,1011,107.84,0
2010,11,337,252.75,1685,1348,1685,1011,107.84,0
2010,12,330,247.5,1650,1320,1650,990,105.60000000000001,0
2010,13,330,247.5,1650,1320,1650,990,105.60000000000001,0
2010,14,330,247.5,1650,1320,1650,990,105.60000000000001,0
2010,15,330,247.5,1650,1320,1650,990,105.60000000000001,0
2010,16,330,247.5,1650,1320,1650,990,105.60000000000001,0
2010,17,330,247.5,1650,1320,1650,990,105.60000000000001,0
2010,18,330,247.5,1650,1320,1650,990,105.60000000000001,0
2010,19,320,240.0,1600,1280,1600,960,102.4,0
2010,20,320,240.0,1600,1280,1600,960,102.4,0
2010,21,320,240.0,1600,1280,1600,960,102.4,0
2010,22,320,240.0,1600,1280,1600,960,102.4,0
2010,23,320,240.0,1600,1280,1600,960,102.4,0
2010,24,320,240.0,1600,1280,1600,960,102.4,0
2010,25,320,240.0,1600,1280,1600,960,102.4,0
2010,26,315,236.25,1575,1260,1575,945,100.8,0
2010,27,315,236.25,1575,1260,1575,945,100.8,0
2010,28,315,236.25,1575,1260,1575,945,100.8,0
2010,29,315,236.25,1575,1260,1575,945,100.8,0
2010,30,315,236.25,1575,1260,1575,945,100.8,0
2010,31,315,236.25,1575,1260,1575,945,100.8,0
2010,32,315,236.25,1575,1260,1575,945,100.8,0
2010,33,307,230.25,1535,1228,1535,921,98.24000000000001,0
2010,34,307,230.25,1535,1228,1535,921,98.24000000000001,0
2010,35,307,230.25,1535,1228,1535,921,98.24000000000001,0
2010,36,307,230.25,1535,1228,1535,921,98.24000000000001,0
2010,37,307,230.25,1535,1228,1535,921,98.24000000000001,0
2010,38,307,230.25,1535,1228,1535,921,98.24000000000001,0
2010,39,307,230.25,1535,1228,1535,921,98.24000000000001,0
2010,40,298,223.5,1490,1192,1490,894,95.36,0
2010,41,298,223.5,1490,1192,1490,894,95.36,0
2010,42,298,223.5,1490,1192,1490,894,95.36,0
2010,43,298,223.5,1490,1192,1490,894,95.36,0
2010,44,298,223.5,1490,1192,1490,894,95.36,0
2010,45,298,223.5,1490,1192,1490,894,95.36,0
2010,46,298,223.5,1490,1192,1490,894,95.36,0
2010,47,290,217.5,1450,1160,1450,870,92.8,0
2010,48,290,217.5,1450,1160,1450,870,92.8,0
2010,49,290,217.5,1450,1160,1450,870,92.8,0
2010,50,290,217.5,1450,1160,1450,870,92.8,0
2010,51,290,217.5,1450,1160,1450,870,92.8,0
2010,52,290,217.5,1450,1160,1450,870,92.8,0
2010,53,290,217.5,1450,1160,1450,870,92.8,0
2010,54,282,211.5,1410,1128,1410,846,90.24,0
2010,55,282,211.5,1410,1128,1410,846,90.24,0
2010,56,282,211.5,1410,1128,1410,846,90.24,0
2010,57,282,211.5,1410,1128,1410,846,90.24,0
2010,58,282,211.5,1410,1128,1410,846,90.24,0
2010,59,282,211.5,1410,1128,1410,846,90.24,0
2010,60,282,211.5,1410,1128,1410,846,90.24,0
2010,61,270,202.5,1350,1080,1350,810,86.4,0
2010,62,270,202.5,1350,1080,1350,810,86.4,0
2010,63,270,202.5,1350,1080,1350,810,86.4,0
2010,64,270,202.5,1350,1080,1350,810,86.4,0
2010,65,270,202.5,1350,1080,1350,810,86.4,0
2010,66,270,202.5,1350,1080,1350,810,86.4,0
2010,67,270,202.5,1350,1080,1350,810,86.4,0
2010,68,261,195.75,1305,1044,1305,783,83.52,0
2010,69,261,195.75,1305,1044,1305,783,83.52,0
2010,70,261,195.75,1305,1044,1305,783,83.52,0
2010,71,261,195.75,1305,1044,1305,783,83.52,0
2010,72,261,195.75,1305,1044,1305,783,83.52,0
2010,73,261,195.75,1305,1044,1305,783,83.52,0
2010,74,261,195.75,1305,1044,1305,783,83.52,0
2010,75,249,186.75,1245,996,1245,747,79.68,0
2010,76,249,186.75,1245,996,1245,747,79.68,0
2010,77,249,186.75,1245,996,1245,747,79.68,0
2010,78,249,186.75,1245,996,1245,747,79.68,0
2010,79,249,186.75,1245,996,1245,747,79.68,0
2010,80,249,186.75,1245,996,1245,747,79.68,0
2010,81,249,186.75,1245,996,1245,747,79.68,0
2010,82,240,180.0,1200,960,1200,720,76.8,0
2010,83,240,180.0,1200,960,1200,720,76.8,0
2010,84,240,180.0,1200,960,1200,720,76.8,0
2010,85,240,180.0,1200,960,1200,720,76.8,0
2010,86,240,180.0,1200,960,1200,720,76.8,0
2010,87,240,180.0,1200,960,1200,720,76.8,0
2010,88,240,180.0,1200,960,1200,720,76.8,0
2010,89,231,173.25,1155,924,1155,693,73.92,0
2010,90,231,173.25,1155,924,1155,693,73.92,0
2010,91,231,173.25,1155,924,1155,693,73.92,0
2010,92,231,173.25,1155,924,1155,693,73.92,0
2010,93,231,173.25,1155,924,1155,693,73.92,0
2010,94,231,173.25,1155,924,1155,693,73.92,0
2010,95,231,173.25,1155,924,1155,693,73.92,0
2010,96,226,169.5,1130,904,1130,678,72.32000000000001,0
2010,97,226,169.5,1130,904,1130,678,72.32000000000001,0
2010,98,226,169.5,1130,904,1130,678,72.32000000000001,0
2010,99,226,169.5,1130,904,1130,678,72.32000000000001,0
2010,100,226,169.5,1130,904,1130,678,72.32000000000001,0
2010,101,226,169.5,1130,904,1130,678,72.32000000000001,0
2010,102,226,169.5,1130,904,1130,678,72.32000000000001,0
2010,103,213,159.75,1065,852,1065,639,68.16,0
2010,104,213,159.75,1065,852,1065,639,68.16,0
2010,105,213,159.75,1065,852,1065,639,68.16,0
2010,106,213,159.75,1065,852,1065,639,68.16,0
2010,107,213,159.75,1065,852,1065,639,68.16,0
2010,108,213,159.75,1065,852,1065,639,68.16,0
2010,109,213,159.75,1065,852,1065,639,68.16,0
2010,110,204,153.0,1020,816,1020,612,65.28,0
2010,111,204,153.0,1020,816,1020,612,65.28,0
2010,112,204,153.0,1020,816,1020,612,65.28,0
2010,113,204,153.0,1020,816,1020,612,65.28,0
2010,114,204,153.0,1020,816,1020,612,65.28,0
2010,115,204,153.0,1020,816,1020,612,65.28,0
2010,116,204,153.0,1020,816,1020,612,65.28,0
2010,117,191,143.25,955,764,955,573,61.120000000000005,0
2010,118,191,143.25,955,764,955,573,61.120000000000005,0
2010,119,191,143.25,955,764,955,573,61.120000000000005,0
2010,120,191,143.25,955,764,955,573,61.120000000000005,0
2010,121,191,143.25,955,764,955,573,61.120000000000005,0
2010,122,191,143.25,955,764,955,573,61.120000000000005,0
2010,123,191,143.25,955,764,955,573,61.120000000000005,0
2010,124,179,134.25,895,716,895,537,57.28,0
2010,125,179,134.25,895,716,895,537,57.28,0
2010,126,179,134.25,895,716,895,537,57.28,0
2010,127,179,134.25,895,716,895,537,57.28,0
2010,128,179,134.25,895,716,895,537,57.28,0
2010,129,179,134.25,895,716,895,537,57.28,0
2010,130,179,134.25,895,716,895,537,57.28,0
2010,131,168,126.0,840,672,840,504,53.76,0
2010,132,168,126.0,840,672,840,504,53.76,0
2010,133,168,126.0,840,672,840,504,53.76,0
2010,134,168,126.0,840,672,840,504,53.76,0
2010,135,168,126.0,840,672,840,504,53.76,0
2010,136,168,126.0,840,672,840,504,53.76,0
2010,137,168,126.0,840,672,840,504,53.76,0
2010,138,158,118.5,790,632,790,474,50.56,0
2010,139,158,118.5,790,632,790,474,50.56,0
2010,140,158,118.5,790,632,790,474,50.56,0
2010,141,158,118.5,790,632,790,474,50.56,0
2010,142,158,118.5,790,632,790,474,50.56,0
2010,143,158,118.5,790,632,790,474,50.56,0
2010,144,158,118.5,790,632,790,474,50.56,0
2010,145,148,111.0,740,592,740,444,47.36,0
2010,146,148,111.0,740,592,740,444,47.36,0
2010,147,148,111.0,740,592,740,444,47.36,0
2010,148,148,111.0,740,592,740,444,47.36,0
2010,149,148,111.0,740,592,740,444,47.36,0
2010,150,148,111.0,740,592,740,444,47.36,0
2010,151,148,111.0,740,592,740,444,47.36,0
2010,152,134,100.5,670,536,670,402,42.88,0
2010,153,134,100.5,670,536,670,402,42.88,0
2010,154,134,100.5,670,536,670,402,42.88,0
2010,155,134,100.5,670,536,670,402,42.88,0
2010,156,134,100.5,670,536,670,402,42.88,0
2010,157,134,100.5,670,536,670,402,42.88,0
2010,158,134,100.5,670,536,670,402,42.88,0
2010,159,119,89.25,595,476,595,357,38.08,0
2010,160,119,89.25,595,476,595,357,38.08,0
2010,161,119,89.25,595,476,595,357,38.08,0
2010,162,119,89.25,595,476,595,357,38.08,0
2010,163,119,89.25,595,476,595,357,38.08,0
2010,164,119,89.25,595,476,595,357,38.08,0
2010,165,119,89.25,595,476,595,357,38.08,0
2010,166,106,79.5,530,424,530,318,33.92,0
2010,167,106,79.5,530,424,530,318,33.92,0
2010,168,106,79.5,530,424,530,318,33.92,0
2010,169,106,79.5,530,424,530,318,33.92,0
2010,170,106,79.5,530,424,530,318,33.92,0
2010,171,106,79.5,530,424,530,318,33.92,0
2010,172,106,79.5,530,424,530,318,33.92,0
2010,173,92,69.0,460,368,460,276,29.44,0
2010,174,92,69.0,460,368,460,276,29.44,0
2010,175,92,69.0,460,368,460,276,29.44,0
2010,176,92,69.0,460,368,460,276,29.44,0
2010,177,92,69.0,460,368,460,276,29.44,0
2010,178,92,69.0,460,368,460,276,29.44,0
2010,179,92,69.0,460,368,460,276,29.44,0
2010,180,81,60.75,405,324,405,243,25.92,0
2010,181,81,60.75,405,324,405,243,25.92,0
2010,182,81,60.75,405,324,405,243,25.92,0
2010,183,81,60.75,405,324,405,243,25.92,0
2010,184,81,60.75,405,324,405,243,25.92,0
2010,185,81,60.75,405,324,405,243,25.92,0
2010,186,81,60.75,405,324,405,243,25.92,0
2010,187,69,51.75,345,276,345,207,22.080000000000002,0
2010,188,69,51.75,345,276,345,207,22.080000000000002,0
2010,189,69,51.75,345,276,345,207,22.080000000000002,0
2010,190,69,51.75,345,276,345,207,22.080000000000002,0
2010,191,69,51.75,345,276,345,207,22.080000000000002,0
2010,192,69,51.75,345,276,345,207,22.080000000000002,0
2010,193,69,51.75,345,276,345,207,22.080000000000002,0
2010,194,60,45.0,300,240,300,180,19.2,0
2010,195,60,45.0,300,240,300,180,19.2,0
2010,196,60,45.0,300,240,300,180,19.2,0
2010,197,60,45.0,300,240,300,180,19.2,0
2010,198,60,45.0,300,240,300,180,19.2,0
2010,199,60,45.0,300,240,300,180,19.2,0
2010,200,60,45.0,300,240,300,180,19.2,0
2010,201,52,39.0,260,208,260,156,16.64,0
2010,202,52,39.0,260,208,260,156,16.64,0
2010,203,52,39.0,260,208,260,156,16.64,0
2010,204,52,39.0,260,208,260,156,16.64,0
2010,205,52,39.0,260,208,260,156,16.64,0
2010,206,52,39.0,260,208,260,156,16.64,0
2010,207,52,39.0,260,208,260,156,16.64,0
2010,208,39,29.25,195,156,195,117,12.48,0
2010,209,39,29.25,195,156,195,117,12.48,0
2010,210,39,29.25,195,156,195,117,12.48,0
2010,211,39,29.25,195,156,195,117,12.48,0
2010,212,39,29.25,195,156,195,117,12.48,0
2010,213,39,29.25,195,156,195,117,12.48,0
2010,214,39,29.25,195,156,195,117,12.48,0
2010,215,33,24.75,165,132,165,99,10.56,0
2010,216,33,24.75,165,132,165,99,10.56,0
2010,217,33,24.75,165,132,165,99,10.56,0
2010,218,33,24.75,165,132,165,99,10.56,0
2010,219,33,24.75,165,132,165,99,10.56,0
2010,220,33,24.75,165,132,165,99,10.56,0
2010,221,33,24.75,165,132,165,99,10.56,0
2010,222,23,17.25,115,92,115,69,7.36,0
2010,223,23,17.25,115,92,115,69,7.36,0
2010,224,23,17.25,115,92,115,69,7.36,0
2010,225,23,17.25,115,92,115,69,7.36,0
2010,226,23,17.25,115,92,115,69,7.36,0
2010,227,23,17.25,115,92,115,69,7.36,0
2010,228,23,17.25,115,92,115,69,7.36,0
2010,229,18,13.5,90,72,90,54,5.76,0
2010,230,18,13.5,90,72,90,54,5.76,0
2010,231,18,13.5,90,72,90,54,5.76,0
2010,232,18,13.5,90,72,90,54,5.76,0
2010,233,18,13.5,90,72,90,54,5.76,0
2010,234,18,13.5,90,72,90,54,5.76,0
2010,235,18,13.5,90,72,90,54,5.76,0
2010,236,23,17.25,115,92,115,69,7.36,0
2010,237,23,17.25,115,92,115,69,7.36,0
2010,238,23,17.25,115,92,115,69,7.36,0
2010,239,23,17.25,115,92,115,69,7.36,0
2010,240,23,17.25,115,92,115,69,7.36,0
2010,241,23,17.25,115,92,115,69,7.36,0
2010,242,23,17.25,115,92,115,69,7.36,0
2010,243,31,23.25,155,124,155,93,9.92,0
2010,244,31,23.25,155,124,155,93,9.92,0
2010,245,31,23.25,155,124,155,93,9.92,0
2010,246,31,23.25,155,124,155,93,9.92,0
2010,247,31,23.25,155,124,155,93,9.92,0
2010,248,31,23.25,155,124,155,93,9.92,0
2010,249,31,23.25,155,124,155,93,9.92,0
2010,250,50,37.5,250,200,250,150,16.0,0
2010,251,50,37.5,250,200,250,150,16.0,0
2010,252,50,37.5,250,200,250,150,16.0,0
2010,253,50,37.5,250,200,250,150,16.0,0
2010,254,50,37.5,250,200,250,150,16.0,0
2010,255,50,37.5,250,200,250,150,16.0,0
2010,256,50,37.5,250,200,250,150,16.0,0
2010,257,62,46.5,310,248,310,186,19.84,0
2010,258,62,46.5,310,248,310,186,19.84,0
2010,259,62,46.5,310,248,310,186,19.84,0
2010,260,62,46.5,310,248,310,186,19.84,0
2010,261,62,46.5,310,248,310,186,19.84,0
2010,262,62,46.5,310,248,310,186,19.84,0
2010,263,62,46.5,310,248,310,186,19.84,0
2010,264,76,57.0,380,304,380,228,24.32,0
2010,265,76,57.0,380,304,380,228,24.32,0
2010,266,76,57.0,380,304,380,228,24.32,0
2010,267,76,57.0,380,304,380,228,24.32,0
2010,268,76,57.0,380,304,380,228,24.32,0
2010,269,76,57.0,380,304,380,228,24.32,0
2010,270,76,57.0,380,304,380,228,24.32,0
2010,271,84,63.0,420,336,420,252,26.88,0
2010,272,84,63.0,420,336,420,252,26.88,0
2010,273,84,63.0,420,336,420,252,26.88,0
2010,274,84,63.0,420,336,420,252,26.88,0
2010,275,84,63.0,420,336,420,252,26.88,0
2010,276,84,63.0,420,336,420,252,26.88,0
2010,277,84,63.0,420,336,420,252,26.88,0
2010,278,93,69.75,465,372,465,279,29.76,0
2010,279,93,69.75,465,372,465,279,29.76,0
2010,280,93,69.75,465,372,465,279,29.76,0
2010,281,93,69.75,465,372,465,279,29.76,0
2010,282,93,69.75,465,372,465,279,29.76,0
2010,283,93,69.75,465,372,465,279,29.76,0
2010,284,93,69.75,465,372,465,279,29.76,0
2010,285,107,80.25,535,428,535,321,34.24,0
2010,286,107,80.25,535,428,535,321,34.24,0
2010,287,107,80.25,535,428,535,321,34.24,0
2010,288,107,80.25,535,428,535,321,34.24,0
2010,289,107,80.25,535,428,535,321,34.24,0
2010,290,107,80.25,535,428,535,321,34.24,0
2010,291,107,80.25,535,428,535,321,34.24,0
2010,292,120,90.0,600,480,600,360,38.4,0
2010,293,120,90.0,600,480,600,360,38.4,0
2010,294,120,90.0,600,480,600,360,38.4,0
2010,295,120,90.0,600,480,600,360,38.4,0
2010,296,120,90.0,600,480,600,360,38.4,0
2010,297,120,90.0,600,480,600,360,38.4,0
2010,298,120,90.0,600,480,600,360,38.4,0
2010,299,131,98.25,655,524,655,393,41.92,0
2010,300,131,98.25,655,524,655,393,41.92,0
2010,301,131,98.25,655,524,655,393,41.92,0
2010,302,131,98.25,655,524,655,393,41.92,0
2010,303,131,98.25,655,524,655,393,41.92,0
2010,304,131,98.25,655,524,655,393,41.92,0
2010,305,131,98.25,655,524,655,393,41.92,0
2010,306,143,107.25,715,572,715,429,45.76,0
2010,307,143,107.25,715,572,715,429,45.76,0
2010,308,143,107.25,715,572,715,429,45.76,0
2010,309,143,107.25,715,572,715,429,45.76,0
2010,310,143,107.25,715,572,715,429,45.76,0
2010,311,143,107.25,715,572,715,429,45.76,0
2010,312,143,107.25,715,572,715,429,45.76,0
2010,313,146,109.5,730,584,730,438,46.72,0
2010,314,146,109.5,730,584,730,438,46.72,0
2010,315,146,109.5,730,584,730,438,46.72,0
2010,316,146,109.5,730,584,730,438,46.72,0
2010,317,146,109.5,730,584,730,438,46.72,0
2010,318,146,109.5,730,584,730,438,46.72,0
2010,319,146,109.5,730,584,730,438,46.72,0
2010,320,151,113.25,755,604,755,453,48.32,0
2010,321,151,113.25,755,604,755,453,48.32,0
2010,322,151,113.25,755,604,755,453,48.32,0
2010,323,151,113.25,755,604,755,453,48.32,0
2010,324,151,113.25,755,604,755,453,48.32,0
2010,325,151,113.25,755,604,755,453,48.32,0
2010,326,151,113.25,755,604,755,453,48.32,0
2010,327,157,117.75,785,628,785,471,50.24,0
2010,328,157,117.75,785,628,785,471,50.24,0
2010,329,157,117.75,785,628,785,471,50.24,0
2010,330,157,117.75,785,628,785,471,50.24,0
2010,331,157,117.75,785,628,785,471,50.24,0
2010,332,157,117.75,785,628,785,471,50.24,0
2010,333,157,117.75,785,628,785,471,50.24,0
2010,334,166,124.5,830,664,830,498,53.120000000000005,0
2010,335,166,124.5,830,664,830,498,53.120000000000005,0
2010,336,166,124.5,830,664,830,498,53.120000000000005,0
2010,337,166,124.5,830,664,830,498,53.120000000000005,0
2010,338,166,124.5,830,664,830,498,53.120000000000005,0
2010,339,166,124.5,830,664,830,498,53.120000000000005,0
2010,340,166,124.5,830,664,830,498,53.120000000000005,0
2010,341,171,128.25,855,684,855,513,54.72,0
2010,342,171,128.25,855,684,855,513,54.72,0
2010,343,171,128.25,855,684,855,513,54.72,0
2010,344,171,128.25,855,684,855,513,54.72,0
2010,345,171,128.25,855,684,855,513,54.72,0
2010,346,171,128.25,855,684,855,513,54.72,0
2010,347,171,128.25,855,684,855,513,54.72,0
2010,348,175,131.25,875,700,875,525,56.0,0
2010,349,175,131.25,875,700,875,525,56.0,0
2010,350,175,131.25,875,700,875,525,56.0,0
2010,351,175,131.25,875,700,875,525,56.0,0
2010,352,175,131.25,875,700,875,525,56.0,0
2010,353,175,131.25,875,700,875,525,56.0,0
2010,354,175,131.25,875,700,875,525,56.0,0
2010,355,175,131.25,875,700,875,525,56.0,0
2010,356,175,131.25,875,700,875,525,56.0,0
2010,357,175,131.25,875,700,875,525,56.0,0
2010,358,175,131.25,875,700,875,525,56.0,0
2010,359,175,131.25,875,700,875,525,56.0,0
2010,360,175,131.25,875,700,875,525,56.0,0
2010,361,175,131.25,875,700,875,525,56.0,0
2010,362,179,134.25,895,716,895,537,57.28,0
2010,363,179,134.25,895,716,895,537,57.28,0
2010,364,179,134.25,895,716,895,537,57.28,0
2010,365,179,134.25,895,716,895,537,57.28,0
2011,1,179,134.25,895,716,895,537,57.28,0
2011,2,179,134.25,895,716,895,537,57.28,0
2011,3,179,134.25,895,716,895,537,57.28,0
2011,4,182,136.5,910,728,910,546,58.24,0
2011,5,182,136.5,910,728,910,546,58.24,0
2011,6,182,136.5,910,728,910,546,58.24,0
2011,7,182,136.5,910,728,910,546,58.24,0
2011,8,182,136.5,910,728,910,546,58.24,0
2011,9,182,136.5,910,728,910,546,58.24,0
2011,10,182,136.5,910,728,910,546,58.24,0
2011,11,188,141.0,940,752,940,564,60.160000000000004,0
2011,12,188,141.0,940,752,940,564,60.160000000000004,0
2011,13,188,141.0,940,752,940,564,60.160000000000004,0
2011,14,188,141.0,940,752,940,564,60.160000000000004,0
2011,15,188,141.0,940,752,940,564,60.160000000000004,0
2011,16,188,141.0,940,752,940,564,60.160000000000004,0
2011,17,188,141.0,940,752,940,564,60.160000000000004,0
2011,18,192,144.0,960,768,960,576,61.44,0
2011,19,192,144.0,960,768,960,576,61.44,0
2011,20,192,144.0,960,768,960,576,61.44,0
2011,21,192,144.0,960,768,960,576,61.44,0
2011,22,192,144.0,960,768,960,576,61.44,0
2011,23,192,144.0,960,768,960,576,61.44,0
2011,24,192,144.0,960,768,960,576,61.44,0
2011,25,195,146.25,975,780,975,585,62.4,0
2011,26,195,146.25,975,780,975,585,62.4,0
2011,27,195,146.25,975,780,975,585,62.4,0
2011,28,195,146.25,975,780,975,585,62.4,0
2011,29,195,146.25,975,780,975,585,62.4,0
2011,30,195,146.25,975,780,975,585,62.4,0
2011,31,195,146.25,975,780,975,585,62.4,0
2011,32,197,147.75,985,788,985,591,63.04,0
2011,33,197,147.75,985,788,985,591,63.04,0
2011,34,197,147.75,985,788,985,591,63.04,0
2011,35,197,147.75,985,788,985,591,63.04,0
2011,36,197,147.75,985,788,985,591,63.04,0
2011,37,197,147.75,985,788,985,591,63.04,0
2011,38,197,147.75,985,788,985,591,63.04,0
2011,39,198,148.5,990,792,990,594,63.36,0
2011,40,198,148.5,990,792,990,594,63.36,0
2011,41,198,148.5,990,792,990,594,63.36,0
2011,42,198,148.5,990,792,990,594,63.36,0
2011,43,198,148.5,990,792,990,594,63.36,0
2011,44,198,148.5,990,792,990,594,63.36,0
2011,45,198,148.5,990,792,990,594,63.36,0
2011,46,201,150.75,1005,804,1005,603,64.32000000000001,0
2011,47,201,150.75,1005,804,1005,603,64.32000000000001,0
2011,48,201,150.75,1005,804,1005,603,64.32000000000001,0
2011,49,201,150.75,1005,804,1005,603,64.32000000000001,0
2011,50,201,150.75,1005,804,1005,603,64.32000000000001,0
2011,51,201,150.75,1005,804,1005,603,64.32000000000001,0
2011,52,201,150.75,1005,804,1005,603,64.32000000000001,0
2011,53,204,153.0,1020,816,1020,612,65.28,0
2011,54,204,153.0,1020,816,1020,612,65.28,0
2011,55,204,153.0,1020,816,1020,612,65.28,0
2011,56,204,153.0,1020,816,1020,612,65.28,0
2011,57,204,153.0,1020,816,1020,612,65.28,0
2011,58,204,153.0,1020,816,1020,612,65.28,0
2011,59,204,153.0,1020,816,1020,612,65.28,0
2011,60,204,153.0,1020,816,1020,612,65.28,0
2011,61,204,153.0,1020,816,1020,612,65.28,0
2011,62,204,153.0,1020,816,1020,612,65.28,0
2011,63,204,153.0,1020,816,1020,612,65.28,0
2011,64,204,153.0,1020,816,1020,612,65.28,0
2011,65,204,153.0,1020,816,1020,612,65.28,0
2011,66,204,153.0,1020,816,1020,612,65.28,0
2011,67,205,153.75,1025,820,1025,615,65.6,0
2011,68,205,153.75,1025,820,1025,615,65.6,0
2011,69,205,153.75,1025,820,1025,615,65.6,0
2011,70,205,153.75,1025,820,1025,615,65.6,0
2011,71,205,153.75,1025,820,1025,615,65.6,0
2011,72,205,153.75,1025,820,1025,615,65.6,0
2011,73,205,153.75,1025,820,1025,615,65.6,0
2011,74,206,154.5,1030,824,1030,618,65.92,0
2011,75,206,154.5,1030,824,1030,618,65.92,0
2011,76,206,154.5,1030,824,1030,618,65.92,0
2011,77,206,154.5,1030,824,1030,618,65.92,0
2011,78,206,154.5,1030,824,1030,618,65.92,0
2011,79,206,154.5,1030,824,1030,618,65.92,0
2011,80,206,154.5,1030,824,1030,618,65.92,0
2011,81,206,154.5,1030,824,1030,618,65.92,0
2011,82,206,154.5,1030,824,1030,618,65.92,0
2011,83,206,154.5,1030,824,1030,618,65.92,0
2011,84,206,154.5,1030,824,1030,618,65.92,0
2011,85,206,154.5,1030,824,1030,618,65.92,0
2011,86,206,154.5,1030,824,1030,618,65.92,0
2011,87,206,154.5,1030,824,1030,618,65.92,0
2011,88,209,156.75,1045,836,1045,627,66.88,0
2011,89,209,156.75,1045,836,1045,627,66.88,0
2011,90,209,156.75,1045,836,1045,627,66.88,0
2011,91,209,156.75,1045,836,1045,627,66.88,0
2011,92,209,156.75,1045,836,1045,627,66.88,0
2011,93,209,156.75,1045,836,1045,627,66.88,0
2011,94,209,156.75,1045,836,1045,627,66.88,0
2011,95,210,157.5,1050,840,1050,630,67.2,0
2011,96,210,157.5,1050,840,1050,630,67.2,0
2011,97,210,157.5,1050,840,1050,630,67.2,0
2011,98,210,157.5,1050,840,1050,630,67.2,0
2011,99,210,157.5,1050,840,1050,630,67.2,0
2011,100,210,157.5,1050,840,1050,630,67.2,0
2011,101,210,157.5,1050,840,1050,630,67.2,0
2011,102,211,158.25,1055,844,1055,633,67.52,0
2011,103,211,158.25,1055,844,1055,633,67.52,0
2011,104,211,158.25,1055,844,1055,633,67.52,0
2011,105,211,158.25,1055,844,1055,633,67.52,0
2011,106,211,158.25,1055,844,1055,633,67.52,0
2011,107,211,158.25,1055,844,1055,633,67.52,0
2011,108,211,158.25,1055,844,1055,633,67.52,0
2011,109,211,158.25,1055,844,1055,633,67.52,0
2011,110,211,158.25,1055,844,1055,633,67.52,0
2011,111,211,158.25,1055,844,1055,633,67.52,0
2011,112,211,158.25,1055,844,1055,633,67.52,0
2011,113,211,158.25,1055,844,1055,633,67.52,0
2011,114,211,158.25,1055,844,1055,633,67.52,0
2011,115,211,158.25,1055,844,1055,633,67.52,0
2011,116,211,158.25,1055,844,1055,633,67.52,0
2011,117,211,158.25,1055,844,1055,633,67.52,0
2011,118,211,158.25,1055,844,1055,633,67.52,0
2011,119,211,158.25,1055,844,1055,633,67.52,0
2011,120,211,158.25,1055,844,1055,633,67.52,0
2011,121,211,158.25,1055,844,1055,633,67.52,0
2011,122,211,158.25,1055,844,1055,633,67.52,0
2011,123,212,159.0,1060,848,1060,636,67.84,0
2011,124,212,159.0,1060,848,1060,636,67.84,0
2011,125,212,159.0,1060,848,1060,636,67.84,0
2011,126,212,159.0,1060,848,1060,636,67.84,0
2011,127,212,159.0,1060,848,1060,636,67.84,0
2011,128,212,159.0,1060,848,1060,636,67.84,0
2011,129,212,159.0,1060,848,1060,636,67.84,0
2011,130,212,159.0,1060,848,1060,636,67.84,0
2011,131,212,159.0,1060,848,1060,636,67.84,0
2011,132,212,159.0,1060,848,1060,636,67.84,0
2011,133,212,159.0,1060,848,1060,636,67.84,0
2011,134,212,159.0,1060,848,1060,636,67.84,0
2011,135,212,159.0,1060,848,1060,636,67.84,0
2011,136,212,159.0,1060,848,1060,636,67.84,0
2011,137,212,159.0,1060,848,1060,636,67.84,0
2011,138,212,159.0,1060,848,1060,636,67.84,0
2011,139,212,159.0,1060,848,1060,636,67.84,0
2011,140,212,159.0,1060,848,1060,636,67.84,0
2011,141,212,159.0,1060,848,1060,636,67.84,0
2011,142,212,159.0,1060,848,1060,636,67.84,0
2011,143,212,159.0,1060,848,1060,636,67.84,0
2011,144,212,159.0,1060,848,1060,636,67.84,0
2011,145,212,159.0,1060,848,1060,636,67.84,0
2011,146,212,159.0,1060,848,1060,636,67.84,0
2011,147,212,159.0,1060,848,1060,636,67.84,0
2011,148,212,159.0,1060,848,1060,636,67.84,0
2011,149,212,159.0,1060,848,1060,636,67.84,0
2011,150,212,159.0,1060,848,1060,636,67.84,0
2011,151,212,159.0,1060,848,1060,636,67.84,0
2011,152,212,159.0,1060,848,1060,636,67.84,0
2011,153,212,159.0,1060,848,1060,636,67.84,0
2011,154,212,159.0,1060,848,1060,636,67.84,0
2011,155,212,159.0,1060,848,1060,636,67.84,0
2011,156,212,159.0,1060,848,1060,636,67.84,0
2011,157,212,159.0,1060,848,1060,636,67.84,0
2011,158,212,159.0,1060,848,1060,636,67.84,0
2011,159,212,159.0,1060,848,1060,636,67.84,0
2011,160,212,159.0,1060,848,1060,636,67.84,0
2011,161,212,159.0,1060,848,1060,636,67.84,0
2011,162,212,159.0,1060,848,1060,636,67.84,0
2011,163,212,159.0,1060,848,1060,636,67.84,0
2011,164,212,159.0,1060,848,1060,636,67.84,0
2011,165,208,156.0,1040,832,1040,624,66.56,0
2011,166,208,156.0,1040,832,1040,624,66.56,0
2011,167,208,156.0,1040,832,1040,624,66.56,0
2011,168,208,156.0,1040,832,1040,624,66.56,0
2011,169,208,156.0,1040,832,1040,624,66.56,0
2011,170,208,156.0,1040,832,1040,624,66.56,0
2011,171,208,156.0,1040,832,1040,624,66.56,0
2011,172,197,147.75,985,788,985,591,63.04,0
2011,173,197,147.75,985,788,985,591,63.04,0
2011,174,197,147.75,985,788,985,591,63.04,0
2011,175,197,147.75,985,788,985,591,63.04,0
2011,176,197,147.75,985,788,985,591,63.04,0
2011,177,197,147.75,985,788,985,591,63.04,0
2011,178,197,147.75,985,788,985,591,63.04,0
2011,179,182,136.5,910,728,910,546,58.24,0
2011,180,182,136.5,910,728,910,546,58.24,0
2011,181,182,136.5,910,728,910,546,58.24,0
2011,182,182,136.5,910,728,910,546,58.24,0
2011,183,182,136.5,910,728,910,546,58.24,0
2011,184,182,136.5,910,728,910,546,58.24,0
2011,185,182,136.5,910,728,910,546,58.24,0
2011,186,162,121.5,810,648,810,486,51.84,0
2011,187,162,121.5,810,648,810,486,51.84,0
2011,188,162,121.5,810,648,810,486,51.84,0
2011,189,162,121.5,810,648,810,486,51.84,0
2011,190,162,121.5,810,648,810,486,51.84,0
2011,191,162,121.5,810,648,810,486,51.84,0
2011,192,162,121.5,810,648,810,486,51.84,0
2011,193,149,111.75,745,596,745,447,47.68,0
2011,194,149,111.75,745,596,745,447,47.68,0
2011,195,149,111.75,745,596,745,447,47.68,0
2011,196,149,111.75,745,596,745,447,47.68,0
2011,197,149,111.75,745,596,745,447,47.68,0
2011,198,149,111.75,745,596,745,447,47.68,0
2011,199,149,111.75,745,596,745,447,47.68,0
2011,200,136,102.0,680,544,680,408,43.52,0
2011,201,136,102.0,680,544,680,408,43.52,0
2011,202,136,102.0,680,544,680,408,43.52,0
2011,203,136,102.0,680,544,680,408,43.52,0
2011,204,136,102.0,680,544,680,408,43.52,0
2011,205,136,102.0,680,544,680,408,43.52,0
2011,206,136,102.0,680,544,680,408,43.52,0
2011,207,128,96.0,640,512,640,384,40.96,0
2011,208,128,96.0,640,512,640,384,40.96,0
2011,209,128,96.0,640,512,640,384,40.96,0
2011,210,128,96.0,640,512,640,384,40.96,0
2011,211,128,96.0,640,512,640,384,40.96,0
2011,212,128,96.0,640,512,640,384,40.96,0
2011,213,128,96.0,640,512,640,384,40.96,0
2011,214,119,89.25,595,476,595,357,38.08,0
2011,215,119,89.25,595,476,595,357,38.08,0
2011,216,119,89.25,595,476,595,357,38.08,0
2011,217,119,89.25,595,476,595,357,38.08,0
2011,218,119,89.25,595,476,595,357,38.08,0
2011,219,119,89.25,595,476,595,357,38.08,0
2011,220,119,89.25,595,476,595,357,38.08,0
2011,221,106,79.5,530,424,530,318,33.92,0
2011,222,106,79.5,530,424,530,318,33.92,0
2011,223,106,79.5,530,424,530,318,33.92,0
2011,224,106,79.5,530,424,530,318,33.92,0
2011,225,106,79.5,530,424,530,318,33.92,0
2011,226,106,79.5,530,424,530,318,33.92,0
2011,227,106,79.5,530,424,530,318,33.92,0
2011,228,93,69.75,465,372,465,279,29.76,0
2011,229,93,69.75,465,372,465,279,29.76,0
2011,230,93,69.75,465,372,465,279,29.76,0
2011,231,93,69.75,465,372,465,279,29.76,0
2011,232,93,69.75,465,372,465,279,29.76,0
2011,233,93,69.75,465,372,465,279,29.76,0
2011,234,93,69.75,465,372,465,279,29.76,0
2011,235,86,64.5,430,344,430,258,27.52,0
2011,236,86,64.5,430,344,430,258,27.52,0
2011,237,86,64.5,430,344,430,258,27.52,0
2011,238,86,64.5,430,344,430,258,27.52,0
2011,239,86,64.5,430,344,430,258,27.52,0
2011,240,86,64.5,430,344,430,258,27.52,0
2011,241,86,64.5,430,344,430,258,27.52,0
2011,242,80,60.0,400,320,400,240,25.6,0
2011,243,80,60.0,400,320,400,240,25.6,0
2011,244,80,60.0,400,320,400,240,25.6,0
2011,245,80,60.0,400,320,400,240,25.6,0
2011,246,80,60.0,400,320,400,240,25.6,0
2011,247,80,60.0,400,320,400,240,25.6,0
2011,248,80,60.0,400,320,400,240,25.6,0
2011,249,84,63.0,420,336,420,252,26.88,0
2011,250,84,63.0,420,336,420,252,26.88,0
2011,251,84,63.0,420,336,420,252,26.88,0
2011,252,84,63.0,420,336,420,252,26.88,0
2011,253,84,63.0,420,336,420,252,26.88,0
2011,254,84,63.0,420,336,420,252,26.88,0
2011,255,84,63.0,420,336,420,252,26.88,0
2011,256,83,62.25,415,332,415,249,26.560000000000002,0
2011,257,83,62.25,415,332,415,249,26.560000000000002,0
2011,258,83,62.25,415,332,415,249,26.560000000000002,0
2011,259,83,62.25,415,332,415,249,26.560000000000002,0
2011,260,83,62.25,415,332,415,249,26.560000000000002,0
2011,261,83,62.25,415,332,415,249,26.560000000000002,0
2011,262,83,62.25,415,332,415,249,26.560000000000002,0
2011,263,79,59.25,395,316,395,237,25.28,0
2011,264,79,59.25,395,316,395,237,25.28,0
2011,265,79,59.25,395,316,395,237,25.28,0
2011,266,79,59.25,395,316,395,237,25.28,0
2011,267,79,59.25,395,316,395,237,25.28,0
2011,268,79,59.25,395,316,395,237,25.28,0
2011,269,79,59.25,395,316,395,237,25.28,0
2011,270,77,57.75,385,308,385,231,24.64,0
2011,271,77,57.75,385,308,385,231,24.64,0
2011,272,77,57.75,385,308,385,231,24.64,0
2011,273,77,57.75,385,308,385,231,24.64,0
2011,274,77,57.75,385,308,385,231,24.64,0
2011,275,77,57.75,385,308,385,231,24.64,0
2011,276,77,57.75,385,308,385,231,24.64,0
2011,277,78,58.5,390,312,390,234,24.96,0
2011,278,78,58.5,390,312,390,234,24.96,0
2011,279,78,58.5,390,312,390,234,24.96,0
2011,280,78,58.5,390,312,390,234,24.96,0
2011,281,78,58.5,390,312,390,234,24.96,0
2011,282,78,58.5,390,312,390,234,24.96,0
2011,283,78,58.5,390,312,390,234,24.96,0
2011,284,80,60.0,400,320,400,240,25.6,0
2011,285,80,60.0,400,320,400,240,25.6,0
2011,286,80,60.0,400,320,400,240,25.6,0
2011,287,80,60.0,400,320,400,240,25.6,0
2011,288,80,60.0,400,320,400,240,25.6,0
2011,289,80,60.0,400,320,400,240,25.6,0
2011,290,80,60.0,400,320,400,240,25.6,0
2011,291,85,63.75,425,340,425,255,27.2,0
2011,292,85,63.75,425,340,425,255,27.2,0
2011,293,85,63.75,425,340,425,255,27.2,0
2011,294,85,63.75,425,340,425,255,27.2,0
2011,295,85,63.75,425,340,425,255,27.2,0
2011,296,85,63.75,425,340,425,255,27.2,0
2011,297,85,63.75,425,340,425,255,27.2,0
2011,298,87,65.25,435,348,435,261,27.84,0
2011,299,87,65.25,435,348,435,261,27.84,0
2011,300,87,65.25,435,348,435,261,27.84,0
2011,301,87,65.25,435,348,435,261,27.84,0
2011,302,87,65.25,435,348,435,261,27.84,0
2011,303,87,65.25,435,348,435,261,27.84,0
2011,304,87,65.25,435,348,435,261,27.84,0
2011,305,88,66.0,440,352,440,264,28.16,0
2011,306,88,66.0,440,352,440,264,28.16,0
2011,307,88,66.0,440,352,440,264,28.16,0
2011,308,88,66.0,440,352,440,264,28.16,0
2011,309,88,66.0,440,352,440,264,28.16,0
2011,310,88,66.0,440,352,440,264,28.16,0
2011,311,88,66.0,440,352,440,264,28.16,0
2011,312,87,65.25,435,348,435,261,27.84,0
2011,313,87,65.25,435,348,435,261,27.84,0
2011,314,87,65.25,435,348,435,261,27.84,0
2011,315,87,65.25,435,348,435,261,27.84,0
2011,316,87,65.25,435,348,435,261,27.84,0
2011,317,87,65.25,435,348,435,261,27.84,0
2011,318,87,65.25,435,348,435,261,27.84,0
2011,319,85,63.75,425,340,425,255,27.2,0
2011,320,85,63.75,425,340,425,255,27.2,0
2011,321,85,63.75,425,340,425,255,27.2,0
2011,322,85,63.75,425,340,425,255,27.2,0
2011,323,85,63.75,425,340,425,255,27.2,0
2011,324,85,63.75,425,340,425,255,27.2,0
2011,325,85,63.75,425,340,425,255,27.2,0
2011,326,87,65.25,435,348,435,261,27.84,0
2011,327,87,65.25,435,348,435,261,27.84,0
2011,328,87,65.25,435,348,435,261,27.84,0
2011,329,87,65.25,435,348,435,261,27.84,0
2011,330,87,65.25,435,348,435,261,27.84,0
2011,331,87,65.25,435,348,435,261,27.84,0
2011,332,87,65.25,435,348,435,261,27.84,0
2011,333,91,68.25,455,364,455,273,29.12,0
2011,334,91,68.25,455,364,455,273,29.12,0
2011,335,91,68.25,455,364,455,273,29.12,0
2011,336,91,68.25,455,364,455,273,29.12,0
2011,337,91,68.25,455,364,455,273,29.12,0
2011,338,91,68.25,455,364,455,273,29.12,0
2011,339,91,68.25,455,364,455,273,29.12,0
2011,340,98,73.5,490,392,490,294,31.36,0
2011,341,98,73.5,490,392,490,294,31.36,0
2011,342,98,73.5,490,392,490,294,31.36,0
2011,343,98,73.5,490,392,490,294,31.36,0
2011,344,98,73.5,490,392,490,294,31.36,0
2011,345,98,73.5,490,392,490,294,31.36,0
2011,346,98,73.5,490,392,490,294,31.36,0
2011,347,97,72.75,485,388,485,291,31.04,0
2011,348,97,72.75,485,388,485,291,31.04,0
2011,349,97,72.75,485,388,485,291,31.04,0
2011,350,97,72.75,485,388,485,291,31.04,0
2011,351,97,72.75,485,388,485,291,31.04,0
2011,352,97,72.75,485,388,485,291,31.04,0
2011,353,97,72.75,485,388,485,291,31.04,0
2011,354,97,72.75,485,388,485,291,31.04,0
2011,355,97,72.75,485,388,485,291,31.04,0
2011,356,97,72.75,485,388,485,291,31.04,0
2011,357,97,72.75,485,388,485,291,31.04,0
2011,358,97,72.75,485,388,485,291,31.04,0
2011,359,97,72.75,485,388,485,291,31.04,0
2011,360,97,72.75,485,388,485,291,31.04,0
2011,361,98,73.5,490,392,490,294,31.36,0
2011,362,98,73.5,490,392,490,294,31.36,0
2011,363,98,73.5,490,392,490,294,31.36,0
2011,364,98,73.5,490,392,490,294,31.36,0
2011,365,98,73.5,490,392,490,294,31.36,0
2012,1,98,73.5,490,392,490,294,31.36,0
2012,2,98,73.5,490,392,490,294,31.36,0
2012,3,102,76.5,510,408,510,306,32.64,0
2012,4,102,76.5,510,408,510,306,32.64,0
2012,5,102,76.5,510,408,510,306,32.64,0
2012,6,102,76.5,510,408,510,306,32.64,0
2012,7,102,76.5,510,408,510,306,32.64,0
2012,8,102,76.5,510,408,510,306,32.64,0
2012,9,102,76.5,510,408,510,306,32.64,0
2012,10,105,78.75,525,420,525,315,33.6,0
2012,11,105,78.75,525,420,525,315,33.6,0
2012,12,105,78.75,525,420,525,315,33.6,0
2012,13,105,78.75,525,420,525,315,33.6,0
2012,14,105,78.75,525,420,525,315,33.6,0
2012,15,105,78.75,525,420,525,315,33.6,0
2012,16,105,78.75,525,420,525,315,33.6,0
2012,17,110,82.5,550,440,550,330,35.2,0
2012,18,110,82.5,550,440,550,330,35.2,0
2012,19,110,82.5,550,440,550,330,35.2,0
2012,20,110,82.5,550,440,550,330,35.2,0
2012,21,110,82.5,550,440,550,330,35.2,0
2012,22,110,82.5,550,440,550,330,35.2,0
2012,23,110,82.5,550,440,550,330,35.2,0
2012,24,108,81.0,540,432,540,324,34.56,0
2012,25,108,81.0,540,432,540,324,34.56,0
2012,26,108,81.0,540,432,540,324,34.56,0
2012,27,108,81.0,540,432,540,324,34.56,0
2012,28,108,81.0,540,432,540,324,34.56,0
2012,29,108,81.0,540,432,540,324,34.56,0
2012,30,108,81.0,540,432,540,324,34.56,0
2012,31,110,82.5,550,440,550,330,35.2,0
2012,32,110,82.5,550,440,550,330,35.2,0
2012,33,110,82.5,550,440,550,330,35.2,0
2012,34,110,82.5,550,440,550,330,35.2,0
2012,35,110,82.5,550,440,550,330,35.2,0
2012,36,110,82.5,550,440,550,330,35.2,0
2012,37,110,82.5,550,440,550,330,35.2,0
2012,38,111,83.25,555,444,555,333,35.52,0
2012,39,111,83.25,555,444,555,333,35.52,0
2012,40,111,83.25,555,444,555,333,35.52,0
2012,41,111,83.25,555,444,555,333,35.52,0
2012,42,111,83.25,555,444,555,333,35.52,0
2012,43,111,83.25,555,444,555,333,35.52,0
2012,44,111,83.25,555,444,555,333,35.52,0
2012,45,116,87.0,580,464,580,348,37.12,0
2012,46,116,87.0,580,464,580,348,37.12,0
2012,47,116,87.0,580,464,580,348,37.12,0
2012,48,116,87.0,580,464,580,348,37.12,0
2012,49,116,87.0,580,464,580,348,37.12,0
2012,50,116,87.0,580,464,580,348,37.12,0
2012,51,116,87.0,580,464,580,348,37.12,0
2012,52,119,89.25,595,476,595,357,38.08,0
2012,53,119,89.25,595,476,595,357,38.08,0
2012,54,119,89.25,595,476,595,357,38.08,0
2012,55,119,89.25,595,476,595,357,38.08,0
2012,56,119,89.25,595,476,595,357,38.08,0
2012,57,119,89.25,595,476,595,357,38.08,0
2012,58,119,89.25,595,476,595,357,38.08,0
2012,59,121,90.75,605,484,605,363,38.72,0
2012,60,121,90.75,605,484,605,363,38.72,0
2012,61,121,90.75,605,484,605,363,38.72,0
2012,62,121,90.75,605,484,605,363,38.72,0
2012,63,121,90.75,605,484,605,363,38.72,0
2012,64,121,90.75,605,484,605,363,38.72,0
2012,65,121,90.75,605,484,605,363,38.72,0
2012,66,123,92.25,615,492,615,369,39.36,0
2012,67,123,92.25,615,492,615,369,39.36,0
2012,68,123,92.25,615,492,615,369,39.36,0
2012,69,123,92.25,615,492,615,369,39.36,0
2012,70,123,92.25,615,492,615,369,39.36,0
2012,71,123,92.25,615,492,615,369,39.36,0
2012,72,123,92.25,615,492,615,369,39.36,0
2012,73,123,92.25,615,492,615,369,39.36,0
2012,74,123,92.25,615,492,615,369,39.36,0
2012,75,123,92.25,615,492,615,369,39.36,0
2012,76,123,92.25,615,492,615,369,39.36,0
2012,77,123,92.25,615,492,615,369,39.36,0
2012,78,123,92.25,615,492,615,369,39.36,0
2012,79,123,92.25,615,492,615,369,39.36,0
2012,80,127,95.25,635,508,635,381,40.64,0
2012,81,127,95.25,635,508,635,381,40.64,0
2012,82,127,95.25,635,508,635,381,40.64,0
2012,83,127,95.25,635,508,635,381,40.64,0
2012,84,127,95.25,635,508,635,381,40.64,0
2012,85,127,95.25,635,508,635,381,40.64,0
2012,86,127,95.25,635,508,635,381,40.64,0
2012,87,129,96.75,645,516,645,387,41.28,0
2012,88,129,96.75,645,516,645,387,41.28,0
2012,89,129,96.75,645,516,645,387,41.28,0
2012,90,129,96.75,645,516,645,387,41.28,0
2012,91,129,96.75,645,516,645,387,41.28,0
2012,92,129,96.75,645,516,645,387,41.28,0
2012,93,129,96.75,645,516,645,387,41.28,0
2012,94,130,97.5,650,520,650,390,41.6,0
2012,95,130,97.5,650,520,650,390,41.6,0
2012,96,130,97.5,650,520,650,390,41.6,0
2012,97,130,97.5,650,520,650,390,41.6,0
2012,98,130,97.5,650,520,650,390,41.6,0
2012,99,130,97.5,650,520,650,390,41.6,0
2012,100,130,97.5,650,520,650,390,41.6,0
2012,101,131,98.25,655,524,655,393,41.92,0
2012,102,131,98.25,655,524,655,393,41.92,0
2012,103,131,98.25,655,524,655,393,41.92,0
2012,104,131,98.25,655,524,655,393,41.92,0
2012,105,131,98.25,655,524,655,393,41.92,0
2012,106,131,98.25,655,524,655,393,41.92,0
2012,107,131,98.25,655,524,655,393,41.92,0
2012,108,132,99.0,660,528,660,396,42.24,0
2012,109,132,99.0,660,528,660,396,42.24,0
2012,110,132,99.0,660,528,660,396,42.24,0
2012,111,132,99.0,660,528,660,396,42.24,0
2012,112,132,99.0,660,528,660,396,42.24,0
2012,113,132,99.0,660,528,660,396,42.24,0
2012,114,132,99.0,660,528,660,396,42.24,0
2012,115,134,100.5,670,536,670,402,42.88,0
2012,116,134,100.5,670,536,670,402,42.88,0
2012,117,134,100.5,670,536,670,402,42.88,0
2012,118,134,100.5,670,536,670,402,42.88,0
2012,119,134,100.5,670,536,670,402,42.88,0
2012,120,134,100.5,670,536,670,402,42.88,0
2012,121,134,100.5,670,536,670,402,42.88,0
2012,122,135,101.25,675,540,675,405,43.2,0
2012,123,135,101.25,675,540,675,405,43.2,0
2012,124,135,101.25,675,540,675,405,43.2,0
2012,125,135,101.25,675,540,675,405,43.2,0
2012,126,135,101.25,675,540,675,405,43.2,0
2012,127,135,101.25,675,540,675,405,43.2,0
2012,128,135,101.25,675,540,675,405,43.2,0
2012,129,136,102.0,680,544,680,408,43.52,0
2012,130,136,102.0,680,544,680,408,43.52,0
2012,131,136,102.0,680,544,680,408,43.52,0
2012,132,136,102.0,680,544,680,408,43.52,0
2012,133,136,102.0,680,544,680,408,43.52,0
2012,134,136,102.0,680,544,680,408,43.52,0
2012,135,136,102.0,680,544,680,408,43.52,0
2012,136,136,102.0,680,544,680,408,43.52,0
2012,137,136,102.0,680,544,680,408,43.52,0
2012,138,136,102.0,680,544,680,408,43.52,0
2012,139,136,102.0,680,544,680,408,43.52,0
2012,140,136,102.0,680,544,680,408,43.52,0
2012,141,136,102.0,680,544,680,408,43.52,0
2012,142,136,102.0,680,544,680,408,43.52,0
2012,143,136,102.0,680,544,680,408,43.52,0
2012,144,136,102.0,680,544,680,408,43.52,0
2012,145,136,102.0,680,544,680,408,43.52,0
2012,146,136,102.0,680,544,680,408,43.52,0
2012,147,136,102.0,680,544,680,408,43.52,0
2012,148,136,102.0,680,544,680,408,43.52,0
2012,149,136,102.0,680,544,680,408,43.52,0
2012,150,137,102.75,685,548,685,411,43.84,0
2012,151,137,102.75,685,548,685,411,43.84,0
2012,152,137,102.75,685,548,685,411,43.84,0
2012,153,137,102.75,685,548,685,411,43.84,0
2012,154,137,102.75,685,548,685,411,43.84,0
2012,155,137,102.75,685,548,685,411,43.84,0
2012,156,137,102.75,685,548,685,411,43.84,0
2012,157,137,102.75,685,548,685,411,43.84,0
2012,158,137,102.75,685,548,685,411,43.84,0
2012,159,137,102.75,685,548,685,411,43.84,0
2012,160,137,102.75,685,548,685,411,43.84,0
2012,161,137,102.75,685,548,685,411,43.84,0
2012,162,137,102.75,685,548,685,411,43.84,0
2012,163,137,102.75,685,548,685,411,43.84,0
2012,164,137,102.75,685,548,685,411,43.84,0
2012,165,137,102.75,685,548,685,411,43.84,0
2012,166,137,102.75,685,548,685,411,43.84,0
2012,167,137,102.75,685,548,685,411,43.84,0
2012,168,137,102.75,685,548,685,411,43.84,0
2012,169,137,102.75,685,548,685,411,43.84,0
2012,170,137,102.75,685,548,685,411,43.84,0
2012,171,132,99.0,660,528,660,396,42.24,0
2012,172,132,99.0,660,528,660,396,42.24,0
2012,173,132,99.0,660,528,660,396,42.24,0
2012,174,132,99.0,660,528,660,396,42.24,0
2012,175,132,99.0,660,528,660,396,42.24,0
2012,176,132,99.0,660,528,660,396,42.24,0
2012,177,132,99.0,660,528,660,396,42.24,0
2012,178,128,96.0,640,512,640,384,40.96,0
2012,179,128,96.0,640,512,640,384,40.96,0
2012,180,128,96.0,640,512,640,384,40.96,0
2012,181,128,96.0,640,512,640,384,40.96,0
2012,182,128,96.0,640,512,640,384,40.96,0
2012,183,128,96.0,640,512,640,384,40.96,0
2012,184,128,96.0,640,512,640,384,40.96,0
2012,185,120,90.0,600,480,600,360,38.4,0
2012,186,120,90.0,600,480,600,360,38.4,0
2012,187,120,90.0,600,480,600,360,38.4,0
2012,188,120,90.0,600,480,600,360,38.4,0
2012,189,120,90.0,600,480,600,360,38.4,0
2012,190,120,90.0,600,480,600,360,38.4,0
2012,191,120,90.0,600,480,600,360,38.4,0
2012,192,117,87.75,585,468,585,351,37.44,0
2012,193,117,87.75,585,468,585,351,37.44,0
2012,194,117,87.75,585,468,585,351,37.44,0
2012,195,117,87.75,585,468,585,351,37.44,0
2012,196,117,87.75,585,468,585,351,37.44,0
2012,197,117,87.75,585,468,585,351,37.44,0
2012,198,117,87.75,585,468,585,351,37.44,0
2012,199,115,86.25,575,460,575,345,36.800000000000004,0
2012,200,115,86.25,575,460,575,345,36.800000000000004,0
2012,201,115,86.25,575,460,575,345,36.800000000000004,0
2012,202,115,86.25,575,460,575,345,36.800000000000004,0
2012,203,115,86.25,575,460,575,345,36.800000000000004,0
2012,204,115,86.25,575,460,575,345,36.800000000000004,0
2012,205,115,86.25,575,460,575,345,36.800000000000004,0
2012,206,108,81.0,540,432,540,324,34.56,0
2012,207,108,81.0,540,432,540,324,34.56,0
2012,208,108,81.0,540,432,540,324,34.56,0
2012,209,108,81.0,540,432,540,324,34.56,0
2012,210,108,81.0,540,432,540,324,34.56,0
2012,211,108,81.0,540,432,540,324,34.56,0
2012,212,108,81.0,540,432,540,324,34.56,0
2012,213,102,76.5,510,408,510,306,32.64,0
2012,214,102,76.5,510,408,510,306,32.64,0
2012,215,102,76.5,510,408,510,306,32.64,0
2012,216,102,76.5,510,408,510,306,32.64,0
2012,217,102,76.5,510,408,510,306,32.64,0
2012,218,102,76.5,510,408,510,306,32.64,0
2012,219,102,76.5,510,408,510,306,32.64,0
2012,220,97,72.75,485,388,485,291,31.04,0
2012,221,97,72.75,485,388,485,291,31.04,0
2012,222,97,72.75,485,388,485,291,31.04,0
2012,223,97,72.75,485,388,485,291,31.04,0
2012,224,97,72.75,485,388,485,291,31.04,0
2012,225,97,72.75,485,388,485,291,31.04,0
2012,226,97,72.75,485,388,485,291,31.04,0
2012,227,93,69.75,465,372,465,279,29.76,0
2012,228,93,69.75,465,372,465,279,29.76,0
2012,229,93,69.75,465,372,465,279,29.76,0
2012,230,93,69.75,465,372,465,279,29.76,0
2012,231,93,69.75,465,372,465,279,29.76,0
2012,232,93,69.75,465,372,465,279,29.76,0
2012,233,93,69.75,465,372,465,279,29.76,0
2012,234,88,66.0,440,352,440,264,28.16,0
2012,235,88,66.0,440,352,440,264,28.16,0
2012,236,88,66.0,440,352,440,264,28.16,0
2012,237,88,66.0,440,352,440,264,28.16,0
2012,238,88,66.0,440,352,440,264,28.16,0
2012,239,88,66.0,440,352,440,264,28.16,0
2012,240,88,66.0,440,352,440,264,28.16,0
2012,241,86,64.5,430,344,430,258,27.52,0
2012,242,86,64.5,430,344,430,258,27.52,0
2012,243,86,64.5,430,344,430,258,27.52,0
2012,244,86,64.5,430,344,430,258,27.52,0
2012,245,86,64.5,430,344,430,258,27.52,0
2012,246,86,64.5,430,344,430,258,27.52,0
