year,j_day,fr_PHU,biomass,LAI_actual,Bio_N,Bio_P,rooting_depth,yield_actual,HI_act
,,%,kg ha^-1,m^2/m^2,kg N ha^-1,kg P ha^-1,mm,kg ha^-1,dmnl
2009,244,0.0,0,0,0,0,0,0,0
2009,245,0.0,0,0,0,0,0,0,0
2009,246,0.0,0,0,0,0,0,0,0
2009,247,0.0,0,0,0,0,0,0,0
2009,248,0.0,0,0,0,0,0,0,0
2009,249,0.0,0,0,0,0,0,0,0
2009,250,0.0,0,0,0,0,0,0,0
2009,251,0.0,0,0,0,0,0,0,0
2009,252,0.0,0,0,0,0,0,0,0
2009,253,0.0,0,0,0,0,0,0,0
2009,254,0.0,0,0,0,0,0,0,0
2009,255,0.0,0,0,0,0,0,0,0
2009,256,0.0,0,0,0,0,0,0,0
2009,257,0.0,0,0,0,0,0,0,0
2009,258,0.0,0,0,0,0,0,0,0
2009,259,0.0,0,0,0,0,0,0,0
2009,260,0.0,0,0,0,0,0,0,0
2009,261,0.0,0,0,0,0,0,0,0
2009,262,0.0,0,0,0,0,0,0,0
2009,263,0.0,0,0,0,0,0,0,0
2009,264,0.0,0,0,0,0,0,0,0
2009,265,0.0,0,0,0,0,0,0,0
2009,266,0.0,0,0,0,0,0,0,0
2009,267,0.0,0,0,0,0,0,0,0
2009,268,0.0,0,0,0,0,0,0,0
2009,269,0.0,0,0,0,0,0,0,0
2009,270,0.0,0,0,0,0,0,0,0
2009,271,0.0,0,0,0,0,0,0,0
2009,272,0.0,0,0,0,0,0,0,0
2009,273,0.0,0,0,0,0,0,0,0
2009,274,0.0,0,0,0,0,0,0,0
2009,275,0.0,0,0,0,0,0,0,0
2009,276,0.0,0,0,0,0,0,0,0
2009,277,0.0,0,0,0,0,0,0,0
2009,278,0.0,0,0,0,0,0,0,0
2009,279,0.0,0,0,0,0,0,0,0
2009,280,0.0,0,0,0,0,0,0,0
2009,281,0.0,0,0,0,0,0,0,0
2009,282,0.0,0,0,0,0,0,0,0
2009,283,0.0,0,0,0,0,0,0,0
2009,284,0.0,0,0,0,0,0,0,0
2009,285,0.0,0,0,0,0,0,0,0
2009,286,0.0,0,0,0,0,0,0,0
2009,287,0.0,0,0,0,0,0,0,0
2009,288,0.0,0,0,0,0,0,0,0
2009,289,0.0,0,0,0,0,0,0,0
2009,290,0.0,0,0,0,0,0,0,0
2009,291,0.0,0,0,0,0,0,0,0
2009,292,0.0,0,0,0,0,0,0,0
2009,293,0.0,0,0,0,0,0,0,0
2009,294,0.0,0,0,0,0,0,0,0
2009,295,0.0,0,0,0,0,0,0,0
2009,296,0.0,0,0,0,0,0,0,0
2009,297,0.0,0,0,0,0,0,0,0
2009,298,0.0,0,0,0,0,0,0,0
2009,299,0.0,0,0,0,0,0,0,0
2009,300,0.0,0,0,0,0,0,0,0
2009,301,0.0,0,0,0,0,0,0,0
2009,302,0.0,0,0,0,0,0,0,0
2009,303,0.0,0,0,0,0,0,0,0
2009,304,0.0,0,0,0,0,0,0,0
2009,305,0.0,0,0,0,0,0,0,0
2009,306,0.0,0,0,0,0,0,0,0
2009,307,0.0,0,0,0,0,0,0,0
2009,308,0.0,0,0,0,0,0,0,0
2009,309,0.0,0,0,0,0,0,0,0
2009,310,0.0,0,0,0,0,0,0,0
2009,311,0.0,0,0,0,0,0,0,0
2009,312,0.0,0,0,0,0,0,0,0
2009,313,0.0,0,0,0,0,0,0,0
2009,314,0.0,0,0,0,0,0,0,0
2009,315,0.0,0,0,0,0,0,0,0
2009,316,0.0,0,0,0,0,0,0,0
2009,317,0.0,0,0,0,0,0,0,0
2009,318,0.0,0,0,0,0,0,0,0
2009,319,0.0,0,0,0,0,0,0,0
2009,320,0.0,0,0,0,0,0,0,0
2009,321,0.0,0,0,0,0,0,0,0
2009,322,0.0,0,0,0,0,0,0,0
2009,323,0.0,0,0,0,0,0,0,0
2009,324,0.0,0,0,0,0,0,0,0
2009,325,0.0,0,0,0,0,0,0,0
2009,326,0.0,0,0,0,0,0,0,0
2009,327,0.0,0,0,0,0,0,0,0
2009,328,0.0,0,0,0,0,0,0,0
2009,329,0.0,0,0,0,0,0,0,0
2009,330,0.0,0,0,0,0,0,0,0
2009,331,0.0,0,0,0,0,0,0,0
2009,332,0.0,0,0,0,0,0,0,0
2009,333,0.0,0,0,0,0,0,0,0
2009,334,0.0,0,0,0,0,0,0,0
2009,335,0.0,0,0,0,0,0,0,0
2009,336,0.0,0,0,0,0,0,0,0
2009,337,0.0,0,0,0,0,0,0,0
2009,338,0.0,0,0,0,0,0,0,0
2009,339,0.0,0,0,0,0,0,0,0
2009,340,0.0,0,0,0,0,0,0,0
2009,341,0.0,0,0,0,0,0,0,0
2009,342,0.0,0,0,0,0,0,0,0
2009,343,0.0,0,0,0,0,0,0,0
2009,344,0.0,0,0,0,0,0,0,0
2009,345,0.0,0,0,0,0,0,0,0
2009,346,0.0,0,0,0,0,0,0,0
2009,347,0.0,0,0,0,0,0,0,0
2009,348,0.0,0,0,0,0,0,0,0
2009,349,0.0,0,0,0,0,0,0,0
2009,350,0.0,0,0,0,0,0,0,0
2009,351,0.0,0,0,0,0,0,0,0
2009,352,0.0,0,0,0,0,0,0,0
2009,353,0.0,0,0,0,0,0,0,0
2009,354,0.0,0,0,0,0,0,0,0
2009,355,0.0,0,0,0,0,0,0,0
2009,356,0.0,0,0,0,0,0,0,0
2009,357,0.0,0,0,0,0,0,0,0
2009,358,0.0,0,0,0,0,0,0,0
2009,359,0.0,0,0,0,0,0,0,0
2009,360,0.0,0,0,0,0,0,0,0
2009,361,0.0,0,0,0,0,0,0,0
2009,362,0.0,0,0,0,0,0,0,0
2009,363,0.0,0,0,0,0,0,0,0
2009,364,0.0,0,0,0,0,0,0,0
2009,365,0.0,0,0,0,0,0,0,0
2010,1,0.0,0,0,0,0,0,0,0
2010,2,0.0,0,0,0,0,0,0,0
2010,3,0.0,0,0,0,0,0,0,0
2010,4,0.0,0,0,0,0,0,0,0
2010,5,0.0,0,0,0,0,0,0,0
2010,6,0.0,0,0,0,0,0,0,0
2010,7,0.0,0,0,0,0,0,0,0
2010,8,0.0,0,0,0,0,0,0,0
2010,9,0.0,0,0,0,0,0,0,0
2010,10,0.0,0,0,0,0,0,0,0
2010,11,0.0,0,0,0,0,0,0,0
2010,12,0.0,0,0,0,0,0,0,0
2010,13,0.0,0,0,0,0,0,0,0
2010,14,0.0,0,0,0,0,0,0,0
2010,15,0.0,0,0,0,0,0,0,0
2010,16,0.0,0,0,0,0,0,0,0
2010,17,0.0,0,0,0,0,0,0,0
2010,18,0.0,0,0,0,0,0,0,0
2010,19,0.0,0,0,0,0,0,0,0
2010,20,0.0,0,0,0,0,0,0,0
2010,21,0.0,0,0,0,0,0,0,0
2010,22,0.0,0,0,0,0,0,0,0
2010,23,0.0,0,0,0,0,0,0,0
2010,24,0.0,0,0,0,0,0,0,0
2010,25,0.0,0,0,0,0,0,0,0
2010,26,0.0,0,0,0,0,0,0,0
2010,27,0.0,0,0,0,0,0,0,0
2010,28,0.0,0,0,0,0,0,0,0
2010,29,0.0,0,0,0,0,0,0,0
2010,30,0.0,0,0,0,0,0,0,0
2010,31,0.0,0,0,0,0,0,0,0
2010,32,0.0,0,0,0,0,0,0,0
2010,33,0.0,0,0,0,0,0,0,0
2010,34,0.0,0,0,0,0,0,0,0
2010,35,0.0,0,0,0,0,0,0,0
2010,36,0.0,0,0,0,0,0,0,0
2010,37,0.0,0,0,0,0,0,0,0
2010,38,0.0,0,0,0,0,0,0,0
2010,39,0.0,0,0,0,0,0,0,0
2010,40,0.0,0,0,0,0,0,0,0
2010,41,0.0,0,0,0,0,0,0,0
2010,42,0.0,0,0,0,0,0,0,0
2010,43,0.0,0,0,0,0,0,0,0
2010,44,0.0,0,0,0,0,0,0,0
2010,45,0.0,0,0,0,0,0,0,0
2010,46,0.0,0,0,0,0,0,0,0
2010,47,0.0,0,0,0,0,0,0,0
2010,48,0.0,0,0,0,0,0,0,0
2010,49,0.0,0,0,0,0,0,0,0
2010,50,0.0,0,0,0,0,0,0,0
2010,51,0.0,0,0,0,0,0,0,0
2010,52,0.0,0,0,0,0,0,0,0
2010,53,0.0,0,0,0,0,0,0,0
2010,54,0.0,0,0,0,0,0,0,0
2010,55,0.0,0,0,0,0,0,0,0
2010,56,0.0,0,0,0,0,0,0,0
2010,57,0.0,0,0,0,0,0,0,0
2010,58,0.0,0,0,0,0,0,0,0
2010,59,0.0,0,0,0,0,0,0,0
2010,60,0.0,0,0,0,0,0,0,0
2010,61,0.0,0,0,0,0,0,0,0
2010,62,0.0,0,0,0,0,0,0,0
2010,63,0.0,0,0,0,0,0,0,0
2010,64,0.0,0,0,0,0,0,0,0
2010,65,0.0,0,0,0,0,0,0,0
2010,66,0.0,0,0,0,0,0,0,0
2010,67,0.0,0,0,0,0,0,0,0
2010,68,0.0,0,0,0,0,0,0,0
2010,69,0.0,0,0,0,0,0,0,0
2010,70,0.0,0,0,0,0,0,0,0
2010,71,0.0,0,0,0,0,0,0,0
2010,72,0.0,0,0,0,0,0,0,0
2010,73,0.0019444444443749997,3.0726149339081043e-06,3.590812689765851e-06,0.0,0.0,14.583333332812497,0,0
2010,74,0.009166666669375,3.541815377314586e-05,2.374432761946303e-05,0.0,0.0,68.75000002031251,0,0
2010,75,0.016736111113125,0.00011362219019115027,5.082876684881115e-05,1.476981163615952e-06,1.613054790102385e-08,125.52083334843752,0,0
2010,76,0.025000000000625,0.00047300049408211556,0.00010893576054280027,4.738072076213091e-06,1.7785557867939036e-07,187.5000000046875,0,0
2010,77,0.034305555556875006,0.0029025697665209004,0.0002574113563606203,1.9724124704823334e-05,5.074397165806052e-07,257.29166667656256,0,0
2010,78,0.043263888888125004,0.04055320136980648,0.0007063936861062294,0.00012103663346991212,2.2285922624666125e-06,324.4791666609375,0,0
2010,79,0.048055555556875004,0.0411963649862387,0.0007420435023118304,0.0016910551709530743,1.4116170179155676e-05,360.41666667656256,0,0
2010,80,0.049027777779375004,0.041927315961465886,0.000749876030306345,0.0017178062135313995,0.0002057160520296583,367.70833334531255,0,0
2010,81,0.053125000004375006,0.042689036196886826,0.0007852901269332137,0.0017482847060590753,0.0002057160520296583,398.4375000328126,0,0
2010,82,0.05861111111687501,0.04358535019815761,0.0008393432917211095,0.0017800439158985072,0.0002057160520296583,439.5833333765626,0,0
2010,83,0.06583333334187501,0.04444399373166763,0.0009237595258287657,0.0018174132738748698,0.0002057160520296583,493.7500000640626,0,0
2010,84,0.07166666667312502,0.045397417644997884,0.0010046838984474774,0.0018532106881207363,0.0002057160520296583,537.5000000484376,0,0
2010,85,0.07333333334000001,0.0464481852533256,0.001030150164277592,0.0018929629823747256,0.0002057160520296583,550.0000000500002,0,0
2010,86,0.07534722222875001,0.047482152037566575,0.0010624189176306196,0.001936773642444194,0.0002057160520296583,565.1041667156251,0,0
2010,87,0.07875000000625001,0.04840596534948455,0.0011208760926233138,0.0019798817885347693,0.0002057160520296583,590.625000046875,0,0
2010,88,0.08319444445000002,0.049504068256952215,0.0012052661136111495,0.002018395415303986,0.0002057160520296583,623.9583333750002,0,0
2010,89,0.08833333333750001,0.05086256324292721,0.0013153902555196196,0.0020641616840018718,0.0002057160520296583,662.5000000312501,0,0
2010,90,0.09833333333750001,0.29534082818062807,0.0035300037867268584,0.0021207338303473313,0.0002057160520296583,737.50000003125,0,0
2010,91,0.11173611111312502,0.9183719595033499,0.007940216505563584,0.01226809124127666,0.0002057160520296583,838.0208333484377,0,0
2010,92,0.1279166666675,2.343888118349364,0.01574607508512796,0.03805646743284233,0.0014322765127230627,959.37500000625,0,0
2010,93,0.14201388888750002,4.424103797801102,0.025233255657226446,0.09686555659036458,0.004049784145372203,1065.10416665625,0,0
2010,94,0.15229166666625002,6.973735441210694,0.033565709612135564,0.18277722170674565,0.01010680362038966,1142.1874999968752,0,0
2010,95,0.1615972222225,8.983132546209273,0.04124700581656991,0.28816214511246935,0.0178603504634615,1211.97916666875,0,0
2010,96,0.1719444444475,13.062066938731594,0.05359330461907204,0.3719496878913841,0.027173085128136973,1289.58333335625,0,0
2010,97,0.17909722222687502,16.1177102511604,0.062020343309552126,0.5386185866261951,0.03303790433154469,1343.2291667015625,0,0
2010,98,0.18250000000437502,16.17709470744886,0.06267620284099337,0.6671092503794057,0.05084491684253359,1368.7500000328127,0,0
2010,99,0.18312500000437504,16.246995683683494,0.06280192586651961,0.6742828577893109,0.0582300115512537,1373.4375000328127,0,0
2010,100,0.189652777779375,16.316724654622828,0.06421948268771965,0.6773439640797672,0.0582300115512537,1422.3958333453127,0,0
2010,101,0.198541666669375,21.87088451201262,0.082768975580133,0.6802394856748127,0.0582300115512537,1489.0625000203124,0,0
2010,102,0.20819444444437502,28.832405185050327,0.10715226475186942,0.8990167320835692,0.0582300115512537,1561.4583333328128,0,0
2010,103,0.21777777777687501,40.14035148229799,0.13787143687382092,1.1830057292571503,0.08273913849456425,1633.3333333265625,0,0
2010,104,0.228402777775625,55.45195661986216,0.18122388737722775,1.6383495813396198,0.10622014871662949,1713.0208333171877,0,0
2010,105,0.24493055555562504,82.95854149858218,0.27537114155195297,2.25414964329472,0.15034290434708042,1836.9791666671879,0,0
2010,106,0.262499999999375,116.60275861100612,0.40951544135229956,3.3367915042513845,0.2045160337544876,1968.7499999953125,0,0
2010,107,0.27006944444312503,134.60680783310943,0.45502360151100996,4.696915720453566,0.31054722191126033,2025.5208333234377,0,0
2010,108,0.27763888888687505,135.0496303851458,0.4633258266398583,5.507524474480307,0.42664534570074725,2082.291666651563,0,0
2010,109,0.285555555555625,146.93770400870787,0.5129274991130659,5.616336612557441,0.46843833980180755,2141.6666666671877,0,0
2010,110,0.293472222224375,161.72652556836053,0.5738011327425905,6.061114206320229,0.46843833980180755,2201.041666682813,0,0
2010,111,0.30312499999937503,197.72394371112438,0.6870179032022086,6.6496135291766505,0.5061327532567128,2273.437499995313,0,0
2010,112,0.311736111111875,225.5503771059333,0.7789476171290287,8.01226786746718,0.556655226203774,2338.0208333390624,0,0
2010,113,0.320347222224375,257.5640165483343,0.8781148644506755,9.191342795714306,0.6935673471369368,2402.604166682813,0,0
2010,114,0.32895833333687496,318.03409526233196,1.008231881139105,10.490396816414473,0.7707597127823024,2467.1875000265622,0,0
2010,115,0.335763888891875,359.9366904008859,1.0952258081721409,12.797883629850094,0.8800633105936484,2518.2291666890624,0,0
2010,116,0.339513888891875,361.61839547182547,1.104992794888819,14.631619812511023,1.0986903581532852,2546.3541666890624,0,0
2010,117,0.34812500000437496,425.97593594861087,1.2463243061748506,14.999499390683418,1.214131759778962,2610.9375000328123,0,0
2010,118,0.35465277777937493,427.0137799658261,1.2599600847258279,17.254163259665358,1.214131759778962,2659.895833345312,0,0
2010,119,0.362916666666875,444.59094289980726,1.3303681358767803,17.700682454326195,1.436949832579528,2721.8750000015625,0,0
2010,120,0.38083333332937497,538.2356567929639,1.6555810924272505,18.365846327614882,1.436949832579528,2856.2499999703123,0,0
2010,121,0.39909722221687505,649.5704378271007,1.9527311081275944,21.537518671211462,1.436949832579528,2993.229166626563,0,0
2010,122,0.41388888888562503,762.5534393342074,2.159151256796216,25.848927048285084,1.7491375036526748,3000,0,0
2010,123,0.42659722222125007,891.1546574842157,2.3112149281045853,30.471084081003195,2.074059995385076,3000,0,0
2010,124,0.43618055555500007,1007.7829201915049,2.407520180798107,35.668548656319444,2.3941504941946814,3000,0,0
2010,125,0.4530555555543751,1127.932596571054,2.552500447442073,40.606474169690756,2.7683164322532776,3000,0,0
2010,126,0.46236111111062506,1237.480010399312,2.612911899992954,45.60058821832611,3.0482705329589144,3000,0,0
2010,127,0.47159722222125006,1339.0035330141914,2.6656618999461075,50.26375168612854,3.373470048089759,3000,0,0
2010,128,0.4736111111100001,1340.5332867420266,2.666910404539841,54.59313322116604,3.644452671491744,3000,0,0
2010,129,0.4770138888875001,1342.2538048537424,2.668924456017461,55.548033065594595,3.9320233027274205,3000,0,0
2010,130,0.4835416666625001,1348.983310050774,2.675868118054706,55.87733244972066,3.9320233027274205,3000,0,0
2010,131,0.4904166666625001,1404.1070814266702,2.696269997856818,56.16881746837128,3.9320233027274205,3000,0,0
2010,132,0.4972916666625001,1466.6660611768507,2.7143039092618575,58.0196903605203,3.9320233027274205,3000,0,0
2010,133,0.5020138888850001,1485.3969366714368,2.7204614008014407,60.45933244925525,3.9494181881286052,3000,0,0
2010,134,0.512986111105,1604.964873318124,2.7526315734427156,61.61042966184944,4.118669865895688,3000,0,0
2010,135,0.52194444443625,1715.9308739710332,2.772832926447036,65.74087188350772,4.118669865895688,3000,0,0
2010,136,0.53222222221125,1850.9028916960308,2.7936380037884976,70.25731355809286,4.389218273792541,3000,0,0
2010,137,0.54354166665375,1983.497036892531,2.8123274554798674,75.6375915785244,4.6124573371782445,3000,0,0
2010,138,0.5538888888787501,2110.6650045537917,2.8261588769095507,81.12233122686636,4.898914702354979,3000,0,0
2010,139,0.5659027777687501,2251.35889039274,2.8391244056769507,86.17693794290092,5.164689005676221,3000,0,0
2010,140,0.5803472222125001,2398.140576310217,2.8511825432078353,91.554471608609,5.3929651948824135,3000,0,0
2010,141,0.5975694444375,2545.910636996494,2.8617435340419406,97.32407869563896,5.6355867690624954,3000,0,0
2010,142,0.6120138888812501,2681.56999598571,2.8682261110015186,103.21085621437763,5.85890086666483,3000,0,0
2010,143,0.6316666666625,2812.7472089385847,2.874552861149967,109.03764345862724,6.106467697506405,3000,0,0
2010,144,0.65999999999375,2951.405817304024,2.880281576482392,114.16815058703921,6.267538073846427,3000,0,0
2010,145,0.6883333333312501,3092.3834874983713,2.8835644466504875,120.2150826129736,6.36868484605814,3000,0,0
2010,146,0.7114583333312501,3239.205826737474,2.885174942723007,126.46573287945624,6.520632063364997,3000,0,0
2010,147,0.735277777775,3377.9323283054805,2.8862231485946537,132.73003168649686,6.719615229571347,3000,0,0
2010,148,0.75388888888375,3509.4304044728997,2.886762298521355,138.5128800451409,6.934487495074744,3000,0,0
2010,149,0.7742361111025001,3647.5289406624283,2.8871658466581027,143.94660484627516,7.160444022670287,3000,0,0
2010,150,0.7987499999962501,3786.860827098825,2.887480925064483,149.4943897869976,7.367072810227848,3000,0,0
2010,151,0.8243055555525001,3928.4917110220745,2.8876830365805057,155.10387454924904,7.588316137919034,3000,0,0
2010,152,0.8418749999987502,4079.4093213139795,2.887774011030014,160.4641482290992,7.818623835960687,3000,0,0
2010,153,0.8636111111112501,4224.8156105477365,2.8878511402135523,166.00435209802453,8.07952805710993,3000,0,0
2010,154,0.8825694444425001,4378.747645235203,2.887896457159525,171.52321969427456,8.353458972930675,3000,0,0
2010,155,0.9004861111050001,4525.1109499837185,2.8738580717803686,177.1621745103413,8.621654742107,3000,0,0
2010,156,0.92083333333,4652.958311740487,2.275137640255256,182.82476487638644,8.915670396176722,3000,0,0
2010,157,0.9390972222175,4754.4426095767185,1.3856220212906725,188.2020299048911,9.187304415429141,3000,0,0
2010,158,0.9559722222175,4810.614311518232,0.6100585844392422,194.78994013045335,9.424200000935198,3000,0,0
2010,159,0.9728472222175,4829.49929523398,0.16564785177585276,199.28367628577445,9.608295427768793,3000,0,0
2010,160,0.9862499999925001,4831.983928137886,0.02277657963160323,200.79447498303423,9.696572206383253,3000,0,0
2010,161,1.00416666666125,4831.983928137886,0,200.99324561534672,9.71720711929911,3000,0,0
2010,162,1.02104166666125,4831.983928137886,-0.0,200.99324561534672,9.71720711929911,3000,0,0
2010,163,1.0441666666612501,4831.983928137886,0.0,200.99324561534672,9.71720711929911,3000,0,0
2010,164,1.0638194444425002,4831.983928137886,-0.0,200.99324561534672,9.71720711929911,3000,0,0
2010,165,1.0838194444425,4831.983928137886,0.0,200.99324561534672,9.71720711929911,3000,0,0
2010,166,1.1010416666675,4831.983928137886,-0.0,200.99324561534672,9.71720711929911,3000,0,0
2010,167,1.119305555555,4831.983928137886,0.0,200.99324561534672,9.71720711929911,3000,0,0
2010,168,1.139305555555,4831.983928137886,-0.0,200.99324561534672,9.71720711929911,3000,0,0
2010,169,1.16277777777375,4831.983928137886,0.0,200.99324561534672,9.71720711929911,3000,0,0
2010,170,1.18624999999875,4831.983928137886,-0.0,200.99324561534672,9.71720711929911,3000,0,0
2010,171,0.3870264685050948,1548.5636416572297,0.0,64.41470770755541,3.1141895062549105,3000,3283.4202864806566,0.8972015816882022
2010,172,0.40876257961759477,1548.970102883803,0.29945925503696874,64.41470770755541,3.1141895062549105,3000,0,0
2010,173,0.4311931351738448,1602.8148230883976,0.5687896342520318,64.55231694014141,3.493127671613704,3000,0,0
2010,174,0.4567486907300948,1674.345444896962,0.7909704496462956,66.32745373958518,4.139264314068837,3000,0,0
2010,175,0.47883202406759473,1755.1791968454017,0.9226116653079737,69.04088063555353,4.865643467222285,3000,0,0
2010,176,0.5005681351800947,1842.9031023204116,1.0112659023301396,72.26501853205808,4.865643467222285,3000,0,0
2010,177,0.5236931351800947,1937.2384602546638,1.073926252633621,75.82630953588176,4.917856444640724,3000,0,0
2010,178,0.5489014685113447,2034.987960674692,1.1172530640579648,79.6770066856089,4.993578774895387,3000,0,0
2010,179,0.5720264685113446,2125.2513375503822,1.142154500335126,83.70287521365738,5.0529339222479654,3000,0,0
2010,180,0.5902903573988447,2216.784044500483,1.1552513194583265,87.52529277029281,5.134542025556539,3000,0,0
2010,181,0.6057764685075947,2321.699094264928,1.1632181207922367,91.34344034271555,5.22841503548058,3000,0,0
2010,182,0.6236931351700947,2426.665169734671,1.169866651374765,95.59418042480338,5.345367414550249,3000,0,0
2010,183,0.6426514685075948,2525.184758285247,1.1747659569487596,99.94308300813323,5.476173638117664,3000,0,0
2010,184,0.6633459129513447,2617.5968631311516,1.1783917280072473,104.10503837883056,5.599295847598488,3000,0,0
2010,185,0.6889014685075948,2711.97137145967,1.181244875824741,108.02742273283405,5.700422286311337,3000,0,0
2010,186,0.7158459129513447,2814.5369901290746,1.1830446863492614,111.95993594611153,5.771405141331678,3000,0,0
2010,187,0.7407070240638447,2910.7560003823883,1.1840431969187173,116.16007506974948,5.863788220461321,3000,0,0
2010,188,0.7666098018388448,3008.6687695360797,1.1846774613777822,120.21430857318222,5.999829146419302,3000,0,0
2010,189,0.7921653573950949,3104.2747722724976,1.1850563910632217,124.29086347414434,6.12353197296182,3000,0,0
2010,190,0.8159848018388448,3196.6464693551115,1.1852746462801291,128.29766556501363,6.2679982691647895,3000,0,0
2010,191,0.8394570240638447,3294.645829617274,1.1854105482676252,132.18412417630648,6.418524196158496,3000,0,0
2010,192,0.8629292462825947,3393.30847793708,1.1854968099434469,136.2260536357397,6.569245646490098,3000,0,0
2010,193,0.8853598018388448,3488.300870651546,1.185549666856294,140.32415619704534,6.740196364213,3000,0,0
2010,194,0.9067486907325947,3577.8462680517687,1.1055405863588563,144.3158854894112,6.916300524668721,3000,0,0
2010,195,0.9319570240638447,3647.5921721976574,0.7522427151405867,148.10741735080657,7.088236982642293,3000,0,0
2010,196,0.9592486907263447,3680.1734847275766,0.30654875533548265,151.21284311442363,7.248236121987747,3000,0,0
2010,197,0.9816792462825947,3687.115499263342,0.056162042488785036,152.96118290318557,7.36639417992485,3000,0,0
2010,198,1.0072348018388448,3687.115499263342,0,153.5165440660468,7.410692967494248,3000,0,0
2010,199,1.0341792462825947,3687.115499263342,-0.0,153.5165440660468,7.410692967494248,3000,0,0
2010,200,1.0586931351700948,3687.115499263342,0.0,153.5165440660468,7.410692967494248,3000,0,0
2010,201,1.0821653573950947,3687.115499263342,-0.0,153.5165440660468,7.410692967494248,3000,0,0
2010,202,1.1066792462825947,3687.115499263342,0.0,153.5165440660468,7.410692967494248,3000,0,0
2010,203,1.1304986907263446,3687.115499263342,-0.0,153.5165440660468,7.410692967494248,3000,0,0
2010,204,1.1543181351700946,3687.115499263342,0.0,153.5165440660468,7.410692967494248,3000,0,0
2010,205,1.1795264685013445,3687.115499263342,-0.0,153.5165440660468,7.410692967494248,3000,0,0
2010,206,0.386571692315304,1184.8179796867703,0.0,49.33101814281888,2.3813526513014667,3000,2502.2975195765716,0.8970578344451458
2010,207,0.40796058120280404,1185.1824589539483,0.29821362521225947,49.33101814281888,2.3813526513014667,3000,0,0
2010,208,0.43108558120280405,1236.49565221876,0.5774046605302958,49.40165440216927,2.721151618056912,3000,0,0
2010,209,0.4576828034278041,1302.3403443216926,0.8072979984092259,51.0798286384355,3.3369099372346502,3000,0,0
2010,210,0.47941891453405405,1379.989758840192,0.9352148917951424,53.58741051521796,3.7247461165934026,3000,0,0
2010,211,0.501155025646554,1460.436290437712,1.0229443478277758,56.662457080041165,3.759617403032387,3000,0,0
2010,212,0.521502247865304,1545.4004888710488,1.0788173523318085,59.95471795932151,3.8736746922437435,3000,0,0
2010,213,0.545321692309054,1631.0000769553885,1.1220341636090922,63.441794113970495,3.97618895975398,3000,0,0
2010,214,0.569488358977804,1723.5439993612379,1.1496694500585367,66.99291752286821,4.057128914694519,3000,0,0
2010,215,0.593655025640304,1811.6108040762251,1.1669273043663617,70.7833030257324,4.131490017640902,3000,0,0
2010,216,0.6216411367528041,1894.006783982271,1.1789520463167693,74.48202036845325,4.223071487231996,3000,0,0
2010,217,0.6471966923090541,1976.9350682256952,1.1854267958849127,77.97656929869572,4.276702538111086,3000,0,0
2010,218,0.668932803421554,2063.461749558242,1.1888766468329344,81.44281247367789,4.345024189655152,3000,0,0
2010,219,0.689974470084054,2151.7410270482615,1.1910697902772054,85.01931638010045,4.441691532689102,3000,0,0
2010,220,0.7148355811903041,2236.7768988405646,1.192726559024914,88.67719705448623,4.553590464727966,3000,0,0
2010,221,0.7410855811903041,2322.049242282572,1.1937885839256124,92.24815600487153,4.660380550801526,3000,0,0
2010,222,0.7697661367465541,2407.1486431133735,1.1944686992355233,95.8073837408949,4.766998133397423,3000,0,0
2010,223,0.7980994700840541,2489.7860607119633,1.194854163410255,99.35839119533945,4.880392749339624,3000,0,0
2010,224,0.8253911367528042,2573.1420604834684,1.195070234939345,102.82780362077447,5.006028116959504,3000,0,0
2010,225,0.8544189145278043,2653.762464471465,1.1952035705474247,106.30229216571088,5.136094719462375,3000,0,0
2010,226,0.8782383589715542,2737.5752773628606,1.1952689143922062,109.6892880660579,5.273247224275125,3000,0,0
2010,227,0.9027522478590542,2819.5348762181243,1.1623721512859069,113.16018884721275,5.415513673527296,3000,0,0
2010,228,0.9224050256403042,2887.9789555466414,0.9019423727545436,116.58976983416336,5.567991328496264,3000,0,0
2010,229,0.9424050256403043,2931.5798795553096,0.5194734783272109,119.57227095753474,5.721277281159734,3000,0,0
2010,230,0.9603216923028042,2949.614812400004,0.20611828513599667,121.65018853019697,5.844281960609487,3000,0,0
2010,231,0.9820578034153041,2953.031054750499,0.0369821479161045,122.69803813322855,5.916738402979209,3000,0,0
2010,232,1.006224470077804,2953.031054750499,0,122.97133752126815,5.937334749047933,3000,0,0
2010,233,1.0324744700778041,2953.031054750499,-0.0,122.97133752126815,5.937334749047933,3000,0,0
2010,234,1.0566411367403041,2953.031054750499,0.0,122.97133752126815,5.937334749047933,3000,0,0
2010,235,1.078724470071554,2953.031054750499,-0.0,122.97133752126815,5.937334749047933,3000,0,0
2010,236,1.101502247852804,2953.031054750499,0.0,122.97133752126815,5.937334749047933,3000,0,0
2010,237,1.119418914521554,2953.031054750499,-0.0,122.97133752126815,5.937334749047933,3000,0,0
2010,238,1.135252247852804,2953.031054750499,0.0,122.97133752126815,5.937334749047933,3000,0,0
2010,239,1.1517800256278041,2953.031054750499,-0.0,122.97133752126815,5.937334749047933,3000,0,0
2010,240,1.172821692290304,2953.031054750499,0.0,122.97133752126815,5.937334749047933,3000,0,0
2010,241,1.1935161367340539,2953.031054750499,-0.0,122.97133752126815,5.937334749047933,3000,0,0
2010,242,0.38803807844498067,940.771961252037,0.0,39.176014147079165,1.8915067105325882,3000,2012.259093498462,0.8974984609992647
2010,243,0.41498252288873066,941.1012508636585,0.3087626560676387,39.176014147079165,1.8915067105325882,3000,0,0
2010,244,0.43845474510748067,984.5646254235626,0.567898825219944,39.22867486355773,2.198498849368296,3000,0,0
2010,245,0.4615797451074807,1037.941980875099,0.7513271095217257,40.648522255478625,2.7200593440871454,3000,0,0
2010,246,0.4822741895512307,1098.9343471077602,0.8663313127254162,42.69456058285566,2.9383302423686746,3000,0,0
2010,247,0.49185752288373075,1155.084768917537,0.905873512493424,45.126997768801125,2.987550249005134,3000,0,0
2010,248,0.5035241895474808,1217.590380931804,0.9469078345661247,47.48876713150291,3.134110697422071,3000,0,0
2010,249,0.5176214117712308,1281.305089303122,0.9860546238717949,50.040660431682234,3.231499900945017,3000,0,0
2010,250,0.5369269673274808,1343.976499532915,1.0253118562531132,52.6741414226977,3.3369871482316515,3000,0,0
2010,251,0.5472047451031057,1404.074215958508,1.0409696905544956,55.29202637123076,3.4063978908794583,3000,0,0
2010,252,0.5592186339918558,1465.8822793906872,1.0557713741181425,57.823047958511026,3.5253886205678073,3000,0,0
2010,253,0.5719269673231058,1527.6889499406304,1.0680909593783912,60.39010124549763,3.613420118897549,3000,0,0
2010,254,0.5888019673231057,1597.7556413549728,1.0803717617130129,62.965147903672225,3.703593288076925,3000,0,0
2010,255,0.6063714117668557,1657.98774230441,1.0894998899759134,65.80957804614995,3.7651265591236265,3000,0,0
2010,256,0.6242880784349808,1716.1201463972825,1.096071145967253,68.39549540443893,3.849795283654489,3000,0,0
2010,257,0.6387325228768558,1771.71150123651,1.0999186040535804,70.85571569460927,3.9020694448086726,3000,0,0
2010,258,0.6545658562106058,1829.5229165865187,1.103052465718487,73.20557034959789,3.97483413187899,3000,0,0
2010,259,0.6735241895481059,1888.598213454823,1.1057230275078407,75.60272610489214,4.032586532874723,3000,0,0
2010,260,0.6855380784349809,1946.8066440808527,1.106967333006663,78.05138049169764,4.088443014429314,3000,0,0
2010,261,0.7010241895468559,2004.943883427354,1.1081939648642578,80.48343906543198,4.181609524417766,3000,0,0
2010,262,0.7116491895487309,2056.8529721978293,1.1088442552097804,82.90948904358339,4.254789927218562,3000,0,0
2010,263,0.7222741895487309,2110.0651086247126,1.1093724221988628,85.13242494012708,4.351498211979086,3000,0,0
2010,264,0.7401908562112308,2164.1068878141064,1.1100484072648649,87.35226181392045,4.429822359345574,3000,0,0
2010,265,0.7594964117612308,2217.304466755555,1.1105552496741333,89.59828562053305,4.494000353268622,3000,0,0
2010,266,0.7777603006487308,2271.4895278657223,1.110887493754087,91.82280198129764,4.564523214952225,3000,0,0
2010,267,0.7984547450924808,2326.491238121208,1.1111455458380521,94.07451131853728,4.640135789704879,3000,0,0
2010,268,0.8101214117568557,2379.995727934705,1.1112512845114932,96.35874415703259,4.717497616252251,3000,0,0
2010,269,0.8169964117568557,2408.814312499909,1.1112892682327293,98.60172705721808,4.816684159352664,3000,0,0
2010,270,0.8245658562006056,2438.7197156728857,1.1113256271448746,100.03575929569193,4.91749116214958,3000,0,0
2010,271,0.8338714117568558,2479.6451469548115,1.1113724711961948,101.3245283829214,4.958034740725049,3000,0,0
2010,272,0.8465797450931057,2532.1074965731254,1.11142986956264,102.93790524741802,5.009220633967217,3000,0,0
2010,273,0.8617186339824808,2584.171853742568,1.1114821501876264,104.99746138221289,5.081372793309105,3000,0,0
2010,274,0.8723436339849807,2636.7522688417166,1.1115107017738028,107.14366410751185,5.176160668788804,3000,0,0
2010,275,0.8847047450974808,2688.862798116062,1.1115373226633531,109.32591583508781,5.272616066225088,3000,0,0
2010,276,0.8898436339849808,2689.4843838410534,1.1115383810728925,111.50098705635043,5.369068088902142,3000,0,0
2010,277,0.8956769673162307,2690.1052840271573,1.1115394619906578,112.00637187544878,5.47167421689957,3000,0,0
2010,278,0.9035936339849807,2700.5430855115005,1.0715948021280899,112.13923598751406,5.47167421689957,3000,0,0
2010,279,0.9135936339849807,2725.1552488574025,0.9259261269247191,112.50703024229533,5.47167421689957,3000,0,0
2010,280,0.9263714117599808,2757.855526572871,0.6817463354001588,113.38644221536912,5.47167421689957,3000,0,0
2010,281,0.9391491895349808,2777.5237878434014,0.4148481704065646,114.64202367979166,5.512269553874696,3000,0,0
2010,282,0.9529686339787308,2787.71096440562,0.19510876145645012,115.55932912753643,5.574732928107201,3000,0,0
2010,283,0.9719269673118558,2790.732614670167,0.054772946381102555,116.09400875771897,5.603182277985017,3000,0,0
2010,284,0.9894964117543558,2791.065515777303,0.005753124757878509,116.31118538948405,5.613638724330518,3000,0,0
2010,285,1.0053297450868557,2791.065515777303,0,116.33781747805492,5.613638724330518,3000,0,0
2010,286,1.0215103006443558,2791.065515777303,-0.0,116.33781747805492,5.613638724330518,3000,0,0
2010,287,1.0301214117568558,2791.065515777303,0.0,116.33781747805492,5.613638724330518,3000,0,0
2010,288,1.0394269673131058,2791.065515777303,-0.0,116.33781747805492,5.613638724330518,3000,0,0
2010,289,1.0469964117568558,2791.065515777303,0.0,116.33781747805492,5.613638724330518,3000,0,0
2010,290,1.0580380784256058,2791.065515777303,-0.0,116.33781747805492,5.613638724330518,3000,0,0
2010,291,1.0662325228693557,2791.065515777303,0.0,116.33781747805492,5.613638724330518,3000,0,0
2010,292,1.0734547450943557,2791.065515777303,-0.0,116.33781747805492,5.613638724330518,3000,0,0
2010,293,1.0806769673193555,2791.065515777303,0.0,116.33781747805492,5.613638724330518,3000,0,0
2010,294,1.0917186339881055,2791.065515777303,-0.0,116.33781747805492,5.613638724330518,3000,0,0
2010,295,1.0965103006568555,2791.065515777303,0.0,116.33781747805492,5.613638724330518,3000,0,0
2010,296,1.1054686339881057,2791.065515777303,-0.0,116.33781747805492,5.613638724330518,3000,0,0
2010,297,1.1178297451006056,2791.065515777303,0.0,116.33781747805492,5.613638724330518,3000,0,0
2010,298,1.1322741895443555,2791.065515777303,-0.0,116.33781747805492,5.613638724330518,3000,0,0
2010,299,1.1474130784318555,2791.065515777303,0.0,116.33781747805492,5.613638724330518,3000,0,0
2010,300,1.1556075228743554,2791.065515777303,-0.0,116.33781747805492,5.613638724330518,3000,0,0
2010,301,1.1600519673181053,2791.065515777303,0.0,116.33781747805492,5.613638724330518,3000,0,0
2010,302,1.1620658562068555,2791.065515777303,-0.0,116.33781747805492,5.613638724330518,3000,0,0
2010,303,1.1658158562068555,2791.065515777303,0.0,116.33781747805492,5.613638724330518,3000,0,0
2010,304,1.1744269673193555,2791.065515777303,-0.0,116.33781747805492,5.613638724330518,3000,0,0
2010,305,1.1785241895443554,2791.065515777303,0.0,116.33781747805492,5.613638724330518,3000,0,0
2010,306,1.1826214117693552,2791.065515777303,-0.0,116.33781747805492,5.613638724330518,3000,0,0
2010,307,1.1874130784381054,2791.065515777303,0.0,116.33781747805492,5.613638724330518,3000,0,0
2010,308,1.1942880784381054,2791.065515777303,-0.0,116.33781747805492,5.613638724330518,3000,0,0
2010,309,1.1966491895493554,2791.065515777303,0.0,116.33781747805492,5.613638724330518,3000,0,0
2010,310,1.1969269673268554,2791.065515777303,-0.0,116.33781747805492,5.613638724330518,3000,0,0
2010,311,1.1999825228824803,2791.065515777303,0.0,116.33781747805492,5.613638724330518,3000,0,0
2010,312,0,805.2386383432365,0,33.5641371384159,1.6195674293485278,3000,1896.3559176181514,0.8971884365458813
2010,313,0,805.2386383432365,0,33.5641371384159,1.6195674293485278,3000,0,0
2010,314,0,805.2386383432365,0,33.5641371384159,1.6195674293485278,3000,0,0
2010,315,0,805.2386383432365,0,33.5641371384159,1.6195674293485278,3000,0,0
2010,316,0,805.2386383432365,0,33.5641371384159,1.6195674293485278,3000,0,0
2010,317,0,805.2386383432365,0,33.5641371384159,1.6195674293485278,3000,0,0
2010,318,0,805.2386383432365,0,33.5641371384159,1.6195674293485278,3000,0,0
2010,319,0,805.2386383432365,0,33.5641371384159,1.6195674293485278,3000,0,0
2010,320,0,805.2386383432365,0,33.5641371384159,1.6195674293485278,3000,0,0
2010,321,0,805.2386383432365,0,33.5641371384159,1.6195674293485278,3000,0,0
2010,322,0,805.2386383432365,0,33.5641371384159,1.6195674293485278,3000,0,0
2010,323,0,805.2386383432365,0,33.5641371384159,1.6195674293485278,3000,0,0
2010,324,0,805.2386383432365,0,33.5641371384159,1.6195674293485278,3000,0,0
2010,325,0,805.2386383432365,0,33.5641371384159,1.6195674293485278,3000,0,0
2010,326,0,805.2386383432365,0,33.5641371384159,1.6195674293485278,3000,0,0
2010,327,0,805.2386383432365,0,33.5641371384159,1.6195674293485278,3000,0,0
2010,328,0,805.2386383432365,0,33.5641371384159,1.6195674293485278,3000,0,0
2010,329,0,805.2386383432365,0,33.5641371384159,1.6195674293485278,3000,0,0
2010,330,0,805.2386383432365,0,33.5641371384159,1.6195674293485278,3000,0,0
2010,331,0,805.2386383432365,0,33.5641371384159,1.6195674293485278,3000,0,0
2010,332,0,805.2386383432365,0,33.5641371384159,1.6195674293485278,3000,0,0
2010,333,0,805.2386383432365,0,33.5641371384159,1.6195674293485278,3000,0,0
2010,334,0,805.2386383432365,0,33.5641371384159,1.6195674293485278,3000,0,0
2010,335,0,805.2386383432365,0,33.5641371384159,1.6195674293485278,3000,0,0
2010,336,0,805.2386383432365,0,33.5641371384159,1.6195674293485278,3000,0,0
2010,337,0,805.2386383432365,0,33.5641371384159,1.6195674293485278,3000,0,0
2010,338,0,805.2386383432365,0,33.5641371384159,1.6195674293485278,3000,0,0
2010,339,0,805.2386383432365,0,33.5641371384159,1.6195674293485278,3000,0,0
2010,340,0,805.2386383432365,0,33.5641371384159,1.6195674293485278,3000,0,0
2010,341,0,805.2386383432365,0,33.5641371384159,1.6195674293485278,3000,0,0
2010,342,0,805.2386383432365,0,33.5641371384159,1.6195674293485278,3000,0,0
2010,343,0,805.2386383432365,0,33.5641371384159,1.6195674293485278,3000,0,0
2010,344,0,805.2386383432365,0,33.5641371384159,1.6195674293485278,3000,0,0
2010,345,0,805.2386383432365,0,33.5641371384159,1.6195674293485278,3000,0,0
2010,346,0,805.2386383432365,0,33.5641371384159,1.6195674293485278,3000,0,0
2010,347,0,805.2386383432365,0,33.5641371384159,1.6195674293485278,3000,0,0
2010,348,0,805.2386383432365,0,33.5641371384159,1.6195674293485278,3000,0,0
2010,349,0,805.2386383432365,0,33.5641371384159,1.6195674293485278,3000,0,0
2010,350,0,805.2386383432365,0,33.5641371384159,1.6195674293485278,3000,0,0
2010,351,0,805.2386383432365,0,33.5641371384159,1.6195674293485278,3000,0,0
2010,352,0,805.2386383432365,0,33.5641371384159,1.6195674293485278,3000,0,0
2010,353,0,805.2386383432365,0,33.5641371384159,1.6195674293485278,3000,0,0
2010,354,0,805.2386383432365,0,33.5641371384159,1.6195674293485278,3000,0,0
2010,355,0,805.2386383432365,0,33.5641371384159,1.6195674293485278,3000,0,0
2010,356,0,805.2386383432365,0,33.5641371384159,1.6195674293485278,3000,0,0
2010,357,0,805.2386383432365,0,33.5641371384159,1.6195674293485278,3000,0,0
2010,358,0,805.2386383432365,0,33.5641371384159,1.6195674293485278,3000,0,0
2010,359,0,805.2386383432365,0,33.5641371384159,1.6195674293485278,3000,0,0
2010,360,0,805.2386383432365,0,33.5641371384159,1.6195674293485278,3000,0,0
2010,361,0,805.2386383432365,0,33.5641371384159,1.6195674293485278,3000,0,0
2010,362,0,805.2386383432365,0,33.5641371384159,1.6195674293485278,3000,0,0
2010,363,0,805.2386383432365,0,33.5641371384159,1.6195674293485278,3000,0,0
2010,364,0,805.2386383432365,0,33.5641371384159,1.6195674293485278,3000,0,0
2010,365,0,805.2386383432365,0,33.5641371384159,1.6195674293485278,3000,0,0
2011,1,0,805.2386383432365,0,33.5641371384159,1.6195674293485278,3000,0,0
2011,2,0,805.2386383432365,0,33.5641371384159,1.6195674293485278,3000,0,0
2011,3,0,805.2386383432365,0,33.5641371384159,1.6195674293485278,3000,0,0
2011,4,0,805.2386383432365,0,33.5641371384159,1.6195674293485278,3000,0,0
2011,5,0,805.2386383432365,0,33.5641371384159,1.6195674293485278,3000,0,0
2011,6,0,805.2386383432365,0,33.5641371384159,1.6195674293485278,3000,0,0
2011,7,0,805.2386383432365,0,33.5641371384159,1.6195674293485278,3000,0,0
2011,8,0,805.2386383432365,0,33.5641371384159,1.6195674293485278,3000,0,0
2011,9,0,805.2386383432365,0,33.5641371384159,1.6195674293485278,3000,0,0
2011,10,0,805.2386383432365,0,33.5641371384159,1.6195674293485278,3000,0,0
2011,11,0,805.2386383432365,0,33.5641371384159,1.6195674293485278,3000,0,0
2011,12,0,805.2386383432365,0,33.5641371384159,1.6195674293485278,3000,0,0
2011,13,0,805.2386383432365,0,33.5641371384159,1.6195674293485278,3000,0,0
2011,14,0,805.2386383432365,0,33.5641371384159,1.6195674293485278,3000,0,0
2011,15,0,805.2386383432365,0,33.5641371384159,1.6195674293485278,3000,0,0
2011,16,0,805.2386383432365,0,33.5641371384159,1.6195674293485278,3000,0,0
2011,17,0,805.2386383432365,0,33.5641371384159,1.6195674293485278,3000,0,0
2011,18,0,805.2386383432365,0,33.5641371384159,1.6195674293485278,3000,0,0
2011,19,0,805.2386383432365,0,33.5641371384159,1.6195674293485278,3000,0,0
2011,20,0,805.2386383432365,0,33.5641371384159,1.6195674293485278,3000,0,0
2011,21,0,805.2386383432365,0,33.5641371384159,1.6195674293485278,3000,0,0
2011,22,0,805.2386383432365,0,33.5641371384159,1.6195674293485278,3000,0,0
2011,23,0,805.2386383432365,0,33.5641371384159,1.6195674293485278,3000,0,0
2011,24,0,805.2386383432365,0,33.5641371384159,1.6195674293485278,3000,0,0
2011,25,0,805.2386383432365,0,33.5641371384159,1.6195674293485278,3000,0,0
2011,26,0,805.2386383432365,0,33.5641371384159,1.6195674293485278,3000,0,0
2011,27,0,805.2386383432365,0,33.5641371384159,1.6195674293485278,3000,0,0
2011,28,0,805.2386383432365,0,33.5641371384159,1.6195674293485278,3000,0,0
2011,29,0,805.2386383432365,0,33.5641371384159,1.6195674293485278,3000,0,0
2011,30,0,805.2386383432365,0,33.5641371384159,1.6195674293485278,3000,0,0
2011,31,0,805.2386383432365,0,33.5641371384159,1.6195674293485278,3000,0,0
2011,32,0,805.2386383432365,0,33.5641371384159,1.6195674293485278,3000,0,0
2011,33,0,805.2386383432365,0,33.5641371384159,1.6195674293485278,3000,0,0
2011,34,0,805.2386383432365,0,33.5641371384159,1.6195674293485278,3000,0,0
2011,35,0,805.2386383432365,0,33.5641371384159,1.6195674293485278,3000,0,0
2011,36,0.0,805.2386383432365,0.0,33.5641371384159,1.6195674293485278,3000,0,0
2011,37,0.0,805.2386383432365,0.0,33.5641371384159,1.6195674293485278,3000,0,0
2011,38,0.0,805.2386383432365,0.0,33.5641371384159,1.6195674293485278,3000,0,0
2011,39,0.0,805.2386383432365,0.0,33.5641371384159,1.6195674293485278,3000,0,0
2011,40,0.0,805.2386383432365,0.0,33.5641371384159,1.6195674293485278,3000,0,0
2011,41,0.0,805.2386383432365,0.0,33.5641371384159,1.6195674293485278,3000,0,0
2011,42,0.0,805.2386383432365,0.0,33.5641371384159,1.6195674293485278,3000,0,0
2011,43,0.0,805.2386383432365,0.0,33.5641371384159,1.6195674293485278,3000,0,0
2011,44,0.0,805.2386383432365,0.0,33.5641371384159,1.6195674293485278,3000,0,0
2011,45,0.0027083333331250005,805.2386413962648,5.071109631577346e-06,33.5641371384159,1.6195674293485278,3000,0,0
2011,46,0.0036805555556250003,805.2386458569727,7.013830017072758e-06,33.56415611372253,1.619570275644523,3000,0,0
2011,47,0.004305555555625,805.2386514773177,8.298184231953563e-06,33.56418383809599,1.6195744343005423,3000,0,0
2011,48,0.007361111111250001,805.2386620916951,1.4993778747139494e-05,33.5642187698942,1.6195796740702728,3000,0,0
2011,49,0.011458333336250001,805.2386764654786,2.513554479589223e-05,33.56428474080692,1.6195895697071814,3000,0,0
2011,50,0.012083333336250002,805.238693240022,2.6808048562989555e-05,33.56437407733396,1.6196029701862373,3000,0,0
2011,51,0.012083333336250002,805.2387115169946,2.6808048562989555e-05,33.56447833516225,1.6196186088604807,3000,0,0
2011,52,0.012083333336250002,805.2387290466248,2.6808048562989555e-05,33.56459193094931,1.6196356482285403,3000,0,0
2011,53,0.012083333336250002,805.2387471803245,2.6808048562989555e-05,33.56470088182388,1.619651990859726,3000,0,0
2011,54,0.012083333336250002,805.2387648028885,2.6808048562989555e-05,33.56481358713552,1.6196688966564718,3000,0,0
2011,55,0.012083333336250002,805.2387822937962,2.6808048562989555e-05,33.56492311561575,1.619685325928507,3000,0,0
2011,56,0.012083333336250002,805.2388028553903,2.6808048562989555e-05,33.56503182582131,1.6197016324593403,3000,0,0
2011,57,0.012083333336250002,805.2388225689639,2.6808048562989555e-05,33.56515962108174,1.6197208017484053,3000,0,0
2011,58,0.012083333336250002,805.2388419611415,2.6808048562989555e-05,33.565282145690155,1.6197391804396672,3000,0,0
2011,59,0.012083333336250002,805.2388626543917,2.6808048562989555e-05,33.56540267274558,1.619757259497981,3000,0,0
2011,60,0.012083333336250002,805.2388828597398,2.6808048562989555e-05,33.565531286280795,1.6197765515282636,3000,0,0
2011,61,0.012708333336250002,805.2389037505201,2.851534300594241e-05,33.5656568673861,1.6197953886940601,3000,0,0
2011,62,0.012708333336250002,805.2389248595993,2.851534300594241e-05,33.56578670861838,1.6198148648789021,3000,0,0
2011,63,0.01298611111375,805.2389442587527,2.9285457886036638e-05,33.565917906630126,1.6198345445806634,3000,0,0
2011,64,0.013611111113750001,805.2389668585728,3.104402216664747e-05,33.5660384770419,1.6198526301424294,3000,0,0
2011,65,0.013611111113750001,805.2389926465818,3.104402216664747e-05,33.566178940368026,1.619873699641348,3000,0,0
2011,66,0.013611111113750001,805.2390190175227,3.104402216664747e-05,33.566339219056225,1.6198977414445783,3000,0,0
2011,67,0.013611111113750001,805.2390420074587,3.104402216664747e-05,33.56650312080642,1.6199223267071081,3000,0,0
2011,68,0.01388888889125,805.2390674426374,3.183719416424941e-05,33.566646008797065,1.619943759905704,3000,0,0
2011,69,0.01388888889125,805.2390960278971,3.183719416424941e-05,33.56680409455995,1.6199674727701363,3000,0,0
2011,70,0.01416666666875,805.239123200925,3.2637570794994284e-05,33.56698175883439,1.6199941224113021,3000,0,0
2011,71,0.01652777778,805.2391559822175,3.973915969554955e-05,33.567150645748725,1.6200194554484533,3000,0,0
2011,72,0.01652777778,805.2391853539342,3.973915969554955e-05,33.56735438937857,1.6200500169929306,3000,0,0
2011,73,0.016805555557499997,805.2392201035527,4.0610644345939004e-05,33.567536941673076,1.6200773998371067,3000,0,0
2011,74,0.018472222224374998,805.2392581397155,4.60047550320333e-05,33.56775291892279,1.6201097964245637,3000,0,0
2011,75,0.022569444449375,805.2393146671968,6.053392125354586e-05,33.56798932283688,1.6201452570116766,3000,0,0
2011,76,0.029444444449375,805.2393916180181,8.943292587823361e-05,33.56834065475055,1.6201979567987268,3000,0,0
2011,77,0.036319444449375,805.2413736561392,0.00020999247249835245,33.56881892264153,1.6202696969823742,3000,0,0
2011,78,0.040069444449375,805.2415593409384,0.0002325628281037947,33.5698864510914,1.620429826249854,3000,0,0
2011,79,0.045208333336875,805.2435899708211,0.00032662242529951397,33.57104052684803,1.6206029376133486,3000,0,0
2011,80,0.050347222224375,805.2466330579695,0.00043524838270007855,33.57280029194006,1.6208669023771536,3000,0,0
2011,81,0.05340277778,805.247081469507,0.0004622381947694486,33.57543746308648,1.621262478049116,3000,0,0
2011,82,0.05340277778,805.2475751427716,0.0004622381947694486,33.57674322614177,1.6216805259076748,3000,0,0
2011,83,0.05340277778,805.2480048621501,0.0004622381947694486,33.57705052790734,1.6221407706468027,3000,0,0
2011,84,0.05340277778,805.2484435938194,0.0004622381947694486,33.57713300625617,1.6225413920647132,3000,0,0
2011,85,0.05340277778,805.2489151702822,0.0004622381947694486,33.57716561960588,1.6229504155164025,3000,0,0
2011,86,0.05340277778,805.2493651172471,0.0004622381947694486,33.57718817234666,1.623390059713606,3000,0,0
2011,87,0.05340277778,805.2497461702551,0.0004622381947694486,33.577207779922574,1.62380953902974,3000,0,0
2011,88,0.05340277778,805.2501674114045,0.0004622381947694486,33.57722449860565,1.6241647894652442,3000,0,0
2011,89,0.055416666668749996,805.250664615889,0.00048129782650755597,33.57724187469911,1.624557506747736,3000,0,0
2011,90,0.058472222224375,805.2511509789204,0.0005122740034952606,33.577248364853475,1.625021043594236,3000,0,0
2011,91,0.062222222224375,805.2516313645962,0.0005539293501906882,33.577248364853475,1.6254744731041644,3000,0,0
2011,92,0.06493055555749999,805.2521877860374,0.0005867036713810025,33.577248364853475,1.6259223300084902,3000,0,0
2011,93,0.070069444445,805.2546731796962,0.0007217841508564812,33.57725613982794,1.6264410740026216,3000,0,0
2011,94,0.072777777778125,805.2554295145909,0.0007620342730317198,33.57732758923609,1.627045406701091,3000,0,0
2011,95,0.07548611111125,805.2561975206542,0.0008052016007833685,33.577365368061564,1.6277505272357686,3000,0,0
2011,96,0.08027777778,805.2571804422003,0.0008893138809438066,33.57739792153207,1.6284665286390148,3000,0,0
2011,97,0.086805555555,805.2619088455598,0.0011484435766108726,33.57743996492785,1.6293828927667693,3000,0,0
2011,98,0.09298611111125,805.3232275790397,0.001980000605289521,33.577614271225045,1.6305326216041423,3000,0,0
2011,99,0.100138888886875,805.4773639559216,0.0032718307166864817,33.57965770317107,1.6323163209792997,3000,0,0
2011,100,0.11180555555125,805.7542154672344,0.005944362876386191,33.58513479920045,1.6357774889398966,3000,0,0
2011,101,0.12937499999750002,806.2742131059804,0.011733943113552407,33.59538327092501,1.641909388238216,3000,0,0
2011,102,0.13694444444125,806.5051384089362,0.013802846398737072,33.61462100547871,1.6531596514937965,3000,0,0
2011,103,0.14520833332875,807.1621875124147,0.01755745241812045,33.62644330913139,1.6660645296930785,3000,0,0
2011,104,0.15659722221625,808.5728143412206,0.025590604425412614,33.650421649704526,1.6851774175303085,3000,0,0
2011,105,0.15722222221624998,808.6027407445856,0.02566214737878738,33.7015463201407,1.711793832385641,3000,0,0
2011,106,0.159236111105,808.6290427446959,0.025899547629896835,33.713925679709384,1.7396938032697637,3000,0,0
2011,107,0.16020833332749998,808.6602451984093,0.02601800348452225,33.71755309894471,1.7642147932571632,3000,0,0
2011,108,0.16430555555249998,808.6893764542531,0.02654611808135662,33.71937972522031,1.7933044081867535,3000,0,0
2011,109,0.167361111108125,808.7171984427437,0.02697211832945525,33.72075841457835,1.8204630740627843,3000,0,0
2011,110,0.167361111108125,808.7429581128147,0.02697211832945525,33.72198763306609,1.8464011281402177,3000,0,0
2011,111,0.16798611110812497,808.7717408170558,0.02706282059713292,33.72309637112627,1.870416511352119,3000,0,0
2011,112,0.17277777777687497,808.8019699070189,0.027800802280098513,33.72428030401936,1.8972502274021534,3000,0,0
2011,113,0.17479166666562498,808.8341170834815,0.028134609367164408,33.725555241058856,1.9254323888044576,3000,0,0
2011,114,0.18194444444062496,811.0544742552463,0.03709362908187071,33.726894221386154,1.955402755653232,3000,0,0
2011,115,0.18847222221562496,812.1779011605653,0.04333788856424344,33.799169349736154,1.9996389443600513,3000,0,0
2011,116,0.19708333332812497,816.790083872123,0.05998537696579408,33.85172894678465,2.0509872492832857,3000,0,0
2011,117,0.20284722221937496,818.8832722374975,0.06848396783657837,34.01292341135716,2.1220035652491225,3000,0,0
2011,118,0.20486111110812494,818.9648135613287,0.06911188891006907,34.116730075750354,2.196509122681296,3000,0,0
2011,119,0.20618055555249995,819.0452547476367,0.06953743059029646,34.142542053442625,2.2725289682001986,3000,0,0
2011,120,0.21479166666499996,822.7543301043365,0.08842539314588677,34.150914099454624,2.3475231707611903,3000,0,0
2011,121,0.22576388888999996,835.0733879533269,0.13031081730294178,34.27298956939413,2.4390224597339807,3000,0,0
2011,122,0.23020833333375,835.2323866135972,0.1325399706837862,34.69937289345937,2.5868511539218644,3000,0,0
2011,123,0.2346527777775,835.4112259979636,0.13496352928868108,34.799670335486155,2.7350834001444166,3000,0,0
2011,124,0.23666666666624997,835.5822465401069,0.13612926836958,34.827861784128906,2.899867985579971,3000,0,0
2011,125,0.24458333333499996,838.6666886256816,0.15663311910609884,34.839701276681495,2.899867985579971,3000,0,0
2011,126,0.25111111110999995,840.1669699433089,0.16923137440341413,34.94230406218154,2.899867985579971,3000,0,0
2011,127,0.26111111110999996,858.748364701319,0.2401666589754583,35.01382677297918,2.899867985579971,3000,0,0
2011,128,0.27041666666624997,877.73533921259,0.30793036989165823,35.631795745616905,2.899867985579971,3000,0,0
2011,129,0.28520833333499995,919.6354237674469,0.4594135867528588,36.38480930096326,2.9361475971431084,3000,0,0
2011,130,0.29895833333499994,975.1686315676794,0.62932659342288,37.91027466885941,2.988877188386956,3000,0,0
2011,131,0.32173611110999994,1039.3061032096664,0.9705985532947872,40.049731559057804,3.1272337951075633,3000,0,0
2011,132,0.34277777777874996,1129.4318574062754,1.3373308727865703,42.604943304441576,3.283930848957207,3000,0,0
2011,133,0.3645138888849999,1232.2962984793114,1.736344032534065,46.09483279081315,3.4614275496071394,3000,0,0
2011,134,0.3754861111056249,1334.9910042030465,1.9331737641576283,50.205935706654,3.717253130193408,3000,0,0
2011,135,0.3864583333262499,1450.6501784998386,2.1205958382082497,54.45010406260143,4.02709091837836,3000,0,0
2011,136,0.3947222222137499,1547.3660816777954,2.237693632166979,59.14396706768314,4.317689556989691,3000,0,0
2011,137,0.40263888888249993,1565.5135854321845,2.2835433024111498,63.324448394096244,4.662245414372315,3000,0,0
2011,138,0.4115972222137499,1645.2376519651077,2.3848947452751306,64.84503021693794,4.921709566421898,3000,0,0
2011,139,0.42152777776624994,1774.6370348416365,2.506710418758814,67.76708886668472,4.921709566421898,3000,0,0
2011,140,0.43493055554249993,1917.6400841017198,2.6516057324937745,72.61113529804742,5.124214123060837,3000,0,0
2011,141,0.45284722221124996,2064.425433521229,2.807112118007137,78.32469040137296,5.462963661108252,3000,0,0
2011,142,0.4724999999924999,2201.128796039989,2.9341657174119873,84.35477055869953,5.769789360732783,3000,0,0
2011,143,0.49423611109875,2334.6474257239406,3.032862185212324,90.1288418639624,6.047830232156472,3000,0,0
2011,144,0.510416666655,2476.4430780754565,3.084816766589434,95.74262350366902,6.242252437286335,3000,0,0
2011,145,0.522430555544375,2620.981405314693,3.1143948318096335,101.58878686947772,6.470451652354358,3000,0,0
2011,146,0.528541666658125,2683.1173608020003,3.122514424004044,107.57564279284824,6.747767426020149,3000,0,0
2011,147,0.536805555545625,2752.40813652591,3.1329129709847883,110.92429845814432,7.083046129672607,3000,0,0
2011,148,0.546388888880625,2879.4768421816307,3.1470361614403117,113.91618094067191,7.1189260960185194,3000,0,0
2011,149,0.560833333324375,3021.692978019688,3.164464139965866,118.70029682248466,7.2064044849453435,3000,0,0
2011,150,0.576666666655625,3165.3675246788425,3.1786904594744505,124.37498428311305,7.393965947871805,3000,0,0
2011,151,0.600486111099375,3311.609093230633,3.1932731162701766,130.29560190991924,7.583737864099353,3000,0,0
2011,152,0.6201388888806251,3467.551434976299,3.2010951578929885,136.35425216636293,7.674699952260232,3000,0,0
2011,153,0.6380555555493751,3617.866042507943,3.2060160766746466,142.75796829496545,7.841834750204577,3000,0,0
2011,154,0.655277777774375,3777.0424745832775,3.2093618224327836,149.05634382814858,8.045549376720956,3000,0,0
2011,155,0.6832638888868751,3928.6924235558176,3.212875061229055,155.61831340522704,8.239440289075613,3000,0,0
2011,156,0.7056944444431251,4073.785478941301,3.214583810295521,161.99525644003126,8.371133527104252,3000,0,0
2011,157,0.7298611111118751,4223.584277957609,3.215751570544801,168.11849518508777,8.563079023254952,3000,0,0
2011,158,0.7564583333368751,4373.968814248562,3.2165355500945156,174.33758497103426,8.734949684910811,3000,0,0
2011,159,0.7872222222243751,4536.117675334505,3.2170558052777736,180.59703426849774,8.929327276165731,3000,0,0
2011,160,0.8120833333368751,4684.303492839572,3.217299282507723,187.24661534209278,9.12687961986953,3000,0,0
2011,161,0.8234027777831251,4844.111674135426,3.217376707434836,193.5308718789619,9.396776613244699,3000,0,0
2011,162,0.8350694444518751,4984.158390478043,3.2174405741926617,200.1101544287884,9.672572608631361,3000,0,0
2011,163,0.8460416666756251,5133.85998798016,3.217488800504866,206.11504470825426,9.975699028869759,3000,0,0
2011,164,0.8615277777881251,5293.125825751182,3.2175415907873663,212.30457956197668,10.23046136525639,3000,0,0
2011,165,0.8766666666775,5440.604240131577,3.217579968121876,218.84515995392766,10.507038920194937,3000,0,0
2011,166,0.8945833333462501,5582.756550783818,3.2176130250654826,225.08218024923133,10.80660577782173,3000,0,0
2011,167,0.9083333333462501,5727.751285539457,2.9494786058944147,231.0789283733259,11.072231510095419,3000,0,0
2011,168,0.92902777779,5862.725091139191,2.0933105102117944,237.1141586872247,11.341129650033796,3000,0,0
2011,169,0.9521527777900001,5943.071420367374,1.0015909313663207,242.8333268055786,11.608517658096892,3000,0,0
2011,170,0.9745833333462501,5970.4566662330435,0.2545710282595664,246.7122197859345,11.854131867635724,3000,0,0
2011,171,0.9966666666775,5971.455498443035,0.008485700914406933,248.46477950213242,11.980343791246394,3000,0,0
2011,172,1.0166666666775002,5971.455498443035,0,248.54468607893173,11.99232977776629,3000,0,0
2011,173,1.04222222223375,5971.455498443035,-0.0,248.54468607893173,11.99232977776629,3000,0,0
2011,174,1.0625694444525002,5971.455498443035,0.0,248.54468607893173,11.99232977776629,3000,0,0
2011,175,1.0770138888962502,5971.455498443035,-0.0,248.54468607893173,11.99232977776629,3000,0,0
2011,176,1.0935416666775,5971.455498443035,0.0,248.54468607893173,11.99232977776629,3000,0,0
2011,177,1.1118055555650002,5971.455498443035,-0.0,248.54468607893173,11.99232977776629,3000,0,0
2011,178,1.13562500000875,5971.455498443035,0.0,248.54468607893173,11.99232977776629,3000,0,0
2011,179,1.1563194444525,5971.455498443035,-0.0,248.54468607893173,11.99232977776629,3000,0,0
2011,180,1.17458333334,5971.455498443035,0.0,248.54468607893173,11.99232977776629,3000,0,0
2011,181,1.19527777778375,5971.455498443035,-0.0,248.54468607893173,11.99232977776629,3000,0,0
2011,182,0.3886436489381907,1895.5792888777028,0.0,78.89804410577536,3.8068460793272685,3000,4075.8762095653324,0.8976622373525708
2011,183,0.41836587115694074,1896.0171382701972,0.3135554326176587,78.89804410577536,3.8068460793272685,3000,0,0
2011,184,0.44149087115694075,1948.5795588801172,0.5583462416802983,79.02672072451469,4.21504699653168,3000,0,0
2011,185,0.4635742044881907,2014.874340209772,0.7267820442457049,80.75832784135903,4.845796043850721,3000,0,0
2011,186,0.4870464267131907,2096.0286576079106,0.850059106541643,83.29241750966357,5.64133341980658,3000,0,0
2011,187,0.5132964267131908,2177.9072391410864,0.9389117884146644,86.4869361761602,5.764856604057385,3000,0,0
2011,188,0.5360742044881907,2264.2864937304184,0.9876589485560794,89.85225492755254,5.764856604057385,3000,0,0
2011,189,0.5581575378194407,2350.467503363278,1.018426305091816,93.40147906538562,5.783284807665779,3000,0,0
2011,190,0.5819769822694407,2434.941807232925,1.03971488134791,96.98530584647243,5.821526286949277,3000,0,0
2011,191,0.6085742044881907,2525.429423235106,1.0542658931721078,100.52155889188855,5.836521849444329,3000,0,0
2011,192,0.6365603156006907,2617.063086884977,1.0632354443784,104.24201017547647,5.836521849444329,3000,0,0
2011,193,0.6614214267131906,2705.5571348079425,1.067962630942812,108.04068182319487,5.850304590609142,3000,0,0
2011,194,0.6824630933756906,2793.140999922109,1.0705042215007363,111.75508767474862,5.9128838349331625,3000,0,0
2011,195,0.6996853156006906,2883.638482214869,1.0719299943395426,115.42120541692964,5.999348131131274,3000,0,0
2011,196,0.7203797600444405,2974.205091646148,1.0731141082736897,119.17094148289985,6.11165995413031,3000,0,0
2011,197,0.7455880933819405,3071.5141209986878,1.0740378168103453,122.94157194225603,6.2174509125109525,3000,0,0
2011,198,0.7725325378319405,3158.975601364876,1.074632134458557,126.93529758836554,6.317311544720224,3000,0,0
2011,199,0.8036436489444405,3239.462497462403,1.0750235397692967,130.6597637732574,6.444801174705777,3000,0,0
2011,200,0.8337130933881904,3317.4424621894295,1.0752321576070474,134.0982040864661,6.549061100968166,3000,0,0
2011,201,0.8634353156131904,3400.724508154232,1.0753476636509185,137.39161609528762,6.660378950429413,3000,0,0
2011,202,0.8959353156131904,3482.812036539448,1.0754170711661537,140.82444394100875,6.778545968228283,3000,0,0
2011,203,0.9218380933944403,3554.971375330843,0.8405664867851342,144.249675862695,6.915454021332936,3000,0,0
2011,204,0.9491297600631904,3596.2156563057615,0.42759818865600896,147.35156992626037,7.061434488620426,3000,0,0
2011,205,0.9771158711756904,3607.4770390807903,0.09785212034245537,149.37977552995287,7.186268400759697,3000,0,0
2011,206,0.9998936489569403,3607.488079402419,0.00010406675064020627,150.1970924134285,7.245926652445943,3000,0,0
2011,207,1.0247547600694404,3607.488079402419,0,150.19797563915876,7.246059136305483,3000,0,0
2011,208,1.0492686489631904,3607.488079402419,-0.0,150.19797563915876,7.246059136305483,3000,0,0
2011,209,1.0706575378506904,3607.488079402419,0.0,150.19797563915876,7.246059136305483,3000,0,0
2011,210,1.0937825378506902,3607.488079402419,-0.0,150.19797563915876,7.246059136305483,3000,0,0
2011,211,1.1189908711819403,3607.488079402419,0.0,150.19797563915876,7.246059136305483,3000,0,0
2011,212,1.1448936489631902,3607.488079402419,-0.0,150.19797563915876,7.246059136305483,3000,0,0
2011,213,1.1721853156256903,3607.488079402419,0.0,150.19797563915876,7.246059136305483,3000,0,0
2011,214,0.3862938244942054,1161.1260991248464,-0.0,48.34355255284289,2.3322567375912304,3000,2446.3619802775725,0.8969666433280762
2011,215,0.4149743800504554,1161.513806220861,0.3087508927709987,48.34355255284289,2.3322567375912304,3000,0,0
2011,216,0.43948826894420534,1209.6979340424364,0.5776258523209132,48.414576032758774,2.693710687083351,3000,0,0
2011,217,0.46330771338795534,1270.0319799255133,0.7626256197335228,49.99146393293446,3.271920220942257,3000,0,0
2011,218,0.48851604671920534,1340.864089794976,0.8937722645787988,52.29791673900351,3.612431341840835,3000,0,0
2011,219,0.5158077133879554,1418.2008806128113,0.9829134192473579,55.107234127044265,3.6156366650825436,3000,0,0
2011,220,0.5403216022817054,1495.2503160092015,1.032178653432006,58.23946779491212,3.6769138649664312,3000,0,0
2011,221,0.5620577133942054,1573.924547051013,1.0601654166621362,61.434428971610835,3.750929678748185,3000,0,0
2011,222,0.5806688245067053,1653.236548923659,1.076328430065041,64.69601991456052,3.8301053847911484,3000,0,0
2011,223,0.5975438245060803,1730.7472035855003,1.0866777362761304,67.99313536508595,3.927875840974921,3000,0,0
2011,224,0.6175438245060804,1809.3449745142418,1.0952362746099498,71.23981692386691,4.032107301584938,3000,0,0
2011,225,0.6378910467310803,1885.6360704812828,1.1010949021076746,74.51046641480016,4.110068041465486,3000,0,0
2011,226,0.6565021578373303,1965.125003016504,1.1047447530308254,77.71173326718323,4.195991904475788,3000,0,0
2011,227,0.6751132689498303,2044.437165381283,1.1072766522464963,81.00112048578578,4.287794592940685,3000,0,0
2011,228,0.6954604911748302,2123.6998455587254,1.1091671765119724,84.30443971281017,4.391379122628408,3000,0,0
2011,229,0.7171966022873302,2201.9270957118542,1.1105054077597558,87.60926388126899,4.490320219451553,3000,0,0
2011,230,0.7375438245123301,2275.913597876035,1.1113345313840286,90.88087879958317,4.591843602199126,3000,0,0
2011,231,0.7575438245123302,2349.925038456009,1.111883946553663,94.00769720993928,4.702835334015073,3000,0,0
2011,232,0.7803216022935802,2430.1310717895913,1.1122970652124382,97.1030199237138,4.809391950503569,3000,0,0
2011,233,0.8030993800685802,2505.5064223549425,1.1125622563591349,100.3920018981183,4.916489681529452,3000,0,0
2011,234,0.8210160467373302,2572.1332478922327,1.112702311747511,103.56768870767823,5.0459116643363435,3000,0,0
2011,235,0.8427521578498302,2640.862597358737,1.1128182640012254,106.43467418068863,5.174190630457443,3000,0,0
2011,236,0.8655299356310802,2710.9286802602,1.1128972937524606,109.30090531515981,5.279667035702085,3000,0,0
2011,237,0.8876132689685803,2781.948085683099,1.1129469376881012,112.210274151778,5.397393484622627,3000,0,0
2011,238,0.9065716023060802,2848.2340577707946,1.0398084910655407,115.16015142410569,5.521243256160122,3000,0,0
2011,239,0.9258771578623304,2901.469973161696,0.7707356063665954,117.9657170503593,5.652168184297215,3000,0,0
2011,240,0.9448354911998303,2935.7661266705936,0.42517251140014156,120.31630550817684,5.77257643309246,3000,0,0
2011,241,0.9610160467554555,2950.974901626951,0.16574905305288692,121.95180046260438,5.866113395784738,3000,0,0
2011,242,0.9796271578679554,2953.992891667206,0.033767792913823515,122.80938895110451,5.922613622181333,3000,0,0
2011,243,0.9965021578679554,2954.100863212488,0.001181144087601299,123.0508281543249,5.9405438504511645,3000,0,0
2011,244,1.0192799356492055,2954.100863212488,0,123.05946587794749,5.9405438504511645,3000,0,0
2011,245,1.0462243800929554,2954.100863212488,-0.0,123.05946587794749,5.9405438504511645,3000,0,0
2011,246,1.0724743800929553,2954.100863212488,0.0,123.05946587794749,5.9405438504511645,3000,0,0
2011,247,1.0893493800929555,2954.100863212488,-0.0,123.05946587794749,5.9405438504511645,3000,0,0
2011,248,1.1041410467617054,2954.100863212488,0.0,123.05946587794749,5.9405438504511645,3000,0,0
2011,249,1.1147660467642053,2954.100863212488,-0.0,123.05946587794749,5.9405438504511645,3000,0,0
2011,250,1.1253910467667054,2954.100863212488,0.0,123.05946587794749,5.9405438504511645,3000,0,0
2011,251,1.1384466023235804,2954.100863212488,-0.0,123.05946587794749,5.9405438504511645,3000,0,0
2011,252,1.1549743801004555,2954.100863212488,0.0,123.05946587794749,5.9405438504511645,3000,0,0
2011,253,1.1715021578810805,2954.100863212488,-0.0,123.05946587794749,5.9405438504511645,3000,0,0
2011,254,1.1908077134373305,2954.100863212488,0.0,123.05946587794749,5.9405438504511645,3000,0,0
2011,255,0.3873698941869165,944.8252284751816,-0.0,39.35874005254041,1.899994604336443,3000,2009.2756347373065,0.897305796065778
2011,256,0.4080643386306665,945.0841092963191,0.29837536437009005,39.35874005254041,1.899994604336443,3000,0,0
2011,257,0.42042544974379153,973.0580796796363,0.45707464108238594,39.39846447676616,2.141345604124174,3000,0,0
2011,258,0.42730044974379155,977.6138893046232,0.4873887409538231,40.313608451282924,2.477033248723981,3000,0,0
2011,259,0.4345226719687916,984.7376288699569,0.5223083314599849,40.66537315563832,2.845098045387451,3000,0,0
2011,260,0.44070322752504154,992.0558205851158,0.5495370131474919,40.97464358762208,3.007394947758198,3000,0,0
2011,261,0.4548004497500415,1031.7998573860275,0.6650575403929107,41.28073211973886,3.007394947758198,3000,0,0
2011,262,0.46820322752504157,1070.9348033097751,0.7534577151623212,42.63661272840379,3.007394947758198,3000,0,0
2011,263,0.48021711641629156,1113.6266838351353,0.8174974192117742,44.20696267251834,3.0225160229580563,3000,0,0
2011,264,0.49361989419504154,1159.2236946304322,0.8747473835040387,45.94039174245484,3.094299524095544,3000,0,0
2011,265,0.5052865608637915,1205.588539229611,0.9144843238240336,47.80432053332129,3.1557064243084367,3000,0,0
2011,266,0.5132032275325416,1237.4985390885852,0.9328417651977803,49.722237184645934,3.2316770746184895,3000,0,0
2011,267,0.5200087830862916,1263.714065728237,0.9451553091215432,51.183903853308436,3.3239962020953273,3000,0,0
2011,268,0.5299393386412916,1310.4294826816058,0.9657782270296441,52.35929949205143,3.3710434018542212,3000,0,0
2011,269,0.5402171164212917,1359.765836325301,0.9836815947767377,54.13496395576952,3.3874181838612736,3000,0,0
2011,270,0.5525782275337916,1411.831613892497,1.001056433529421,56.129455568968055,3.4681855782434123,3000,0,0
2011,271,0.5632032275350416,1459.0404533893313,1.013006234037384,58.261191915917415,3.53038377908185,3000,0,0
2011,272,0.5769532275369166,1508.6487161493794,1.0252206677844653,60.266196156158216,3.6112809566362727,3000,0,0
2011,273,0.5900087830919165,1558.179641299494,1.0341438209863927,62.32066178429328,3.653331704548291,3000,0,0
2011,274,0.5975782275356666,1568.935034447119,1.0360991224497722,64.38365595572904,3.7117431611977447,3000,0,0
2011,275,0.6044532275356665,1569.988095240721,1.0365834159805523,65.19234301254055,3.7984633368183722,3000,0,0
2011,276,0.6148004497606666,1614.4396955491857,1.0407355656703126,65.40687448553113,3.7984633368183722,3000,0,0
2011,277,0.6268837830919165,1660.6562930944356,1.0447011515669673,66.89483301571033,3.7984633368183722,3000,0,0
2011,278,0.6403560053169166,1708.522934429574,1.0481423491236237,68.72406729753466,3.7984633368183722,3000,0,0
2011,279,0.6551476719819166,1753.2505031031358,1.0510057900904657,70.68289485846965,3.8346093899845264,3000,0,0
2011,280,0.6741060053194167,1798.544271108209,1.0536460041875901,72.56893765059785,3.885831282778394,3000,0,0
2011,281,0.6975782275444167,1839.8649447582445,1.055808000534233,74.45708589781111,3.912064946189071,3000,0,0
2011,282,0.7148004497681666,1882.3640314246811,1.0568682300774674,76.21698780947898,3.934647311898237,3000,0,0
2011,283,0.7299393386594165,1925.3112126839058,1.0575464858160604,77.98645466806339,3.9782195300486913,3000,0,0
2011,284,0.7440365608819165,1969.6625978793497,1.0580208651020009,79.77257197966141,4.032360934503568,3000,0,0
2011,285,0.7577865608806665,2010.7696934482674,1.0583733782575273,81.6078956484833,4.092108898135399,3000,0,0
2011,286,0.7708421164369166,2052.880032993769,1.0586310341338683,83.34909183317095,4.158015640108524,3000,0,0
2011,287,0.7807726719906666,2093.0355791577203,1.0587846321815364,85.10179058466595,4.2189174177951845,3000,0,0
2011,288,0.7882726719931665,2120.4259428230544,1.0588659925590835,86.7937259944953,4.2912423787513125,3000,0,0
2011,289,0.7978560053294166,2159.1084444725648,1.0589706425417251,88.05855242482774,4.362397801567618,3000,0,0
2011,290,0.8050782275544165,2180.398050084873,1.0590211067470388,89.59392381351361,4.399694129080608,3000,0,0
2011,291,0.8119532275544166,2198.121444538915,1.0590610843097599,90.62617566188358,4.474666072961437,3000,0,0
2011,292,0.8181337831106665,2198.5990465426585,1.0590662341062904,91.43064975223172,4.50251134360334,3000,0,0
2011,293,0.8211893386662916,2199.05088371953,1.0590685608549766,91.62559681793448,4.53110021142502,3000,0,0
2011,294,0.8256337831100415,2199.4903366440544,1.0590717083576418,91.68372673129093,4.53110021142502,3000,0,0
2011,295,0.8318143386662916,2199.9219393642475,1.0590756581803442,91.71093225531743,4.53110021142502,3000,0,0
2011,296,0.8404254497787916,2200.569290586996,1.0590817824093974,91.73098441607348,4.53110021142502,3000,0,0
2011,297,0.8490365608912915,2205.433751070436,1.0590955009074619,91.75643032821418,4.53110021142502,3000,0,0
2011,298,0.8569532275600416,2217.112203142105,1.0591116912283172,91.91970098758055,4.53110021142502,3000,0,0
2011,299,0.8672310053350416,2251.8156809893703,1.0591420059906766,92.33447211134147,4.53110021142502,3000,0,0
2011,300,0.8706337831125417,2252.2417734238898,1.059143004404018,93.55129216542112,4.53110021142502,3000,0,0
2011,301,0.8747310053375417,2252.7067928897072,1.0591441226609468,93.83656264047278,4.592631508228843,3000,0,0
2011,302,0.8798698942250417,2253.1390788879057,1.0591454057478613,93.91527028998475,4.592631508228843,3000,0,0
2011,303,0.8846615608937917,2253.5471465448486,1.059146492729874,93.94683437505343,4.592631508228843,3000,0,0
2011,304,0.8879948942269167,2253.9014688680254,1.0591471917449755,93.96709636362723,4.592631508228843,3000,0,0
2011,305,0.8900087831156667,2254.245506644997,1.0591475927904221,93.98309570816433,4.592631508228843,3000,0,0
2011,306,0.8986198942281667,2273.960972088817,1.0591587394446085,93.99781087480352,4.592631508228843,3000,0,0
2011,307,0.9023698942281666,2274.3124586002855,1.0340577976113887,94.63981464934636,4.592631508228843,3000,0,0
2011,308,0.9057726720056667,2274.668828880881,0.9743650326062627,94.79442953516559,4.609714863264179,3000,0,0
2011,309,0.9105643386744167,2274.9627038183253,0.8714298106366469,94.8404686654778,4.609714863264179,3000,0,0
2011,310,0.9163976720056667,2276.7560312452238,0.7285356085288475,94.86026045252925,4.609714863264179,3000,0,0
2011,311,0.9239671164494166,2277.1277805410427,0.5539266308572726,94.92277427414824,4.609714863264179,3000,0,0
2011,312,0,823.8143073775217,0.1547537964476658,34.34821599706273,1.6675886498325743,3000,1361.9204413722648,0.845312973621126
2011,313,0,823.8143073775217,0.1547537964476658,34.34821599706273,1.6675886498325743,3000,0,0
2011,314,0,823.8143073775217,0.1547537964476658,34.34821599706273,1.6675886498325743,3000,0,0
2011,315,0,823.8143073775217,0.1547537964476658,34.34821599706273,1.6675886498325743,3000,0,0
2011,316,0,823.8143073775217,0.1547537964476658,34.34821599706273,1.6675886498325743,3000,0,0
2011,317,0,823.8143073775217,0.1547537964476658,34.34821599706273,1.6675886498325743,3000,0,0
2011,318,0,823.8143073775217,0.1547537964476658,34.34821599706273,1.6675886498325743,3000,0,0
2011,319,0,823.8143073775217,0.1547537964476658,34.34821599706273,1.6675886498325743,3000,0,0
2011,320,0,823.8143073775217,0.1547537964476658,34.34821599706273,1.6675886498325743,3000,0,0
2011,321,0,823.8143073775217,0.1547537964476658,34.34821599706273,1.6675886498325743,3000,0,0
2011,322,0,823.8143073775217,0.1547537964476658,34.34821599706273,1.6675886498325743,3000,0,0
2011,323,0,823.8143073775217,0.1547537964476658,34.34821599706273,1.6675886498325743,3000,0,0
2011,324,0,823.8143073775217,0.1547537964476658,34.34821599706273,1.6675886498325743,3000,0,0
2011,325,0,823.8143073775217,0.1547537964476658,34.34821599706273,1.6675886498325743,3000,0,0
2011,326,0,823.8143073775217,0.1547537964476658,34.34821599706273,1.6675886498325743,3000,0,0
2011,327,0,823.8143073775217,0.1547537964476658,34.34821599706273,1.6675886498325743,3000,0,0
2011,328,0,823.8143073775217,0.1547537964476658,34.34821599706273,1.6675886498325743,3000,0,0
2011,329,0,823.8143073775217,0.1547537964476658,34.34821599706273,1.6675886498325743,3000,0,0
2011,330,0,823.8143073775217,0.1547537964476658,34.34821599706273,1.6675886498325743,3000,0,0
2011,331,0,823.8143073775217,0.1547537964476658,34.34821599706273,1.6675886498325743,3000,0,0
2011,332,0,823.8143073775217,0.1547537964476658,34.34821599706273,1.6675886498325743,3000,0,0
2011,333,0,823.8143073775217,0.1547537964476658,34.34821599706273,1.6675886498325743,3000,0,0
2011,334,0,823.8143073775217,0.1547537964476658,34.34821599706273,1.6675886498325743,3000,0,0
2011,335,0,823.8143073775217,0.1547537964476658,34.34821599706273,1.6675886498325743,3000,0,0
2011,336,0,823.8143073775217,0.1547537964476658,34.34821599706273,1.6675886498325743,3000,0,0
2011,337,0,823.8143073775217,0.1547537964476658,34.34821599706273,1.6675886498325743,3000,0,0
2011,338,0,823.8143073775217,0.1547537964476658,34.34821599706273,1.6675886498325743,3000,0,0
2011,339,0,823.8143073775217,0.1547537964476658,34.34821599706273,1.6675886498325743,3000,0,0
2011,340,0,823.8143073775217,0.1547537964476658,34.34821599706273,1.6675886498325743,3000,0,0
2011,341,0,823.8143073775217,0.1547537964476658,34.34821599706273,1.6675886498325743,3000,0,0
2011,342,0,823.8143073775217,0.1547537964476658,34.34821599706273,1.6675886498325743,3000,0,0
2011,343,0,823.8143073775217,0.1547537964476658,34.34821599706273,1.6675886498325743,3000,0,0
2011,344,0,823.8143073775217,0.1547537964476658,34.34821599706273,1.6675886498325743,3000,0,0
2011,345,0,823.8143073775217,0.1547537964476658,34.34821599706273,1.6675886498325743,3000,0,0
2011,346,0,823.8143073775217,0.1547537964476658,34.34821599706273,1.6675886498325743,3000,0,0
2011,347,0,823.8143073775217,0.1547537964476658,34.34821599706273,1.6675886498325743,3000,0,0
2011,348,0,823.8143073775217,0.1547537964476658,34.34821599706273,1.6675886498325743,3000,0,0
2011,349,0,823.8143073775217,0.1547537964476658,34.34821599706273,1.6675886498325743,3000,0,0
2011,350,0,823.8143073775217,0.1547537964476658,34.34821599706273,1.6675886498325743,3000,0,0
2011,351,0,823.8143073775217,0.1547537964476658,34.34821599706273,1.6675886498325743,3000,0,0
2011,352,0,823.8143073775217,0.1547537964476658,34.34821599706273,1.6675886498325743,3000,0,0
2011,353,0,823.8143073775217,0.1547537964476658,34.34821599706273,1.6675886498325743,3000,0,0
2011,354,0,823.8143073775217,0.1547537964476658,34.34821599706273,1.6675886498325743,3000,0,0
2011,355,0,823.8143073775217,0.1547537964476658,34.34821599706273,1.6675886498325743,3000,0,0
2011,356,0,823.8143073775217,0.1547537964476658,34.34821599706273,1.6675886498325743,3000,0,0
2011,357,0,823.8143073775217,0.1547537964476658,34.34821599706273,1.6675886498325743,3000,0,0
2011,358,0,823.8143073775217,0.1547537964476658,34.34821599706273,1.6675886498325743,3000,0,0
2011,359,0,823.8143073775217,0.1547537964476658,34.34821599706273,1.6675886498325743,3000,0,0
2011,360,0,823.8143073775217,0.1547537964476658,34.34821599706273,1.6675886498325743,3000,0,0
2011,361,0,823.8143073775217,0.1547537964476658,34.34821599706273,1.6675886498325743,3000,0,0
2011,362,0,823.8143073775217,0.1547537964476658,34.34821599706273,1.6675886498325743,3000,0,0
2011,363,0,823.8143073775217,0.1547537964476658,34.34821599706273,1.6675886498325743,3000,0,0
2011,364,0,823.8143073775217,0.1547537964476658,34.34821599706273,1.6675886498325743,3000,0,0
2011,365,0,823.8143073775217,0.1547537964476658,34.34821599706273,1.6675886498325743,3000,0,0
2012,1,0,823.8143073775217,0.1547537964476658,34.34821599706273,1.6675886498325743,3000,0,0
2012,2,0,823.8143073775217,0.1547537964476658,34.34821599706273,1.6675886498325743,3000,0,0
2012,3,0,823.8143073775217,0.1547537964476658,34.34821599706273,1.6675886498325743,3000,0,0
2012,4,0,823.8143073775217,0.1547537964476658,34.34821599706273,1.6675886498325743,3000,0,0
2012,5,0,823.8143073775217,0.1547537964476658,34.34821599706273,1.6675886498325743,3000,0,0
2012,6,0,823.8143073775217,0.1547537964476658,34.34821599706273,1.6675886498325743,3000,0,0
2012,7,0,823.8143073775217,0.1547537964476658,34.34821599706273,1.6675886498325743,3000,0,0
2012,8,0,823.8143073775217,0.1547537964476658,34.34821599706273,1.6675886498325743,3000,0,0
2012,9,0,823.8143073775217,0.1547537964476658,34.34821599706273,1.6675886498325743,3000,0,0
2012,10,0,823.8143073775217,0.1547537964476658,34.34821599706273,1.6675886498325743,3000,0,0
2012,11,0,823.8143073775217,0.1547537964476658,34.34821599706273,1.6675886498325743,3000,0,0
2012,12,0,823.8143073775217,0.1547537964476658,34.34821599706273,1.6675886498325743,3000,0,0
2012,13,0,823.8143073775217,0.1547537964476658,34.34821599706273,1.6675886498325743,3000,0,0
2012,14,0,823.8143073775217,0.1547537964476658,34.34821599706273,1.6675886498325743,3000,0,0
2012,15,0,823.8143073775217,0.1547537964476658,34.34821599706273,1.6675886498325743,3000,0,0
2012,16,0,823.8143073775217,0.1547537964476658,34.34821599706273,1.6675886498325743,3000,0,0
2012,17,0,823.8143073775217,0.1547537964476658,34.34821599706273,1.6675886498325743,3000,0,0
2012,18,0,823.8143073775217,0.1547537964476658,34.34821599706273,1.6675886498325743,3000,0,0
2012,19,0,823.8143073775217,0.1547537964476658,34.34821599706273,1.6675886498325743,3000,0,0
2012,20,0,823.8143073775217,0.1547537964476658,34.34821599706273,1.6675886498325743,3000,0,0
2012,21,0,823.8143073775217,0.1547537964476658,34.34821599706273,1.6675886498325743,3000,0,0
2012,22,0,823.8143073775217,0.1547537964476658,34.34821599706273,1.6675886498325743,3000,0,0
2012,23,0,823.8143073775217,0.1547537964476658,34.34821599706273,1.6675886498325743,3000,0,0
2012,24,0,823.8143073775217,0.1547537964476658,34.34821599706273,1.6675886498325743,3000,0,0
2012,25,0,823.8143073775217,0.1547537964476658,34.34821599706273,1.6675886498325743,3000,0,0
2012,26,0,823.8143073775217,0.1547537964476658,34.34821599706273,1.6675886498325743,3000,0,0
2012,27,0,823.8143073775217,0.1547537964476658,34.34821599706273,1.6675886498325743,3000,0,0
2012,28,0,823.8143073775217,0.1547537964476658,34.34821599706273,1.6675886498325743,3000,0,0
2012,29,0,823.8143073775217,0.1547537964476658,34.34821599706273,1.6675886498325743,3000,0,0
2012,30,0,823.8143073775217,0.1547537964476658,34.34821599706273,1.6675886498325743,3000,0,0
2012,31,0,823.8143073775217,0.1547537964476658,34.34821599706273,1.6675886498325743,3000,0,0
2012,32,0,823.8143073775217,0.1547537964476658,34.34821599706273,1.6675886498325743,3000,0,0
2012,33,0,823.8143073775217,0.1547537964476658,34.34821599706273,1.6675886498325743,3000,0,0
2012,34,0,823.8143073775217,0.1547537964476658,34.34821599706273,1.6675886498325743,3000,0,0
2012,35,0,823.8143073775217,0.1547537964476658,34.34821599706273,1.6675886498325743,3000,0,0
2012,36,0.0009722222224999999,823.8952885477902,0.15475556054138853,34.35197669993309,1.7998718953229627,3000,0,0
2012,37,0.0009722222224999999,823.9813310412017,0.15475556054138853,34.355390283310115,1.875369517442692,3000,0,0
2012,38,0.0009722222224999999,824.0716054812717,0.15475556054138853,34.35893934496816,1.9555857409460198,3000,0,0
2012,39,0.0009722222224999999,824.1584986172292,0.15475556054138853,34.36265573302205,2.0397473496370235,3000,0,0
2012,40,0.0009722222224999999,824.2540257750147,0.15475556054138853,34.366299907023425,2.1207566153905204,3000,0,0
2012,41,0.0009722222224999999,824.3392601580128,0.15475556054138853,34.37020768584004,2.2098152599711876,3000,0,0
2012,42,0.0009722222224999999,824.4324055166718,0.15475556054138853,34.37384081971558,2.289278093341762,3000,0,0
2012,43,0.0009722222224999999,824.5288045830362,0.15475556054138853,34.37766897266719,2.37611621962374,3000,0,0
2012,44,0.0009722222224999999,824.6098708175602,0.15475556054138853,34.38164604336808,2.4659877324820574,3000,0,0
2012,45,0.0009722222224999999,824.6985077707325,0.15475556054138853,34.38515960088736,2.5415646588276957,3000,0,0
2012,46,0.0009722222224999999,824.7921422488537,0.15475556054138853,34.388815018676745,2.6241996611900236,3000,0,0
2012,47,0.0036805555556250003,824.89186203655,0.15476081027766597,34.39266398900198,2.7114937867642874,3000,0,0
2012,48,0.005694444444374999,824.9960930897687,0.15476505080539307,34.396623312995686,2.8044611620738364,3000,0,0
2012,49,0.007013888888749999,825.0802918650783,0.1547679934874004,34.400792731370785,2.9006125327708574,3000,0,0
2012,50,0.007013888888749999,825.1724234878731,0.1547679934874004,34.404393953773535,2.9006125327708574,3000,0,0
2012,51,0.00763888888875,825.2728078618609,0.15476943443854402,34.40818211458564,2.9006125327708574,3000,0,0
2012,52,0.00861111111125,825.3690888977058,0.1547717376084486,34.4122531928177,2.9006125327708574,3000,0,0
2012,53,0.010277777778125002,825.4686902942985,0.15477586574546395,34.416240822241384,2.9006125327708574,3000,0,0
2012,54,0.010277777778125002,825.5654842203287,0.15477586574546395,34.420291477471636,2.9006125327708574,3000,0,0
2012,55,0.010902777778125,825.6615559589986,0.15477747407149056,34.42433093154356,2.9006125327708574,3000,0,0
2012,56,0.010902777778125,825.774493955949,0.15477747407149056,34.42832064446362,2.9006125327708574,3000,0,0
2012,57,0.010902777778125,825.8827740580779,0.15477747407149056,34.43286950894302,2.9006125327708574,3000,0,0
2012,58,0.013263888889375002,825.989293016079,0.15478385905695824,34.43739221844346,2.9006125327708574,3000,0,0
2012,59,0.013263888889375002,826.1029586134661,0.15478385905695824,34.441765717805715,2.9006125327708574,3000,0,0
2012,60,0.013263888889375002,826.2139442210954,0.15478385905695824,34.446423762805175,2.9006125327708574,3000,0,0
2012,61,0.015625000000625004,826.3218290131213,0.1547907562898722,34.45105846685106,2.9006125327708574,3000,0,0
2012,62,0.015625000000625004,826.4308411501955,0.1547907562898722,34.4555069499448,2.9006125327708574,3000,0,0
2012,63,0.015625000000625004,826.5283884010286,0.1547907562898722,34.46003095811817,2.9006125327708574,3000,0,0
2012,64,0.015625000000625004,826.6355925319166,0.1547907562898722,34.46420039729348,2.9006125327708574,3000,0,0
2012,65,0.015625000000625004,826.7579201026977,0.1547907562898722,34.468603579742236,2.9006125327708574,3000,0,0
2012,66,0.015625000000625004,826.8830128594052,0.1547907562898722,34.473548850457206,2.9006125327708574,3000,0,0
2012,67,0.024583333331875002,831.992902200957,0.1550057047057271,34.47870463969164,2.9006125327708574,3000,0,0
2012,68,0.032847222219375,834.3982551320785,0.1551760616906976,34.645136240505735,2.9006125327708574,3000,0,0
2012,69,0.033472222219375,834.530788996532,0.15517930984639353,34.76000912266341,2.9125404456939767,3000,0,0
2012,70,0.037569444444375,834.6537027665538,0.15520213650713988,34.78991857061854,2.920342598211773,3000,0,0
2012,71,0.046527777775625,842.0486030859365,0.15567139668933636,34.80050333437695,2.920342598211773,3000,0,0
2012,72,0.05958333332812501,850.6050101900555,0.15672583882926758,35.04230826378303,2.920342598211773,3000,0,0
2012,73,0.066805555553125,856.5929042535267,0.15731837992065528,35.37334071583473,2.948551259173475,3000,0,0
2012,74,0.07680555555312502,865.3194261511196,0.15857752040477321,35.641145195034284,2.978153183087973,3000,0,0
2012,75,0.09020833333062502,876.4081464896439,0.1609783133256102,35.983579033935804,2.996705564608812,3000,0,0
2012,76,0.10499999999937502,886.8518615712437,0.16474176368387383,36.41922161563531,3.027667614435407,3000,0,0
2012,77,0.12013888889062503,897.0953349628618,0.1702720614822321,36.854803425230564,3.0656416648012366,3000,0,0
2012,78,0.14013888889062504,907.7077070713741,0.1813515141492743,37.283913153146266,3.09926428423048,3000,0,0
2012,79,0.16256944444687504,920.4306336806385,0.2015384935597205,37.723582414848764,3.131000749126994,3000,0,0
2012,80,0.18222222222812504,936.5863778926201,0.22959235067954176,38.23400948131677,3.1624037107913887,3000,0,0
2012,81,0.20361111111562505,955.6855284726959,0.2768609751620339,38.87140970972037,3.20140430158957,3000,0,0
2012,82,0.22500000000312503,981.6524077339653,0.34982770550445885,39.632497658571324,3.2499112116743554,3000,0,0
2012,83,0.24500000000312505,1009.8942202732053,0.4510801807095394,40.64365731372558,3.3054097047212965,3000,0,0
2012,84,0.25909722222187503,1043.86846102444,0.5474806108307857,41.784287364644804,3.3843201864437265,3000,0,0
2012,85,0.26972222222437503,1085.1864599173807,0.6364412112497512,43.13947292697013,3.470189394570545,3000,0,0
2012,86,0.27937499999937504,1116.610018565836,0.7167289665526567,44.78041702719798,3.579021284163202,3000,0,0
2012,87,0.28069444444375,1117.0832219266624,0.7183096361713457,46.164561956835904,3.7122896043636278,3000,0,0
2012,88,0.294097222219375,1164.3183305164896,0.8745208554325774,46.48869376770991,3.812939641712722,3000,0,0
2012,89,0.30131944444437503,1183.2036385725671,0.9298712240116839,48.09131914515643,3.812939641712722,3000,0,0
2012,90,0.30680555555687505,1185.7784766714406,0.9470938299972494,49.06070595221433,3.950112394945536,3000,0,0
2012,91,0.30777777777937504,1186.3926604848718,0.9487033907615431,49.36040873723719,3.990946770209153,3000,0,0
2012,92,0.309791666668125,1187.0660544008392,0.9520850419911738,49.44717208638511,3.9923287729895307,3000,0,0
2012,93,0.3183333333375,1230.8490281921543,1.0714908490909132,49.48835182138421,3.9923287729895307,3000,0,0
2012,94,0.328611111113125,1296.2925519276291,1.2420320602932846,50.91599144798357,3.9923287729895307,3000,0,0
2012,95,0.337222222225625,1336.5865522333631,1.359203507145894,53.35467888425786,4.120515345585035,3000,0,0
2012,96,0.34513888889437505,1369.8740559805435,1.4511513303009493,55.204158866820016,4.329606202210527,3000,0,0
2012,97,0.349583333338125,1370.8870941952766,1.4603968610593847,56.69519938096512,4.426545573124868,3000,0,0
2012,98,0.35611111111312505,1371.804007761605,1.4740422470656482,57.06067551178509,4.52393249946374,3000,0,0
2012,99,0.364722222225625,1394.4762694235135,1.5550116127392788,57.171935183660594,4.52393249946374,3000,0,0
2012,100,0.372986111113125,1402.3855291891728,1.6002395101467843,57.931287651322656,4.52393249946374,3000,0,0
2012,101,0.378819444444375,1403.4166926613366,1.6118459391839528,58.356950556790146,4.52393249946374,3000,0,0
2012,102,0.380833333333125,1404.4242828386416,1.615776557396599,58.48533386082368,4.52393249946374,3000,0,0
2012,103,0.386319444445625,1405.6031799515335,1.6262548598190703,58.54662276126582,4.52393249946374,3000,0,0
2012,104,0.394236111114375,1407.4757219168666,1.6448044627544607,58.598500446625465,4.52393249946374,3000,0,0
2012,105,0.40486111111250006,1504.4956829663379,1.8032305935276494,58.67075461747538,4.52393249946374,3000,0,0
2012,106,0.42416666666875,1594.614851038741,2.050292903460067,61.83003284654111,4.52393249946374,3000,0,0
2012,107,0.44208333333750005,1705.2856971123922,2.2318257415745073,65.45446170137589,4.666570187762659,3000,0,0
2012,108,0.44756944445,1706.5907922384538,2.237150379769716,69.84846850629732,4.851086693087532,3000,0,0
2012,109,0.45444444445000004,1708.6154098250704,2.2449461960227803,70.87103766940058,5.170998435170603,3000,0,0
2012,110,0.46611111111875003,1798.3366147916213,2.323403746899117,71.1647679597062,5.170998435170603,3000,0,0
2012,111,0.47055555556250006,1799.6234122030767,2.326369093614061,74.13699911389645,5.170998435170603,3000,0,0
2012,112,0.4746527777875001,1800.9399278254386,2.3289120984627023,74.84178204611294,5.260368377695116,3000,0,0
2012,113,0.4797916666750001,1802.3242641293873,2.331858636266218,75.04167104123194,5.260368377695116,3000,0,0
2012,114,0.4852777777875001,1803.8793573967732,2.334725975382774,75.13111883961594,5.260368377695116,3000,0,0
2012,115,0.4925000000125001,1806.4321408716921,2.339056264287512,75.20145981831088,5.260368377695116,3000,0,0
2012,116,0.50277777779,1927.6087120191287,2.3751380412165486,75.29986148843362,5.260368377695116,3000,0,0
2012,117,0.5102777777925,2002.5520205544976,2.393420569612865,79.24756882032672,5.260368377695116,3000,0,0
2012,118,0.51645833334875,2004.0169810030377,2.395264314689186,82.55621968779546,5.326017410118103,3000,0,0
2012,119,0.5222916666799999,2009.5278220252458,2.3983084168155067,83.34182783698951,5.497444372660517,3000,0,0
2012,120,0.525347222235625,2010.9154743058891,2.399056939884084,83.69563152727875,5.497444372660517,3000,0,0
2012,121,0.532152777789375,2075.0028020728814,2.4088420193988473,83.819521120799,5.497444372660517,3000,0,0
2012,122,0.537291666676875,2077.513968960026,2.410155443748479,85.92339651267035,5.497444372660517,3000,0,0
2012,123,0.546597222233125,2184.1478912007706,2.422986893980086,86.47411773033828,5.497540187588386,3000,0,0
2012,124,0.567638888901875,2309.072329079107,2.4471218118203986,90.05159694071577,5.497540187588386,3000,0,0
2012,125,0.589722222233125,2427.5455628696286,2.463776718611563,94.89689297493007,5.5391913062923,3000,0,0
2012,126,0.602777777789375,2552.2529770249353,2.470721401825727,99.81603234820211,5.692292481013265,3000,0,0
2012,127,0.616875000014375,2661.689939586839,2.47646822285667,104.95360958317679,5.88565988317194,3000,0,0
2012,128,0.630277777795625,2777.2549053417392,2.480636853737195,109.64520349676393,6.076718770175844,3000,0,0
2012,129,0.64472222223875,2907.2664852252465,2.4840551684194323,114.43582876131339,6.2301360071415415,3000,0,0
2012,130,0.6550000000174999,3039.228044704441,2.4859553657042053,119.71657343416926,6.397703715843417,3000,0,0
2012,131,0.663263888905,3097.901062726746,2.486887445191444,125.16983334093926,6.634445895649865,3000,0,0
2012,132,0.67430555557375,3222.299914870101,2.488298429256223,128.28725571863657,6.8787803708466395,3000,0,0
2012,133,0.69291666668625,3344.215033625467,2.490082572847603,133.01288089858787,6.908858718691675,3000,0,0
2012,134,0.70291666668625,3455.1084606759046,2.4907904976346193,138.01682377894366,7.095898650345318,3000,0,0
2012,135,0.7150000000175,3579.1142645798222,2.4914930347101345,142.72578709374335,7.3113146984139075,3000,0,0
2012,136,0.7301388889087499,3708.9771966925,2.4921682904780473,147.79374307240414,7.482415956205895,3000,0,0
2012,137,0.74666666668625,3835.707721258277,2.4927096537751954,153.13154176901926,7.679551165083521,3000,0,0
2012,138,0.7583333333525001,3957.5829682775907,2.4929992304134276,158.42806052047447,7.885002720846348,3000,0,0
2012,139,0.7727777777975,4091.6240187901626,2.493277504482968,163.55807312233753,8.108714516618653,3000,0,0
2012,140,0.7948611111287499,4231.267200358899,2.4935769500322853,169.04507402311768,8.308125081912479,3000,0,0
2012,141,0.8197222222412499,4371.676987527903,2.4937910122092974,174.79320949573216,8.518009066960943,3000,0,0
2012,142,0.8369444444649998,4500.4814785171375,2.4938891059487998,180.6244382919504,8.742288468091248,3000,0,0
2012,143,0.8489583333549998,4624.937644250893,2.493940536985876,186.0982280779389,8.995976644896492,3000,0,0
2012,144,0.8637500000187498,4756.403723536954,2.493989451734779,191.35140230988029,9.232915160415752,3000,0,0
2012,145,0.8834027777937499,4890.0178092905435,2.4940361637340005,196.78245815605655,9.458204509861094,3000,0,0
2012,146,0.9054861111249999,5025.956638679244,2.35721056829387,202.32278739536292,9.69617002925122,3000,0,0
2012,147,0.9234027777937499,5139.118016628287,1.8055578168652666,207.96280951395275,9.938198255804181,3000,0,0
2012,148,0.9475694444562498,5210.473952777503,0.9466639940460674,212.88715264640476,10.19507909465928,3000,0,0
2012,149,0.9738194444562498,5234.736321761635,0.24784189277391486,216.29746297343468,10.392255187788404,3000,0,0
2012,150,0.9955555555624999,5235.910014795883,0.011015195217185322,217.8443126468368,10.504228095824761,3000,0,0
2012,151,1.01138888889375,5235.910014795883,0,217.93820808957673,10.51831241223575,3000,0,0
2012,152,1.0220138888924999,5235.910014795883,-0.0,217.93820808957673,10.51831241223575,3000,0,0
2012,153,1.029166666668125,5235.910014795883,0.0,217.93820808957673,10.51831241223575,3000,0,0
2012,154,1.04222222222375,5235.910014795883,-0.0,217.93820808957673,10.51831241223575,3000,0,0
2012,155,1.05527777778,5235.910014795883,0.0,217.93820808957673,10.51831241223575,3000,0,0
2012,156,1.0728472222262502,5235.910014795883,-0.0,217.93820808957673,10.51831241223575,3000,0,0
2012,157,1.08763888889,5235.910014795883,0.0,217.93820808957673,10.51831241223575,3000,0,0
2012,158,1.101736111109375,5235.910014795883,-0.0,217.93820808957673,10.51831241223575,3000,0,0
2012,159,1.117569444445625,5235.910014795883,0.0,217.93820808957673,10.51831241223575,3000,0,0
2012,160,1.136180555558125,5235.910014795883,-0.0,217.93820808957673,10.51831241223575,3000,0,0
2012,161,1.158611111114375,5235.910014795883,0.0,217.93820808957673,10.51831241223575,3000,0,0
2012,162,1.1841666666706252,5235.910014795883,-0.0,217.93820808957673,10.51831241223575,3000,0,0
2012,163,0.3872978744973684,1675.33782013078,0.0,69.73384214629856,3.365551840725539,3000,3560.5721946651033,0.8972842417757543
2012,164,0.4072978744973684,1675.7486548844226,0.2971764746779668,69.73384214629856,3.365551840725539,3000,0,0
2012,165,0.41931176338861836,1718.6695214961617,0.45305614285482365,69.84620918508504,3.7485673847257446,3000,0,0
2012,166,0.4337562078336184,1771.9556634582364,0.612805185708864,71.261801406377,4.263617784066613,3000,0,0
2012,167,0.45375620783361836,1840.0250229802111,0.787011627443229,73.30394121938929,4.903051487611511,3000,0,0
2012,168,0.4800062078336184,1923.4161223852411,0.9461617584759887,75.96479631419886,5.348366100818999,3000,0,0
2012,169,0.5076450967211185,2006.5418196662774,1.0512122737127472,79.26006352807542,5.348366100818999,3000,0,0
2012,170,0.5363256522773684,2099.1800855207175,1.116076712250314,82.68826216785477,5.348366100818999,3000,0,0
2012,171,0.5674367633836184,2195.1066716111122,1.155898576892792,86.45429055440586,5.348366100818999,3000,0,0
2012,172,0.5988950967148683,2290.6101291033438,1.1778127742855842,90.40221540782922,5.348366100818999,3000,0,0
2012,173,0.6261867633836183,2384.3634277661877,1.1884581355662651,94.37700860468387,5.348366100818999,3000,0,0
2012,174,0.6465339856023684,2480.3871755465493,1.1934012306301318,98.30109214281225,5.371882817893517,3000,0,0
2012,175,0.6668812078211184,2577.2778556083263,1.1967148095957596,102.28741507624979,5.476432577427773,3000,0,0
2012,176,0.6882700967086184,2675.843590382887,1.1990283963161146,106.31570855726576,5.581208876228861,3000,0,0
2012,177,0.7113950967086184,2777.565168764146,1.2006469810130356,110.40763166564608,5.691123130542897,3000,0,0
2012,178,0.7268812078192434,2880.1889648473766,1.201386197734552,114.61598955133512,5.806717062287342,3000,0,0
2012,179,0.7458395411529933,2973.58202194347,1.2020336820057804,118.87955129122265,5.973431738903085,3000,0,0
2012,180,0.7738256522592434,3067.596197879705,1.2026423014551972,122.85638114400214,6.124522895210488,3000,0,0
2012,181,0.7993812078154935,3174.879748649491,1.202971595567808,126.78936525470283,6.233956076669893,3000,0,0
2012,182,0.8245895411467434,3281.819028358582,1.2031699045737143,131.14245420105644,6.373948573080991,3000,0,0
2012,183,0.8508395411467434,3381.9181561821492,1.203295404730498,135.5781127670137,6.552535527402251,3000,0,0
2012,184,0.8805617633717433,3475.6236664709695,1.2033783438840506,139.81059200274035,6.730945629179698,3000,0,0
2012,185,0.9120200967029933,3563.2254554013757,1.0587311032463085,143.79060919613505,6.896733467677872,3000,0,0
2012,186,0.9452145411467433,3623.271637239524,0.5800306929356371,147.5165613360781,7.056442946214355,3000,0,0
2012,187,0.9787562078154933,3637.06775507516,0.1232205150136008,150.29311530603408,7.20917739974879,3000,0,0
2012,188,1.0133395411467432,3637.06775507516,0,151.35950259864188,7.304747455476829,3000,0,0
2012,189,1.0472284300342434,3637.06775507516,-0.0,151.35950259864188,7.304747455476829,3000,0,0
2012,190,1.0720895411467433,3637.06775507516,0.0,151.35950259864188,7.304747455476829,3000,0,0
2012,191,1.0976450967029934,3637.06775507516,-0.0,151.35950259864188,7.304747455476829,3000,0,0
2012,192,1.1228534300342432,3637.06775507516,0.0,151.35950259864188,7.304747455476829,3000,0,0
2012,193,1.1449367633717433,3637.06775507516,-0.0,151.35950259864188,7.304747455476829,3000,0,0
2012,194,1.1680617633717434,3637.06775507516,0.0,151.35950259864188,7.304747455476829,3000,0,0
2012,195,1.1929228744779934,3637.06775507516,-0.0,151.35950259864188,7.304747455476829,3000,0,0
2012,196,0.3880478766364026,1158.6243012999457,0.0,48.21708303309702,2.327000343879901,3000,2478.4434537752145,0.8975011908069455
2012,197,0.4170756544114026,1159.0815207889382,0.3117500765744542,48.21708303309702,2.327000343879901,3000,0,0
2012,198,0.4461034321926526,1183.8439195412573,0.5230987966483865,48.307565680148855,2.753259733454954,3000,0,0
2012,199,0.47721454330515256,1211.6628703058664,0.6678011531270077,49.13000806880736,3.3550775051361916,3000,0,0
2012,200,0.5093673210864026,1241.3364526551004,0.7547585634547734,50.21476374843834,3.4347278255594462,3000,0,0
2012,201,0.5394367655301526,1309.7438995316058,0.8198064221341894,51.418118633552524,3.4347278255594462,3000,0,0
2012,202,0.5594367655301525,1378.809817526327,0.8464158095469125,53.90278439823523,3.4347278255594462,3000,0,0
2012,203,0.5832562099739026,1452.6714770935125,0.8671800326293141,56.69463074305652,3.4347278255594462,3000,0,0
2012,204,0.6102006544176526,1526.805167362505,0.8815111713368922,59.71037500769893,3.4347278255594462,3000,0,0
2012,205,0.6381867655301526,1607.0913204882218,0.8901985042196536,62.78488230993813,3.4784121033360313,3000,0,0
2012,206,0.6696450988676526,1679.123281637286,0.8956606942162489,66.07181929466589,3.5377246792920256,3000,0,0
2012,207,0.6931173210864026,1750.18043995079,0.8980204494584135,69.13873714946773,3.6070389478671574,3000,0,0
2012,208,0.7231867655301525,1822.7949377895882,0.8998191553854497,72.12498756280854,3.695814643645308,3000,0,0
2012,209,0.7487423210864026,1894.2607304954681,0.9007028536366907,75.14369456046184,3.767938036244029,3000,0,0
2012,210,0.7697839877489026,1969.8327729079574,0.9011630700359404,78.13242716429619,3.8712900966193717,3000,0,0
2012,211,0.7922145433051526,2043.2810667113563,0.901484630749739,81.24750209622903,3.9841398368083065,3000,0,0
2012,212,0.8160339877489026,2118.0441172165292,0.9017026777005983,84.32196029301372,4.107837456601478,3000,0,0
2012,213,0.8426312099676525,2191.376597085611,0.9018523030822718,87.42995109425891,4.227654030753142,3000,0,0
2012,214,0.8661034321926525,2269.3702661273146,0.9019334272759989,90.49907665839854,4.35319071374072,3000,0,0
2012,215,0.8906173210864025,2342.856302331622,0.9019867580803396,93.71053969177349,4.482804243065396,3000,0,0
2012,216,0.9172145433051524,2402.0468324325507,0.7467138570038595,96.80772390147622,4.6254826370792355,3000,0,0
2012,217,0.9452006544176524,2438.0970483556735,0.40919430701082166,99.41628234808083,4.757279450724484,3000,0,0
2012,218,0.9690200988614024,2450.8117114292845,0.12676799177672218,101.16615539339142,4.859805138695337,3000,0,0
2012,219,0.9862423210864023,2452.658167477937,0.01744033327385737,101.96845946696098,4.9174280606334175,3000,0,0
2012,220,1.0055478766426524,2452.658167477937,0,102.11617595085315,4.931704317789847,3000,0,0
2012,221,1.0297145433114023,2452.658167477937,-0.0,102.11617595085315,4.931704317789847,3000,0,0
2012,222,1.0504089877551523,2452.658167477937,0.0,102.11617595085315,4.931704317789847,3000,0,0
2012,223,1.0665895433051522,2452.658167477937,-0.0,102.11617595085315,4.931704317789847,3000,0,0
2012,224,1.0820756544170274,2452.658167477937,0.0,102.11617595085315,4.931704317789847,3000,0,0
2012,225,1.0989506544170273,2452.658167477937,-0.0,102.11617595085315,4.931704317789847,3000,0,0
2012,226,1.1175617655295271,2452.658167477937,0.0,102.11617595085315,4.931704317789847,3000,0,0
2012,227,1.1361728766420272,2452.658167477937,-0.0,102.11617595085315,4.931704317789847,3000,0,0
2012,228,1.1561728766420272,2452.658167477937,0.0,102.11617595085315,4.931704317789847,3000,0,0
2012,229,1.1803395433045272,2452.658167477937,-0.0,102.11617595085315,4.931704317789847,3000,0,0
2012,230,1.1958256544132773,2452.658167477937,0.0,102.11617595085315,4.931704317789847,3000,0,0
2012,231,0.3872496770610299,785.0013431739276,-0.0,32.683451915206994,1.578448462544063,3000,1667.6568243040092,0.897269728796409
2012,232,0.40377745483602995,785.3476061635204,0.2915486788275725,32.683451915206994,1.578448462544063,3000,0,0
2012,233,0.4209996770610299,827.1550451381358,0.5172517191447378,32.73428105823961,1.9012646463018568,3000,0,0
2012,234,0.43613856594977995,873.4046520559473,0.6802960561151292,34.10006560890473,2.4029539139972433,3000,0,0
2012,235,0.45231912150727993,928.5645530292043,0.8201491387188347,35.90311949906345,2.539761503360954,3000,0,0
2012,236,0.47093023262102995,990.9142937900733,0.942822066291493,38.09239172019435,2.621376424299905,3000,0,0
2012,237,0.49891634372727994,1059.9274667723384,1.0674937803030125,40.600756609578426,2.722625582326699,3000,0,0
2012,238,0.52273578817103,1130.2749261349454,1.13364984848618,43.3961879362743,2.7882336923656283,3000,0,0
2012,239,0.55002745483353,1202.6540149561454,1.1805563528294665,46.29888505061675,2.8834309451048896,3000,0,0
2012,240,0.5721107881647799,1279.7504074954493,1.2040413015242983,49.29133094008362,2.9473629953295872,3000,0,0
2012,241,0.59349967705228,1361.2318372027191,1.2189217542471458,52.45662255549159,3.0404541935988583,3000,0,0
2012,242,0.61454134371478,1437.6938982054746,1.22857764101856,55.802536017187,3.1409432239273465,3000,0,0
2012,243,0.63940245482728,1515.3762496654645,1.235865460453292,59.02613250396158,3.2516028513865054,3000,0,0
2012,244,0.6656524548272799,1593.3161098936491,1.240526875768414,62.26197441766615,3.329944822583179,3000,0,0
2012,245,0.6919024548272799,1669.8958263691018,1.2433104071136154,65.5088902175423,3.417051188930419,3000,0,0
2012,246,0.7146802326085299,1748.4793592435765,1.2447998416796444,68.71421144473416,3.5118328532723035,3000,0,0
