year,j_day,fr_PHU,biomass,LAI_actual,Bio_N,Bio_P,rooting_depth,yield_actual
,,%,kg ha^-1,m^2/m^2,kg N ha^-1,kg P ha^-1,mm,kg ha^-1
2009,244,0.0,0,0,0,0,0,0
2009,245,0.0,0,0,0,0,0,0
2009,246,0.0,0,0,0,0,0,0
2009,247,0.0,0,0,0,0,0,0
2009,248,0.0,0,0,0,0,0,0
2009,249,0.0,0,0,0,0,0,0
2009,250,0.0,0,0,0,0,0,0
2009,251,0.0,0,0,0,0,0,0
2009,252,0.0,0,0,0,0,0,0
2009,253,0.0,0,0,0,0,0,0
2009,254,0.0,0,0,0,0,0,0
2009,255,0.0,0,0,0,0,0,0
2009,256,0.0,0,0,0,0,0,0
2009,257,0.0,0,0,0,0,0,0
2009,258,0.0,0,0,0,0,0,0
2009,259,0.0,0,0,0,0,0,0
2009,260,0.0,0,0,0,0,0,0
2009,261,0.0,0,0,0,0,0,0
2009,262,0.0,0,0,0,0,0,0
2009,263,0.0,0,0,0,0,0,0
2009,264,0.0,0,0,0,0,0,0
2009,265,0.0,0,0,0,0,0,0
2009,266,0.0,0,0,0,0,0,0
2009,267,0.0,0,0,0,0,0,0
2009,268,0.0,0,0,0,0,0,0
2009,269,0.0,0,0,0,0,0,0
2009,270,0.0,0,0,0,0,0,0
2009,271,0.0,0,0,0,0,0,0
2009,272,0.0,0,0,0,0,0,0
2009,273,0.0,0,0,0,0,0,0
2009,274,0.0,0,0,0,0,0,0
2009,275,0.0,0,0,0,0,0,0
2009,276,0.0,0,0,0,0,0,0
2009,277,0.0,0,0,0,0,0,0
2009,278,0.0,0,0,0,0,0,0
2009,279,0.0,0,0,0,0,0,0
2009,280,0.0,0,0,0,0,0,0
2009,281,0.0,0,0,0,0,0,0
2009,282,0.0,0,0,0,0,0,0
2009,283,0.0,0,0,0,0,0,0
2009,284,0.0,0,0,0,0,0,0
2009,285,0.0,0,0,0,0,0,0
2009,286,0.0,0,0,0,0,0,0
2009,287,0.0,0,0,0,0,0,0
2009,288,0.0,0,0,0,0,0,0
2009,289,0.0,0,0,0,0,0,0
2009,290,0.0,0,0,0,0,0,0
2009,291,0.0,0,0,0,0,0,0
2009,292,0.0,0,0,0,0,0,0
2009,293,0.0,0,0,0,0,0,0
2009,294,0.0,0,0,0,0,0,0
2009,295,0.0,0,0,0,0,0,0
2009,296,0.0,0,0,0,0,0,0
2009,297,0.0,0,0,0,0,0,0
2009,298,0.0,0,0,0,0,0,0
2009,299,0.0,0,0,0,0,0,0
2009,300,0.0,0,0,0,0,0,0
2009,301,0.0,0,0,0,0,0,0
2009,302,0.0,0,0,0,0,0,0
2009,303,0.0,0,0,0,0,0,0
2009,304,0.0,0,0,0,0,0,0
2009,305,0.0,0,0,0,0,0,0
2009,306,0.0,0,0,0,0,0,0
2009,307,0.0,0,0,0,0,0,0
2009,308,0.0,0,0,0,0,0,0
2009,309,0.0,0,0,0,0,0,0
2009,310,0.0,0,0,0,0,0,0
2009,311,0.0,0,0,0,0,0,0
2009,312,0.0,0,0,0,0,0,0
2009,313,0.0,0,0,0,0,0,0
2009,314,0.0,0,0,0,0,0,0
2009,315,0.0,0,0,0,0,0,0
2009,316,0.0,0,0,0,0,0,0
2009,317,0.0,0,0,0,0,0,0
2009,318,0.0,0,0,0,0,0,0
2009,319,0.0,0,0,0,0,0,0
2009,320,0.0,0,0,0,0,0,0
2009,321,0.0,0,0,0,0,0,0
2009,322,0.0,0,0,0,0,0,0
2009,323,0.0,0,0,0,0,0,0
2009,324,0.0,0,0,0,0,0,0
2009,325,0.0,0,0,0,0,0,0
2009,326,0.0,0,0,0,0,0,0
2009,327,0.0,0,0,0,0,0,0
2009,328,0.0,0,0,0,0,0,0
2009,329,0.0,0,0,0,0,0,0
2009,330,0.0,0,0,0,0,0,0
2009,331,0.0,0,0,0,0,0,0
2009,332,0.0,0,0,0,0,0,0
2009,333,0.0,0,0,0,0,0,0
2009,334,0.0,0,0,0,0,0,0
2009,335,0.0,0,0,0,0,0,0
2009,336,0.0,0,0,0,0,0,0
2009,337,0.0,0,0,0,0,0,0
2009,338,0.0,0,0,0,0,0,0
2009,339,0.0,0,0,0,0,0,0
2009,340,0.0,0,0,0,0,0,0
2009,341,0.0,0,0,0,0,0,0
2009,342,0.0,0,0,0,0,0,0
2009,343,0.0,0,0,0,0,0,0
2009,344,0.0,0,0,0,0,0,0
2009,345,0.0,0,0,0,0,0,0
2009,346,0.0,0,0,0,0,0,0
2009,347,0.0,0,0,0,0,0,0
2009,348,0.0,0,0,0,0,0,0
2009,349,0.0,0,0,0,0,0,0
2009,350,0.0,0,0,0,0,0,0
2009,351,0.0,0,0,0,0,0,0
2009,352,0.0,0,0,0,0,0,0
2009,353,0.0,0,0,0,0,0,0
2009,354,0.0,0,0,0,0,0,0
2009,355,0.0,0,0,0,0,0,0
2009,356,0.0,0,0,0,0,0,0
2009,357,0.0,0,0,0,0,0,0
2009,358,0.0,0,0,0,0,0,0
2009,359,0.0,0,0,0,0,0,0
2009,360,0.0,0,0,0,0,0,0
2009,361,0.0,0,0,0,0,0,0
2009,362,0.0,0,0,0,0,0,0
2009,363,0.0,0,0,0,0,0,0
2009,364,0.0,0,0,0,0,0,0
2009,365,0.0,0,0,0,0,0,0
2010,1,0.0,0,0,0,0,0,0
2010,2,0.0,0,0,0,0,0,0
2010,3,0.0,0,0,0,0,0,0
2010,4,0.0,0,0,0,0,0,0
2010,5,0.0,0,0,0,0,0,0
2010,6,0.0,0,0,0,0,0,0
2010,7,0.0,0,0,0,0,0,0
2010,8,0.0,0,0,0,0,0,0
2010,9,0.0,0,0,0,0,0,0
2010,10,0.0,0,0,0,0,0,0
2010,11,0.0,0,0,0,0,0,0
2010,12,0.0,0,0,0,0,0,0
2010,13,0.0,0,0,0,0,0,0
2010,14,0.0,0,0,0,0,0,0
2010,15,0.0,0,0,0,0,0,0
2010,16,0.0,0,0,0,0,0,0
2010,17,0.0,0,0,0,0,0,0
2010,18,0.0,0,0,0,0,0,0
2010,19,0.0,0,0,0,0,0,0
2010,20,0.0,0,0,0,0,0,0
2010,21,0.0,0,0,0,0,0,0
2010,22,0.0,0,0,0,0,0,0
2010,23,0.0,0,0,0,0,0,0
2010,24,0.0,0,0,0,0,0,0
2010,25,0.0,0,0,0,0,0,0
2010,26,0.0,0,0,0,0,0,0
2010,27,0.0,0,0,0,0,0,0
2010,28,0.0,0,0,0,0,0,0
2010,29,0.0,0,0,0,0,0,0
2010,30,0.0,0,0,0,0,0,0
2010,31,0.0,0,0,0,0,0,0
2010,32,0.0,0,0,0,0,0,0
2010,33,0.0,0,0,0,0,0,0
2010,34,0.0,0,0,0,0,0,0
2010,35,0.0,0,0,0,0,0,0
2010,36,0.0,0,0,0,0,0,0
2010,37,0.0,0,0,0,0,0,0
2010,38,0.0,0,0,0,0,0,0
2010,39,0.0,0,0,0,0,0,0
2010,40,0.0,0,0,0,0,0,0
2010,41,0.0,0,0,0,0,0,0
2010,42,0.0,0,0,0,0,0,0
2010,43,0.0,0,0,0,0,0,0
2010,44,0.0,0,0,0,0,0,0
2010,45,0.0,0,0,0,0,0,0
2010,46,0.0,0,0,0,0,0,0
2010,47,0.0,0,0,0,0,0,0
2010,48,0.0,0,0,0,0,0,0
2010,49,0.0,0,0,0,0,0,0
2010,50,0.0,0,0,0,0,0,0
2010,51,0.0,0,0,0,0,0,0
2010,52,0.0,0,0,0,0,0,0
2010,53,0.0,0,0,0,0,0,0
2010,54,0.0,0,0,0,0,0,0
2010,55,0.0,0,0,0,0,0,0
2010,56,0.0,0,0,0,0,0,0
2010,57,0.0,0,0,0,0,0,0
2010,58,0.0,0,0,0,0,0,0
2010,59,0.0,0,0,0,0,0,0
2010,60,0.0,0,0,0,0,0,0
2010,61,0.0,0,0,0,0,0,0
2010,62,0.0,0,0,0,0,0,0
2010,63,0.0,0,0,0,0,0,0
2010,64,0.0,0,0,0,0,0,0
2010,65,0.0,0,0,0,0,0,0
2010,66,0.0,0,0,0,0,0,0
2010,67,0.0,0,0,0,0,0,0
2010,68,0.0,0,0,0,0,0,0
2010,69,0.0,0,0,0,0,0,0
2010,70,0.0,0,0,0,0,0,0
2010,71,0.0,0,0,0,0,0,0
2010,72,0.0,0,0,0,0,0,0
2010,73,0.0,0,0,0,0,0,0
2010,74,0.0,0,0,0,0,0,0
2010,75,0.0,0,0,0,0,0,0
2010,76,0.0,0,0,0,0,0,0
2010,77,0.0,0,0,0,0,0,0
2010,78,0.0,0,0,0,0,0,0
2010,79,0.0,0,0,0,0,0,0
2010,80,0.0,0,0,0,0,0,0
2010,81,0.0,0,0,0,0,0,0
2010,82,0.0,0,0,0,0,0,0
2010,83,0.0,0,0,0,0,0,0
2010,84,0.0,0,0,0,0,0,0
2010,85,0.0,0,0,0,0,0,0
2010,86,0.0,0,0,0,0,0,0
2010,87,0.0,0,0,0,0,0,0
2010,88,0.0,0,0,0,0,0,0
2010,89,0.0,0,0,0,0,0,0
2010,90,0.0,0,0,0,0,0,0
2010,91,0.0,0,0,0,0,0,0
2010,92,0.0,0,0,0,0,0,0
2010,93,0.0,0,0,0,0,0,0
2010,94,0.0,0,0,0,0,0,0
2010,95,0.0,0,0,0,0,0,0
2010,96,0.0,0,0,0,0,0,0
2010,97,0.0,0,0,0,0,0,0
2010,98,0.0,0,0,0,0,0,0
2010,99,0.0,0,0,0,0,0,0
2010,100,0.0,0,0,0,0,0,0
2010,101,0.0,0,0,0,0,0,0
2010,102,0.0,0,0,0,0,0,0
2010,103,0.0,0,0,0,0,0,0
2010,104,0.0,0,0,0,0,0,0
2010,105,0.0,0,0,0,0,0,0
2010,106,0.0,0,0,0,0,0,0
2010,107,0.0,0,0,0,0,0,0
2010,108,0.0,0,0,0,0,0,0
2010,109,0.0,0,0,0,0,0,0
2010,110,0.0,0,0,0,0,0,0
2010,111,0.0,0,0,0,0,0,0
2010,112,0.0,0,0,0,0,0,0
2010,113,0.0,0,0,0,0,0,0
2010,114,0.0,0,0,0,0,0,0
2010,115,0.0,0,0,0,0,0,0
2010,116,0.0,0,0,0,0,0,0
2010,117,0.0,0,0,0,0,0,0
2010,118,0.0,0,0,0,0,0,0
2010,119,0.0,0,0,0,0,0,0
2010,120,0.0,0,0,0,0,0,0
2010,121,0.0,0,0,0,0,0,0
2010,122,0.004861111112499999,0.12022296211389982,0.0006420887744745718,0.0,0.0,24.305555562499997,0
2010,123,0.009722222225,0.2853501333892441,0.0012287781068835114,0.0,0.0,48.611111125,0
2010,124,0.013425925929166667,0.2886746631877763,0.0012993011868940839,0.013406427235432596,0.0008614693229167361,67.12962964583335,0
2010,125,0.020138888891666665,0.8715906731386986,0.002677794165531519,0.013560150235489378,0.001609855050636602,100.69444445833332,0
2010,126,0.023842592595833333,0.8786313826843077,0.002768518295799053,0.040934144224512345,0.001609855050636602,119.21296297916668,0
2010,127,0.026388888891666663,0.8849536350471635,0.0028356125527973096,0.04125916135652705,0.005390549829093563,131.94444445833332,0
2010,128,0.026388888891666663,0.8916253947336245,0.0028356125527973096,0.041553221699823034,0.005390549829093563,131.94444445833332,0
2010,129,0.026388888891666663,0.8991270348256091,0.0028356125527973096,0.041866496634589516,0.005390549829093563,131.94444445833332,0
2010,130,0.028240740741666662,0.9069105919490685,0.0028869498488783008,0.04221873969792763,0.005390549829093563,141.20370370833334,0
2010,131,0.030324074075,0.913495873007026,0.002947367569490983,0.042582232883659914,0.005390549829093563,151.620370375,0
2010,132,0.03240740740833333,0.9211112463394047,0.003010712210156,0.04288929267285276,0.005390549829093563,162.03703704166668,0
2010,133,0.03240740740833333,0.9285724314455932,0.003010712210156,0.043244805036544966,0.005390549829093563,162.03703704166668,0
2010,134,0.035879629629166666,1.036872274739398,0.0034239767547378478,0.043595096228592485,0.005390549829093563,179.39814814583332,0
2010,135,0.03935185185,1.0458055677829308,0.003545376486758799,0.04867628531447887,0.005390549829093563,196.75925925,0
2010,136,0.04328703703333333,1.0740615611245647,0.0037960229910138613,0.04909221276535039,0.005390549829093563,216.43518516666666,0
2010,137,0.046759259254166664,1.3165084231154958,0.00445206779058827,0.050415272624743546,0.005390549829093563,233.79629627083332,0
2010,138,0.05115740740416667,1.3498998277472618,0.004782110602181849,0.061792653181636625,0.005390549829093563,255.78703702083334,0
2010,139,0.05648148147916667,1.9488200929165214,0.006335191043363369,0.06335576555994268,0.0064839930625746256,282.4074073958334,0
2010,140,0.06319444444166666,3.963622803387115,0.009578032149963795,0.09146097902230846,0.0064839930625746256,315.97222220833333,0
2010,141,0.06967592592499999,7.48376584926855,0.013546568279482089,0.18600900179216903,0.010207644311074116,348.37962962499995,0
2010,142,0.07430555555416667,10.658629117412755,0.016399883229937497,0.3511897707187864,0.022087419662978516,371.5277777708333,0
2010,143,0.08240740740833333,16.223655037498943,0.022861366438060388,0.5001595000692844,0.04006558106803655,412.0370370416666,0
2010,144,0.09537037037083332,25.386392125262823,0.035558567792727536,0.7612652858868206,0.052154864561302194,476.85185185416657,0
2010,145,0.10810185185416667,38.77179270118356,0.051373774659782115,1.191127391564118,0.08221109947350638,540.5092592708334,0
2010,146,0.11851851852083332,56.93238198567844,0.06728507826586902,1.8190464986603585,0.12567776254424784,592.5925926041666,0
2010,147,0.12939814815,79.04587725681837,0.08728549416759088,2.6708179080946985,0.18829654805602508,646.99074075,0
2010,148,0.1370370370375,103.17845452366282,0.10350122665605604,3.7080422273165463,0.26879190143226744,685.1851851875,0
2010,149,0.14560185185000002,134.20833319251955,0.12453603378266558,4.839835471818411,0.363542104099726,728.00925925,0
2010,150,0.1567129629625,173.14602771701834,0.15649566532965326,6.2940361791398916,0.4591036774870251,783.5648148125001,0
2010,151,0.16805555555416668,221.92905709443752,0.19529975499779934,8.118026286865636,0.5879347882347219,840.2777777708335,0
2010,152,0.175,277.5577565848205,0.2218146340488083,10.403640394125926,0.738696884318967,875.0,0
2010,153,0.18449074074166666,343.7111952283069,0.26364034947213416,13.008800819372485,0.9361460561234594,922.4537037083334,0
2010,154,0.1921296296291667,421.4940935064223,0.30120139672020985,16.10617472459679,1.1336197844117544,960.6481481458335,0
2010,155,0.19907407407083333,501.5619079878987,0.3382959727987911,19.747395773106668,1.3844557684998042,995.3703703541667,0
2010,156,0.2076388888875,592.2427864736019,0.38985492107962055,23.49751883939261,1.6643473494533532,1038.1944444375,0
2010,157,0.2148148148125,692.2291502564943,0.4365546008926683,27.74084848907095,1.9190347743048568,1074.0740740625001,0
2010,158,0.2210648148125,796.0097685304681,0.4794314632833231,32.42078773463661,2.2346343891735625,1105.3240740625001,0
2010,159,0.22731481481250002,916.8914722874272,0.5252940403966986,37.281656693008564,2.561103494926414,1136.5740740625001,0
2010,160,0.23124999999583332,993.8010434689861,0.5501900431927672,42.93596677823851,2.8862099154027345,1156.2499999791667,0
2010,161,0.23819444444166668,1133.2524962092407,0.6078293665565107,46.580851472350474,3.308021757761281,1190.9722222083335,0
2010,162,0.2444444444416667,1259.4500311570562,0.6619023069382067,53.049563524115065,3.414735869713016,1222.2222222083335,0
2010,163,0.25486111110833337,1422.7007369617934,0.7623470660893296,58.96643199911365,3.967847768573642,1274.305555541667,0
2010,164,0.2629629629625,1609.5880481811396,0.8456591081539523,66.55897075204076,4.166278642016919,1314.8148148125,0
2010,165,0.27129629629583335,1795.7666732657397,0.9357461627703509,75.26765653418153,4.704012914044482,1356.4814814791669,0
2010,166,0.2777777777791667,1974.4420700398687,1.006544810487532,83.98726579525629,5.160508251912559,1388.8888888958336,0
2010,167,0.2849537037041667,2178.553491317116,1.0885373873825812,92.36565902213191,5.653518508544685,1424.7685185208336,0
2010,168,0.29328703703750003,2413.15468056341,1.1869753274069244,101.86476975375864,6.054194354722278,1466.4351851875,0
2010,169,0.3039351851833334,2644.093270925984,1.3150885474484546,112.68290204405646,6.543688138747325,1519.675925916667,0
2010,170,0.3145833333333334,2904.3019625945444,1.4439654514611417,122.85229694117983,7.020866184180505,1572.916666666667,0
2010,171,0.32384259259166676,3177.637299929516,1.5550892090865625,133.03838461699797,7.441222114638382,1619.212962958334,0
2010,172,0.33333333333333337,3455.6886881390456,1.6667235778900515,143.2416112167854,7.993386134154451,1666.666666666667,0
2010,173,0.3432870370375,3735.3382977005317,1.7799937144321196,153.4595860645483,8.491094539992297,1716.4351851875,0
2010,174,0.35532407407500005,4029.8555445987386,1.9100553741628288,163.59842168568198,8.968993541386938,1776.6203703750002,0
2010,175,0.3650462963,4331.732899301784,2.0083326523647655,173.53548452183682,9.348765067538217,1825.2314815000002,0
2010,176,0.3745370370416667,4642.991283395068,2.09774352683581,183.26784227421513,9.854376083623741,1872.6851852083335,0
2010,177,0.3849537037083333,4968.253427688539,2.1879815364943402,191.94740180586538,10.310269870412117,1924.7685185416665,0
2010,178,0.3967592592625,5300.0845022295125,2.2799393525083724,200.56326714875,10.74689834057054,1983.7962963125,0
2010,179,0.4071759259291666,5603.657897632947,2.3518310753168885,208.99594611911732,11.152825131276547,2000,0
2010,180,0.4143518518541667,5910.9061904530545,2.396442006949149,217.02270242142424,11.610359566839668,2000,0
2010,181,0.4199074074083333,6236.539616489875,2.427105163077283,224.6444217342771,12.063787153863633,2000,0
2010,182,0.42685185184999996,6586.6411934127855,2.463781702995414,232.26640804714188,12.572284947393978,2000,0
2010,183,0.43449074074166666,6910.208976162003,2.500054376304604,239.90489481590384,13.043895567867661,2000,0
2010,184,0.44328703703749994,7210.176271681458,2.5370486026444485,247.55961679882915,13.550715943885825,2000,0
2010,185,0.455324074075,7514.300842319769,2.5804449627922392,255.23110290223906,13.910762717156192,2000,0
2010,186,0.46828703703749996,7842.144589149973,2.618910522422129,262.92104410851726,14.121745119400067,2000,0
2010,187,0.4798611111124999,8145.750975056977,2.6469688185516294,270.6314397451303,14.357217578818739,2000,0
2010,188,0.4921296296291666,8451.792531160121,2.6714211827501484,278.36212382751137,14.69300147892598,2000,0
2010,189,0.5041666666666667,8747.572271062962,2.691001866807766,286.1138340032112,14.908722125196187,2000,0
2010,190,0.5150462962958333,9030.791359902829,2.7055943149430166,293.8857376220518,15.181912582405836,2000,0
2010,191,0.5256944444458332,9329.18686828743,2.71753133850918,301.67725545521193,15.450476891409211,2000,0
2010,192,0.5363425925916666,9626.775839425223,2.7275223133605553,309.4878525159731,15.700801552346261,2000,0
2010,193,0.5462962962958333,9910.635797171115,2.7353850039686813,317.31760476663004,15.995805215327039,2000,0
2010,194,0.5555555555583332,10189.187291179496,2.7416255638480918,325.16573031566975,16.295938977539073,2000,0
2010,195,0.5673611111124999,10475.12077193861,2.7483415500946196,333.0321056189202,16.584268067941647,2000,0
2010,196,0.5796296296291666,10759.118819855828,2.7540858988457813,340.9099588660684,16.803543078098624,2000,0
2010,197,0.5895833333333333,11062.00390638036,2.7579761964021157,348.73065683397505,17.060710385021938,2000,0
2010,198,0.6016203703708334,11331.496729084183,2.7619200146695917,356.572790961941,17.361700737466194,2000,0
2010,199,0.6141203703708333,11578.481374525243,2.7652956862250044,364.43607442429516,17.6486120848098,2000,0
2010,200,0.6254629629625,11817.743825968726,2.7678397797026215,372.31955709514716,17.86935218475171,2000,0
2010,201,0.6361111111125001,12073.589710069442,2.7698558858555677,380.2231663723746,18.09782364533469,2000,0
2010,202,0.6474537037041667,12325.42894962993,2.7716689236780083,388.1462299810646,18.32828121091362,2000,0
2010,203,0.6583333333333333,12589.771927438518,2.7731353618142474,396.08818610632505,18.58807034553013,2000,0
2010,204,0.6692129629625,12851.234345613568,2.774376192207188,404.03544766756795,18.844505286559375,2000,0
2010,205,0.6810185185166666,13131.702794984114,2.7755086306656658,411.90886018486754,19.134240136898953,2000,0
2010,206,0.6916666666666665,13380.702817782836,2.776367542952316,419.59632228747205,19.400482264536393,2000,0
2010,207,0.7009259259249999,13624.817103328018,2.777008671528416,426.6304591752853,19.735121612279272,2000,0
2010,208,0.7113425925916665,13872.280434377848,2.7776288483041043,432.99871156227726,20.00517548639399,2000,0
2010,209,0.7238425925916666,14113.971094711653,2.778253675661992,439.3817405941035,20.278019198337027,2000,0
2010,210,0.7333333333291666,14367.883242307653,2.778654529281756,445.73255429975865,20.539505695355267,2000,0
2010,211,0.7428240740708333,14612.553424118803,2.7790009640456725,452.0091882164403,20.830798700058615,2000,0
2010,212,0.7513888888833332,14859.883505420126,2.7792732607228117,458.30320797429755,21.139455125922726,2000,0
2010,213,0.7622685185124999,15100.761610068348,2.779571666376616,464.61543787216596,21.435585557776218,2000,0
2010,214,0.773379629625,15355.442517219937,2.7798297591373737,470.94583690129633,21.72390241828427,2000,0
2010,215,0.7844907407333332,15593.528789495664,2.7800478004706246,477.29432603773995,22.004943546280302,2000,0
2010,216,0.7972222222166665,15813.646316389575,2.7802567826062297,483.66087397955624,22.31982248720478,2000,0
2010,217,0.8090277777708331,16033.904272600937,2.780418234545729,490.0450164512313,22.583992141928416,2000,0
2010,218,0.8185185185124998,16262.804599608706,2.7805289994363735,496.4459059185607,22.84224080143977,2000,0
2010,219,0.8275462962874998,16495.300598957172,2.780620774215836,502.8626621211135,23.120995763558874,2000,0
2010,220,0.8391203703583331,16718.22972848645,2.7807217589918163,509.29125398596545,23.41446414501452,2000,0
2010,221,0.8516203703583332,16941.121455045322,2.780813061156763,515.6828977820637,23.698311391140354,2000,0
2010,222,0.8648148148041663,17162.828614998478,2.7808927829222303,521.9463561965766,23.96613719992066,2000,0
2010,223,0.8780092592499996,17377.386467625114,2.78095839337356,528.1034222828044,24.24031418035247,2000,0
2010,224,0.8909722222124996,17592.89474807505,2.78101152075835,533.8397010982022,24.514296364508677,2000,0
2010,225,0.9039351851749996,17797.45468415849,2.671573567678437,539.5946562858423,24.779484372440276,2000,0
2010,226,0.9148148148041662,17996.2896978462,2.2757848912698226,545.3621175496003,25.052988867124867,2000,0
2010,227,0.9261574073958327,18166.478297098045,1.6804985658075662,551.1011491251189,25.312705000472054,2000,0
2010,228,0.9342592592499994,18297.728621598224,1.1047722054550302,556.7753202104934,25.56688278726303,2000,0
2010,229,0.9425925925833328,18383.59318194008,0.6342210810116686,562.1108598095167,25.77977632622305,2000,0
2010,230,0.9495370370249994,18429.266317235113,0.3200467492905672,567.4620177302529,25.933165087008632,2000,0
2010,231,0.9590277777666661,18449.301312921936,0.13113026536989206,570.8104666992666,26.02539336084735,2000,0
2010,232,0.9701388888749994,18456.001534862222,0.03915695426061161,572.2670877293912,26.056840604872708,2000,0
2010,233,0.9826388888749995,18457.107342779636,0.0067980823423503985,572.752502110765,26.058335354817597,2000,0
2010,234,0.9937499999833328,18457.16856714788,0.00042488014752995,572.8325219799026,26.058335354817597,2000,0
2010,235,1.003472222204166,18457.16856714788,0,572.8369515294931,26.058335354817597,2000,0
2010,236,1.0136574073916662,18457.16856714788,-0.0,572.8369515294931,26.058335354817597,2000,0
2010,237,1.0206018518374995,18457.16856714788,0.0,572.8369515294931,26.058335354817597,2000,0
2010,238,1.0261574073916662,18457.16856714788,-0.0,572.8369515294931,26.058335354817597,2000,0
2010,239,1.032175925908333,18457.16856714788,0.0,572.8369515294931,26.058335354817597,2000,0
2010,240,1.0412037036833328,18457.16856714788,-0.0,572.8369515294931,26.058335354817597,2000,0
2010,241,1.049999999979166,18457.16856714788,0.0,572.8369515294931,26.058335354817597,2000,0
2010,242,1.060648148129166,18457.16856714788,-0.0,572.8369515294931,26.058335354817597,2000,0
2010,243,1.073611111091666,18457.16856714788,0.0,572.8369515294931,26.058335354817597,2000,0
2010,244,1.0842592592374993,18457.16856714788,-0.0,572.8369515294931,26.058335354817597,2000,0
2010,245,1.094675925904166,18457.16856714788,0.0,572.8369515294931,26.058335354817597,2000,0
2010,246,1.1034722221999993,18457.16856714788,-0.0,572.8369515294931,26.058335354817597,2000,0
2010,247,1.1060185184958327,18457.16856714788,0.0,572.8369515294931,26.058335354817597,2000,0
2010,248,1.109953703679166,18457.16856714788,-0.0,572.8369515294931,26.058335354817597,2000,0
2010,249,1.115277777754166,18457.16856714788,0.0,572.8369515294931,26.058335354817597,2000,0
2010,250,1.1231481481249994,18457.16856714788,-0.0,572.8369515294931,26.058335354817597,2000,0
2010,251,1.1266203703458328,18457.16856714788,0.0,572.8369515294931,26.058335354817597,2000,0
2010,252,1.1307870370124995,18457.16856714788,-0.0,572.8369515294931,26.058335354817597,2000,0
2010,253,1.134259259233333,18457.16856714788,0.0,572.8369515294931,26.058335354817597,2000,0
2010,254,1.140509259233333,18457.16856714788,-0.0,572.8369515294931,26.058335354817597,2000,0
2010,255,1.1472222221958328,18457.16856714788,0.0,572.8369515294931,26.058335354817597,2000,0
2010,256,1.1546296296041663,18457.16856714788,-0.0,572.8369515294931,26.058335354817597,2000,0
2010,257,1.160648148120833,18457.16856714788,0.0,572.8369515294931,26.058335354817597,2000,0
2010,258,1.166435185158333,18457.16856714788,-0.0,572.8369515294931,26.058335354817597,2000,0
2010,259,1.1740740740499997,18457.16856714788,0.0,572.8369515294931,26.058335354817597,2000,0
2010,260,1.1775462962708332,18457.16856714788,-0.0,572.8369515294931,26.058335354817597,2000,0
2010,261,1.1833333333083331,18457.16856714788,0.0,572.8369515294931,26.058335354817597,2000,0
2010,262,1.1861111110874998,18457.16856714788,-0.0,572.8369515294931,26.058335354817597,2000,0
2010,263,1.1881944444208332,18457.16856714788,0.0,572.8369515294931,26.058335354817597,2000,0
2010,264,1.1951388888624999,18457.16856714788,-0.0,572.8369515294931,26.058335354817597,2000,0
2010,265,0,0,0,0,0,0,8350.784517784945
2010,266,0,0,0,0,0,0,0
2010,267,0,0,0,0,0,0,0
2010,268,0,0,0,0,0,0,0
2010,269,0,0,0,0,0,0,0
2010,270,0,0,0,0,0,0,0
2010,271,0,0,0,0,0,0,0
2010,272,0,0,0,0,0,0,0
2010,273,0,0,0,0,0,0,0
2010,274,0,0,0,0,0,0,0
2010,275,0,0,0,0,0,0,0
2010,276,0,0,0,0,0,0,0
2010,277,0,0,0,0,0,0,0
2010,278,0,0,0,0,0,0,0
2010,279,0,0,0,0,0,0,0
2010,280,0,0,0,0,0,0,0
2010,281,0,0,0,0,0,0,0
2010,282,0,0,0,0,0,0,0
2010,283,0,0,0,0,0,0,0
2010,284,0,0,0,0,0,0,0
2010,285,0,0,0,0,0,0,0
2010,286,0,0,0,0,0,0,0
2010,287,0,0,0,0,0,0,0
2010,288,0,0,0,0,0,0,0
2010,289,0,0,0,0,0,0,0
2010,290,0,0,0,0,0,0,0
2010,291,0,0,0,0,0,0,0
2010,292,0,0,0,0,0,0,0
2010,293,0,0,0,0,0,0,0
2010,294,0,0,0,0,0,0,0
2010,295,0,0,0,0,0,0,0
2010,296,0,0,0,0,0,0,0
2010,297,0,0,0,0,0,0,0
2010,298,0,0,0,0,0,0,0
2010,299,0,0,0,0,0,0,0
2010,300,0,0,0,0,0,0,0
2010,301,0,0,0,0,0,0,0
2010,302,0,0,0,0,0,0,0
2010,303,0,0,0,0,0,0,0
2010,304,0,0,0,0,0,0,0
2010,305,0,0,0,0,0,0,0
2010,306,0,0,0,0,0,0,0
2010,307,0,0,0,0,0,0,0
2010,308,0,0,0,0,0,0,0
2010,309,0,0,0,0,0,0,0
2010,310,0,0,0,0,0,0,0
2010,311,0,0,0,0,0,0,0
2010,312,0,0,0,0,0,0,0
2010,313,0,0,0,0,0,0,0
2010,314,0,0,0,0,0,0,0
2010,315,0,0,0,0,0,0,0
2010,316,0,0,0,0,0,0,0
2010,317,0,0,0,0,0,0,0
2010,318,0,0,0,0,0,0,0
2010,319,0,0,0,0,0,0,0
2010,320,0,0,0,0,0,0,0
2010,321,0,0,0,0,0,0,0
2010,322,0,0,0,0,0,0,0
2010,323,0,0,0,0,0,0,0
2010,324,0,0,0,0,0,0,0
2010,325,0,0,0,0,0,0,0
2010,326,0,0,0,0,0,0,0
2010,327,0,0,0,0,0,0,0
2010,328,0,0,0,0,0,0,0
2010,329,0,0,0,0,0,0,0
2010,330,0,0,0,0,0,0,0
2010,331,0,0,0,0,0,0,0
2010,332,0,0,0,0,0,0,0
2010,333,0,0,0,0,0,0,0
2010,334,0,0,0,0,0,0,0
2010,335,0,0,0,0,0,0,0
2010,336,0,0,0,0,0,0,0
2010,337,0,0,0,0,0,0,0
2010,338,0,0,0,0,0,0,0
2010,339,0,0,0,0,0,0,0
2010,340,0,0,0,0,0,0,0
2010,341,0,0,0,0,0,0,0
2010,342,0,0,0,0,0,0,0
2010,343,0,0,0,0,0,0,0
2010,344,0,0,0,0,0,0,0
2010,345,0,0,0,0,0,0,0
2010,346,0,0,0,0,0,0,0
2010,347,0,0,0,0,0,0,0
2010,348,0,0,0,0,0,0,0
2010,349,0,0,0,0,0,0,0
2010,350,0,0,0,0,0,0,0
2010,351,0,0,0,0,0,0,0
2010,352,0,0,0,0,0,0,0
2010,353,0,0,0,0,0,0,0
2010,354,0,0,0,0,0,0,0
2010,355,0,0,0,0,0,0,0
2010,356,0,0,0,0,0,0,0
2010,357,0,0,0,0,0,0,0
2010,358,0,0,0,0,0,0,0
2010,359,0,0,0,0,0,0,0
2010,360,0,0,0,0,0,0,0
2010,361,0,0,0,0,0,0,0
2010,362,0,0,0,0,0,0,0
2010,363,0,0,0,0,0,0,0
2010,364,0,0,0,0,0,0,0
2010,365,0,0,0,0,0,0,0
2011,1,0,0,0,0,0,0,0
2011,2,0,0,0,0,0,0,0
2011,3,0,0,0,0,0,0,0
2011,4,0,0,0,0,0,0,0
2011,5,0,0,0,0,0,0,0
2011,6,0,0,0,0,0,0,0
2011,7,0,0,0,0,0,0,0
2011,8,0,0,0,0,0,0,0
2011,9,0,0,0,0,0,0,0
2011,10,0,0,0,0,0,0,0
2011,11,0,0,0,0,0,0,0
2011,12,0,0,0,0,0,0,0
2011,13,0,0,0,0,0,0,0
2011,14,0,0,0,0,0,0,0
2011,15,0,0,0,0,0,0,0
2011,16,0,0,0,0,0,0,0
2011,17,0,0,0,0,0,0,0
2011,18,0,0,0,0,0,0,0
2011,19,0,0,0,0,0,0,0
2011,20,0,0,0,0,0,0,0
2011,21,0,0,0,0,0,0,0
2011,22,0,0,0,0,0,0,0
2011,23,0,0,0,0,0,0,0
2011,24,0,0,0,0,0,0,0
2011,25,0,0,0,0,0,0,0
2011,26,0,0,0,0,0,0,0
2011,27,0,0,0,0,0,0,0
2011,28,0,0,0,0,0,0,0
2011,29,0,0,0,0,0,0,0
2011,30,0,0,0,0,0,0,0
2011,31,0,0,0,0,0,0,0
2011,32,0,0,0,0,0,0,0
2011,33,0,0,0,0,0,0,0
2011,34,0,0,0,0,0,0,0
2011,35,0,0,0,0,0,0,0
2011,36,0,0,0,0,0,0,0
2011,37,0,0,0,0,0,0,0
2011,38,0,0,0,0,0,0,0
2011,39,0,0,0,0,0,0,0
2011,40,0,0,0,0,0,0,0
2011,41,0,0,0,0,0,0,0
2011,42,0,0,0,0,0,0,0
2011,43,0,0,0,0,0,0,0
2011,44,0,0,0,0,0,0,0
2011,45,0,0,0,0,0,0,0
2011,46,0,0,0,0,0,0,0
2011,47,0,0,0,0,0,0,0
2011,48,0,0,0,0,0,0,0
2011,49,0,0,0,0,0,0,0
2011,50,0,0,0,0,0,0,0
2011,51,0,0,0,0,0,0,0
2011,52,0,0,0,0,0,0,0
2011,53,0,0,0,0,0,0,0
2011,54,0,0,0,0,0,0,0
2011,55,0,0,0,0,0,0,0
2011,56,0,0,0,0,0,0,0
2011,57,0,0,0,0,0,0,0
2011,58,0,0,0,0,0,0,0
2011,59,0,0,0,0,0,0,0
2011,60,0,0,0,0,0,0,0
2011,61,0,0,0,0,0,0,0
2011,62,0,0,0,0,0,0,0
2011,63,0,0,0,0,0,0,0
2011,64,0,0,0,0,0,0,0
2011,65,0,0,0,0,0,0,0
2011,66,0,0,0,0,0,0,0
2011,67,0,0,0,0,0,0,0
2011,68,0,0,0,0,0,0,0
2011,69,0,0,0,0,0,0,0
2011,70,0,0,0,0,0,0,0
2011,71,0,0,0,0,0,0,0
2011,72,0,0,0,0,0,0,0
2011,73,0,0,0,0,0,0,0
2011,74,0,0,0,0,0,0,0
2011,75,0,0,0,0,0,0,0
2011,76,0,0,0,0,0,0,0
2011,77,0,0,0,0,0,0,0
2011,78,0,0,0,0,0,0,0
2011,79,0,0,0,0,0,0,0
2011,80,0,0,0,0,0,0,0
2011,81,0,0,0,0,0,0,0
2011,82,0,0,0,0,0,0,0
2011,83,0,0,0,0,0,0,0
2011,84,0,0,0,0,0,0,0
2011,85,0,0,0,0,0,0,0
2011,86,0,0,0,0,0,0,0
2011,87,0,0,0,0,0,0,0
2011,88,0,0,0,0,0,0,0
2011,89,0,0,0,0,0,0,0
2011,90,0,0,0,0,0,0,0
2011,91,0,0,0,0,0,0,0
2011,92,0,0,0,0,0,0,0
2011,93,0,0,0,0,0,0,0
2011,94,0,0,0,0,0,0,0
2011,95,0,0,0,0,0,0,0
2011,96,0,0,0,0,0,0,0
2011,97,0,0,0,0,0,0,0
2011,98,0,0,0,0,0,0,0
2011,99,0,0,0,0,0,0,0
2011,100,0,0,0,0,0,0,0
2011,101,0,0,0,0,0,0,0
2011,102,0,0,0,0,0,0,0
2011,103,0,0,0,0,0,0,0
2011,104,0,0,0,0,0,0,0
2011,105,0,0,0,0,0,0,0
2011,106,0,0,0,0,0,0,0
2011,107,0,0,0,0,0,0,0
2011,108,0,0,0,0,0,0,0
2011,109,0,0,0,0,0,0,0
2011,110,0,0,0,0,0,0,0
2011,111,0,0,0,0,0,0,0
2011,112,0,0,0,0,0,0,0
2011,113,0,0,0,0,0,0,0
2011,114,0,0,0,0,0,0,0
2011,115,0,0,0,0,0,0,0
2011,116,0,0,0,0,0,0,0
2011,117,0,0,0,0,0,0,0
2011,118,0,0,0,0,0,0,0
2011,119,0,0,0,0,0,0,0
2011,120,0,0,0,0,0,0,0
2011,121,0,0,0,0,0,0,0
2011,122,0.0004629629624999998,1.6075855315694526e-05,6.584467545376816e-06,0.0,0.0,2.3148148124999994,0
2011,123,0.0009259259249999996,5.1837877196594305e-05,1.3250501455271751e-05,0.0,0.0,4.629629624999999,0
2011,124,0.0009259259249999996,8.575618808952049e-05,1.3250501455271751e-05,2.4363835269250466e-06,1.157007653796642e-07,4.629629624999999,0
2011,125,0.003703703704166667,0.00021890989892071812,5.50021545736951e-05,4.030435680609396e-06,3.1522808055423496e-07,18.518518520833332,0
2011,126,0.005555555554166666,0.00043415891957060345,8.456553167875431e-05,1.0287290458767974e-05,4.587395560518023e-07,27.77777777083333,0
2011,127,0.009722222220833333,0.0007832607595447429,0.00015644046864393495,2.040080008748605e-05,1.3425760419119748e-06,48.61111110416667,0
2011,128,0.013425925925,0.0013177238966796852,0.00022696354876327655,3.679852521060276e-05,2.4396284920515127e-06,67.129629625,0
2011,129,0.018287037037500002,0.23028849194796383,0.001127719479281099,6.189962632808353e-05,4.38141807825467e-06,91.43518518750001,0
2011,130,0.022453703704166668,0.570566986538192,0.001923349488175916,0.010816248471005586,7.206837235739489e-06,112.26851852083334,0
2011,131,0.032175925925,1.569837135111217,0.0045891124186006665,0.026794696012125304,0.0016347532835562458,160.879629625,0
2011,132,0.04120370370416667,3.4529293811641644,0.007646410269043212,0.0737040002988378,0.003216759020753015,206.01851852083337,0
2011,133,0.05069444444166667,6.242958358582907,0.011577979296383689,0.1620861197224796,0.009421302557510197,253.4722222083333,0
2011,134,0.0537037037,6.624826810462233,0.012107133163353764,0.2930123043155976,0.019373936582332472,268.5185185,0
2011,135,0.05671296295833333,7.055194755872646,0.012670537527522056,0.31091860871657684,0.033751953323264215,283.5648147916666,0
2011,136,0.059722222216666655,7.088953278050095,0.012833581996136732,0.3311061973119402,0.033751953323264215,298.61111108333324,0
2011,137,0.06249999999583333,7.1223027826703165,0.012993257017587552,0.33268015874815093,0.033751953323264215,312.49999997916666,0
2011,138,0.06597222221666665,7.154895753444113,0.013205913411958406,0.3342373993297293,0.033751953323264215,329.86111108333324,0
2011,139,0.06782407406666667,7.191063930082435,0.013325546498277762,0.33575836517953894,0.033751953323264215,339.12037033333337,0
2011,140,0.07291666665833332,9.926452168990455,0.016063515724077073,0.3374515941963764,0.033751953323264215,364.5833332916666,0
2011,141,0.07986111110416666,15.563972668018657,0.021294773960308242,0.4658051417219683,0.033751953323264215,399.3055555208333,0
2011,142,0.08796296295833332,22.727053530864843,0.02848447050290355,0.7303265899540095,0.05053350063186216,439.8148147916666,0
2011,143,0.09745370369583331,32.100277950448685,0.03846008142758245,1.0664112398084316,0.07950797375300844,487.2685184791665,0
2011,144,0.10324074073333332,42.36451434309124,0.04505086953950065,1.5061995122908833,0.11157206725868185,516.2037036666666,0
2011,145,0.10694444443749998,46.823475009428385,0.047964646281388607,1.9878142733957824,0.1564367970821749,534.7222221874998,0
2011,146,0.10717592592083333,46.95716415378713,0.04799664640289023,2.197109064925808,0.20055042513670535,535.8796296041667,0
2011,147,0.11018518517916666,47.084575452466275,0.04842493937271304,2.2034196870767433,0.20774970443426283,550.9259258958333,0
2011,148,0.11342592592083332,47.206537083561635,0.04891255995425652,2.209415035111248,0.20774970443426283,567.1296296041666,0
2011,149,0.11805555555000001,57.95352125832673,0.05534938681003011,2.2151586248415436,0.20774970443426283,590.27777775,0
2011,150,0.12361111110416667,72.34938398821213,0.06438103207171982,2.719180845024454,0.20774970443426283,618.0555555208333,0
2011,151,0.13402777777083336,94.39257224887626,0.08517970808881507,3.3943257317874584,0.2687992544468901,670.1388888541668,0
2011,152,0.142129629625,122.7189284959845,0.10399067181425277,4.42794824847064,0.32359996908167754,710.648148125,0
2011,153,0.14907407407083334,153.35881935170795,0.12187272078420425,5.756195619363243,0.4279237647043983,745.3703703541668,0
2011,154,0.15555555555416667,189.68982403756976,0.14024425670887708,7.193196533194643,0.5438193876571208,777.7777777708334,0
2011,155,0.16805555555416668,237.10498105665872,0.18264376118940617,8.89501972094432,0.664284813337505,840.2777777708335,0
2011,156,0.17754629629583335,291.2106384214761,0.22052183639832718,11.115347706041327,0.7993057523814862,887.7314814791669,0
2011,157,0.18842592592500002,358.6888934748607,0.27069183294320115,13.648345799167416,0.9880728430894786,942.1296296250001,0
2011,158,0.1995370370375,439.75390195083753,0.33008998699899517,16.80351984240975,1.172550637527281,997.6851851875,0
2011,159,0.21319444444583335,546.84409854738,0.4153988256150205,20.58926478088774,1.4166302605482883,1065.9722222291668,0
2011,160,0.22407407407500002,660.3535482071463,0.4936685701440172,25.583952104250635,1.671825603001821,1120.370370375,0
2011,161,0.2268518518541667,687.3883061308127,0.5036836587889232,30.904530933036256,2.0467092880111855,1134.2592592708336,0
2011,162,0.2296296296333334,717.7287211931117,0.5152326586704996,32.24968417621222,2.4349858203512014,1148.148148166667,0
2011,163,0.23287037037500005,734.489780911254,0.5251332582630559,33.67169953592003,2.4349858203512014,1164.3518518750002,0
2011,164,0.23819444445000001,850.7239566245579,0.5670336644805785,34.47112620166439,2.4930155105174547,1190.9722222500002,0
2011,165,0.2439814814875,961.7870136002848,0.6141150028560277,39.812375618476345,2.5014740569682297,1219.9074074375,0
2011,166,0.25092592593333335,1097.328726632668,0.67853556021714,45.01798389269872,3.0126445570845464,1254.629629666667,0
2011,167,0.2550925926,1201.0627175045684,0.7123570519568975,51.34207903509478,3.2372848045353972,1275.4629630000002,0
2011,168,0.2638888888958334,1380.9553167142544,0.8032339103522516,56.238925602495584,3.725784142521826,1319.444444479167,0
2011,169,0.2743055555625,1563.9623687225335,0.9170400938980227,64.53369592184092,3.8643688232541615,1371.5277778125,0
2011,170,0.2842592592666667,1775.8026126019652,1.0309464207037828,73.0802937610478,4.450911029010722,1421.2962963333334,0
2011,171,0.29398148148750003,2005.075623409725,1.145797219360706,82.92658686718622,4.819984675970807,1469.9074074375003,0
2011,172,0.30231481482083333,2242.183964615919,1.2459952066199806,93.60993196250926,5.368748615263921,1511.5740741041668,0
2011,173,0.3143518518583333,2489.244542511912,1.3917048948193491,104.65581223198039,5.898465409448849,1571.7592592916665,0
2011,174,0.32291666667083335,2750.983247685386,1.4945879592838123,116.17929357504607,6.338456838049187,1614.5833333541668,0
2011,175,0.32754629630000004,2962.6748072423115,1.5434476168184597,128.3988409462723,6.892764937848677,1637.7314815000002,0
2011,176,0.33356481482083333,3224.881656606139,1.6118351902653056,138.45633137386147,7.527437781205934,1667.8240741041668,0
2011,177,0.3407407407458334,3518.260333840987,1.6938737597782132,150.57388756113082,7.881064704383226,1703.7037037291668,0
2011,178,0.35162037037500005,3823.8443211888807,1.8134069257226257,164.15239982004064,8.467203678448753,1758.1018518750002,0
2011,179,0.3604166666708334,4107.107751895505,1.9048334257825656,178.37714585935706,8.919453870103577,1802.083333354167,0
2011,180,0.3675925925958334,4395.817654404466,1.975515837667149,191.70543960684824,9.491070377506832,1837.962962979167,0
2011,181,0.3763888888916668,4730.225365388948,2.057080797674498,205.1778556981215,9.965672724122335,1881.944444458334,0
2011,182,0.39004629630000004,5070.1745530627995,2.1721704061802267,220.55305828152382,10.406513926335698,1950.2314815000002,0
2011,183,0.40347222222500007,5391.884899535111,2.2710703528686316,236.36934295908628,10.795871862141041,2000,0
2011,184,0.4134259259291667,5694.692144952058,2.3353486923624915,251.56591185325703,11.194956457662332,2000,0
2011,185,0.42314814815000007,6006.522681545466,2.391212865402305,265.901064163957,11.633259467782002,2000,0
2011,186,0.4335648148166667,6348.13080313546,2.4439177032706842,280.5248250112926,11.990561287738577,2000,0
2011,187,0.4451388888916667,6671.078426260154,2.494474207245809,296.4312709367774,12.357679902683145,2000,0
2011,188,0.4553240740750001,7001.572709233231,2.532563386980191,311.68896390499634,12.744509642735867,2000,0
2011,189,0.4650462962958334,7325.768447514404,2.5639517612029428,327.19504072088984,13.109017581258728,2000,0
2011,190,0.47569444444583336,7640.343424058172,2.5934445934645147,342.46235450285155,13.504712695569097,2000,0
2011,191,0.4879629629625001,7975.451657877653,2.6219496573578507,357.30041849766957,13.831868745195678,2000,0
2011,192,0.5009259259250001,8314.006684780137,2.646655083444416,372.95709617754653,14.09922815534197,2000,0
2011,193,0.5122685185166667,8640.774415419555,2.6644348064333614,388.8450933698561,14.414839439620387,2000,0
2011,194,0.5212962962916666,8964.188523511433,2.676430055157849,404.2612566277156,14.771727041783363,2000,0
2011,195,0.527777777775,9298.4037974828,2.684019447061714,419.48594593818234,15.152755644788622,2000,0
2011,196,0.5365740740708332,9633.037901823547,2.6931535931228128,435.1438361987412,15.587270227514967,2000,0
2011,197,0.5483796296291666,9992.880823576677,2.7035794417694707,450.8656748851651,15.957611635724659,2000,0
2011,198,0.5611111111124999,10316.588658556975,2.712833483787115,467.6549570285064,16.266884553323848,2000,0
2011,199,0.5747685185208332,10614.729577340056,2.7208918505293616,483.03752342596897,16.634196340636286,2000,0
2011,200,0.5881944444458332,10903.79203769224,2.7272894679140713,497.1969597765186,16.886832252865222,2000,0
2011,201,0.6013888888916666,11212.694949704675,2.7323925499881114,510.8455740582441,17.14046761352225,2000,0
2011,202,0.6155092592625,11517.331591912232,2.736809903481094,525.2743638635135,17.391711574757718,2000,0
2011,203,0.6275462963,11837.403814469191,2.7398820709647964,539.6059762997846,17.679881791492235,2000,0
2011,204,0.6400462963,12154.878533009662,2.742523897192547,554.5758652370381,17.997041633999526,2000,0
2011,205,0.6527777777833333,12496.315691711943,2.744741918026091,569.5037511455896,18.336346480759758,2000,0
2011,206,0.6629629629708333,12801.330048565394,2.7462303327935436,585.4346826837319,18.667346326623477,2000,0
2011,207,0.6745370370458332,13101.690429168013,2.7476646349564513,599.9394056062172,19.096308715057624,2000,0
2011,208,0.6856481481583333,13408.228429090012,2.748824018967351,614.0982822362998,19.401614405692968,2000,0
2011,209,0.6949074074166667,13709.732055389195,2.749651994735621,628.4803459575382,19.752327960692277,2000,0
2011,210,0.7053240740833333,14028.473020271758,2.750455449912645,642.6739943112425,20.12865039045906,2000,0
2011,211,0.716666666675,14338.205406799603,2.7511985947048783,657.5726476057462,20.47507747677016,2000,0
2011,212,0.72824074075,14653.452345518192,2.751837305223609,672.166822011354,20.859828255641865,2000,0
2011,213,0.7405092592666667,14962.652246714913,2.7524039375990412,686.9607496293678,21.216307053529654,2000,0
2011,214,0.7537037037125001,15291.505505605168,2.7529080911764336,701.5214513214601,21.59183740460158,2000,0
2011,215,0.7664351851958333,15601.355465612161,2.75330918519072,716.8839558664054,21.946509915236554,2000,0
2011,216,0.7770833333458333,15889.28915237012,2.7535910633502687,731.5317965385107,22.357503150430524,2000,0
2011,217,0.7879629629749999,16178.039428460204,2.753836628267902,745.1826402461132,22.73426913280919,2000,0
2011,218,0.7997685185291665,16478.747710231353,2.7540619871194036,758.7627527636482,23.08185509909134,2000,0
2011,219,0.8122685185291666,16785.180348513284,2.7542614420251814,772.8382280154949,23.43824482485743,2000,0
2011,220,0.8233796296416666,17080.08872618657,2.754410371936005,787.2065799755712,23.81457925385055,2000,0
2011,221,0.8328703703833332,17375.647259401965,2.754519652748913,801.1211244866514,24.208035090795384,2000,0
2011,222,0.8402777777916666,17669.59438415687,2.7545948424049476,815.0151087022251,24.585780581522922,2000,0
2011,223,0.8469907407541665,17876.10321397092,2.75464709325714,828.8390835209372,24.983473350857782,2000,0
2011,224,0.8553240740875,18084.384427097553,2.754705192740588,838.9790492067855,25.37579901992448,2000,0
2011,225,0.8638888889041666,18274.485882152618,2.7547564481395304,848.8054374022554,25.594654264777528,2000,0
2011,226,0.8712962963083332,18483.88801251301,2.754797036704343,857.8343578564776,25.876759066850877,2000,0
2011,227,0.8787037037166666,18692.498912931118,2.754833456848523,867.5907691374841,26.10941878611999,2000,0
2011,228,0.8872685185333332,18900.73801848105,2.7548709343738205,877.3905490530939,26.397040486745933,2000,0
2011,229,0.8967592592749999,19083.590569567983,2.7549052872817463,887.1792826842753,26.660575399736523,2000,0
2011,230,0.9053240740916666,19273.821708926964,2.608232088631626,895.8994057200431,26.929470114966485,2000,0
2011,231,0.9136574074249999,19452.911481957297,2.252015205697621,904.817164491674,27.153396048746863,2000,0
2011,232,0.9231481481666667,19623.38705086346,1.7307153891468725,913.2872586067319,27.408975379758,2000,0
2011,233,0.93333333335,19748.533092703172,1.153810259142796,921.347987009764,27.629914550147433,2000,0
2011,234,0.9402777777958332,19824.220475638584,0.6890811267797334,927.4595652275303,27.8457995411685,2000,0
2011,235,0.9497685185375,19867.787550087345,0.34613565845994804,931.2860834680781,27.988669540531895,2000,0
2011,236,0.959953703725,19886.780277671303,0.13861451130029295,933.521281665349,28.056272929165186,2000,0
2011,237,0.9694444444666668,19892.847459865035,0.042354433977619475,934.5555138635522,28.08853769273776,2000,0
2011,238,0.9770833333583334,19894.752896374084,0.009706224442615822,934.9197002938988,28.089837423715885,2000,0
2011,239,0.9849537037291668,19895.040730716708,0.0014604272863480057,935.0248803891982,28.089837423715885,2000,0
2011,240,0.9925925926208335,19895.06315697597,0.00010817979857630259,935.0407688449111,28.089837423715885,2000,0
2011,241,0.9988425926208335,19895.063420030667,1.252080971489556e-06,935.0420067744225,28.089837423715885,2000,0
2011,242,1.006250000029167,19895.063420030667,0,935.0420217959764,28.089837423715885,2000,0
2011,243,1.0125000000291668,19895.063420030667,-0.0,935.0420217959764,28.089837423715885,2000,0
