year,j_day,change in sw,runoff,evaporation,transpiration,drainage,precipitation,calculated water,difference
,,mmH2O,mmH2O,mmH2O,mmH2O,mmH2O,mmH2O,mmH2O,mmH2O
2009,244,-2.068476371538452,0.0,2.0684763715384684,0.0,0.0,0.0,1.6431300764452317e-14,-1.6431300764452317e-14
2009,245,-1.8047438716751003,0.0,1.8047438716750734,0.0,0.0,0.0,-2.6867397195928788e-14,2.6867397195928788e-14
2009,246,-1.6971493690954276,0.0,1.6971493690954402,0.0,0.0,0.0,1.2656542480726785e-14,-1.2656542480726785e-14
2009,247,-1.401216180937297,0.0,1.4012161809373072,0.0,0.0,0.0,1.021405182655144e-14,-1.021405182655144e-14
2009,248,-1.3310229796533974,0.0,1.3310229796533892,0.0,0.0,0.0,-8.215650382226158e-15,8.215650382226158e-15
2009,249,-1.2287297936250923,0.0,1.2287297936250916,0.0,0.0,0.0,-6.661338147750939e-16,6.661338147750939e-16
2009,250,-1.077211208372887,0.0,1.0772112083728722,0.0,0.0,0.0,-1.4876988529977098e-14,1.4876988529977098e-14
2009,251,-0.9693420781896407,0.0,0.969342078189664,0.0,0.0,0.0,2.3314683517128287e-14,-2.3314683517128287e-14
2009,252,-0.9092912163054905,0.0,0.9092912163054842,0.0,0.0,0.0,-6.328271240363392e-15,6.328271240363392e-15
2009,253,-0.7980120851892565,0.0,0.79801208518926,0.0,0.0,0.0,3.552713678800501e-15,-3.552713678800501e-15
2009,254,-0.922118792691677,0.0,0.9221187926916727,0.0,0.0,0.0,-4.218847493575595e-15,4.218847493575595e-15
2009,255,-0.7599330117904515,0.0,0.7599330117904497,0.0,0.0,0.0,-1.7763568394002505e-15,1.7763568394002505e-15
2009,256,-0.6634296562064605,0.0,0.6634296562064644,0.0,0.0,0.0,3.885780586188048e-15,-3.885780586188048e-15
2009,257,-0.6414639911293847,0.0,0.6414639911293766,0.0,0.0,0.0,-8.104628079763643e-15,8.104628079763643e-15
2009,258,-0.6271336844410058,0.0,0.6271336844410128,0.0,0.0,0.0,6.994405055138486e-15,-6.994405055138486e-15
2009,259,-0.5816946029687813,0.0,0.5816946029687866,0.0,0.0,0.0,5.329070518200751e-15,-5.329070518200751e-15
2009,260,-0.4967394601221713,0.0,0.49673946012216147,0.0,0.0,0.0,-9.825473767932635e-15,9.825473767932635e-15
2009,261,-0.46575912219569204,0.0,0.46575912219571153,0.0,0.0,0.0,1.9484414082171497e-14,-1.9484414082171497e-14
2009,262,-0.44898679910912165,0.0,0.44898679910909645,0.0,0.0,0.0,-2.5202062658991053e-14,2.5202062658991053e-14
2009,263,-0.4296647488222334,0.0,0.4296647488222394,0.0,0.0,0.0,5.995204332975845e-15,-5.995204332975845e-15
2009,264,2.711243096864706,0.0,0.3367569031352942,0.0,0.0,3.048,3.0480000000000005,-4.440892098500626e-16
2009,265,1.4228908786630683,0.0,0.35510912133693656,0.0,0.0,1.778,1.778000000000005,-4.884981308350689e-15
2009,266,23.00084428734256,4.882925759559737,0.31022995309770546,0.0,0.0,28.194,28.194000000000003,-3.552713678800501e-15
2009,267,-0.9424986469877297,0.0,1.4504986469877328,0.0,0.0,0.508,0.5080000000000031,-3.1086244689504383e-15
2009,268,-1.363486624938787,0.0,1.3634866249387927,0.0,0.0,0.0,5.773159728050814e-15,-5.773159728050814e-15
2009,269,-5.504354233583626,0.0,0.7755553148656712,0.0,7.776798918717963,3.048,3.048000000000008,-7.993605777301127e-15
2009,270,-1.499591223488295,0.0,1.499591223488289,0.0,0.0,0.0,-5.995204332975845e-15,5.995204332975845e-15
2009,271,3.0698185960995374,0.0,1.2481814039004533,0.0,0.0,4.318,4.317999999999991,8.881784197001252e-15
2009,272,0.5417732223565963,0.0,0.9822267776434316,0.0,0.0,1.524,1.524000000000028,-2.7977620220553945e-14
2009,273,-1.090086297743568,0.0,1.090086297743552,0.0,0.0,0.0,-1.5987211554602254e-14,1.5987211554602254e-14
2009,274,-2.611346360819283,0.0,1.0646718011651202,0.0,1.5466745596541474,0.0,-1.554312234475219e-14,1.554312234475219e-14
2009,275,15.995322536799932,2.9632984378129428,0.8224055367180617,0.0,0.5389734886690803,20.32,20.320000000000014,-1.4210854715202004e-14
2009,276,1.9099197326097794,0.0,0.6300802673902127,0.0,0.0,2.54,2.539999999999992,7.993605777301127e-15
2009,277,-0.3528798365405237,0.0,0.606879836540522,0.0,0.0,0.254,0.25399999999999834,1.6653345369377348e-15
2009,278,-15.303671596510185,0.0,0.9117051028639642,0.0,14.391966493646233,0.0,1.2434497875801753e-14,-1.2434497875801753e-14
2009,279,3.3945915510226996,0.0,0.7920629413700694,0.0,1.9093455076072368,6.096,6.096000000000005,-5.329070518200751e-15
2009,280,3.1265791610534563,0.0,0.9374208389465296,0.0,0.0,4.064,4.063999999999986,1.4210854715202004e-14
2009,281,-0.8873555001567297,0.0,0.887355500156731,0.0,0.0,0.0,1.3322676295501878e-15,-1.3322676295501878e-15
2009,282,-3.389601882012869,0.0,0.6276498331292684,0.0,4.031952048883586,1.27,1.2699999999999854,1.4654943925052066e-14
2009,283,-3.8809418121435044,0.0,0.7525711699200057,0.0,3.12837064222351,0.0,1.1102230246251565e-14,-1.1102230246251565e-14
2009,284,-0.6078047331596963,0.0,0.6078047331596987,0.0,0.0,0.0,2.4424906541753444e-15,-2.4424906541753444e-15
2009,285,-0.5439433447622548,0.0,0.5439433447622418,0.0,0.0,0.0,-1.2989609388114332e-14,1.2989609388114332e-14
2009,286,-0.5132398495738926,0.0,0.5132398495738857,0.0,0.0,0.0,-6.8833827526759706e-15,6.8833827526759706e-15
2009,287,1.268215097825049,0.0,0.509784902174951,0.0,0.0,1.778,1.778,0.0
2009,288,1.4499852869183485,0.0,0.5820147130816511,0.0,0.0,2.032,2.0319999999999996,4.440892098500626e-16
2009,289,3.275988064662215,0.0,0.5340119353377897,0.0,0.0,3.81,3.810000000000005,-4.884981308350689e-15
2009,290,-0.6187509494699555,0.0,0.6187509494699727,0.0,0.0,0.0,1.7208456881689926e-14,-1.7208456881689926e-14
2009,291,-0.6196971565665876,0.0,0.5556607325814068,0.0,0.06403642398516683,0.0,-1.4002687898084787e-14,1.4002687898084787e-14
2009,292,-3.931107087411675,0.0,0.6570386307452414,0.0,3.2740684566664267,0.0,-7.105427357601002e-15,7.105427357601002e-15
2009,293,-0.7654414024981406,0.0,0.7654414024981503,0.0,0.0,0.0,9.658940314238862e-15,-9.658940314238862e-15
2009,294,2.149208529302399,0.0,0.39079147069761005,0.0,0.0,2.54,2.540000000000009,-8.881784197001252e-15
2009,295,8.370567288907836,0.06718276419245633,0.9602499468996933,0.0,0.0,9.398,9.397999999999985,1.4210854715202004e-14
2009,296,17.565987560850346,5.584622228374895,0.2173902107747715,0.0,0.0,23.368,23.36800000000001,-1.0658141036401503e-14
2009,297,11.64420975451526,3.202481805867348,0.39330843961737333,0.0,0.0,15.24,15.23999999999998,1.9539925233402755e-14
2009,298,-7.8153828641469545,0.0,0.644611365908232,0.0,7.932771498238712,0.762,0.7619999999999898,1.021405182655144e-14
2009,299,-17.504887438235755,0.0,0.7057961308682034,0.0,17.561091307367565,0.762,0.7620000000000147,-1.4654943925052066e-14
2009,300,-7.843059120037196,0.0,0.5228369815784237,0.0,11.638222138458781,4.318,4.3180000000000085,-8.881784197001252e-15
2009,301,-0.8124301318559901,0.0,0.6958549621502669,0.0,0.11657516970571061,0.0,-1.2628786905111156e-14,1.2628786905111156e-14
2009,302,-0.6125923116625529,0.0,0.5527330174090973,0.0,0.059859294253451684,0.0,-3.913536161803677e-15,3.913536161803677e-15
2009,303,13.701293103227698,4.352693008229059,0.5064770630496778,0.0,3.791536825493562,22.352,22.351999999999997,3.552713678800501e-15
2009,304,-0.24548466266276137,0.0,0.7534846626627624,0.0,0.0,0.508,0.508000000000001,-9.992007221626409e-16
2009,305,-0.46134947440882,0.0,0.46134947440881785,0.0,0.0,0.0,-2.1649348980190553e-15,2.1649348980190553e-15
2009,306,-16.7861015269078,0.0,0.5427936061333418,0.0,16.24330792077446,0.0,0.0,0.0
2009,307,-0.5302479410879073,0.0,0.5302479410879037,0.0,0.0,0.0,-3.552713678800501e-15,3.552713678800501e-15
2009,308,-0.5377142768413989,0.0,0.5377142768413987,0.0,0.0,0.0,-2.220446049250313e-16,2.220446049250313e-16
2009,309,-0.46107575354139385,0.0,0.46107575354138536,0.0,0.0,0.0,-8.493206138382448e-15,8.493206138382448e-15
2009,310,-0.42327266327515645,0.0,0.4232726632751934,0.0,0.0,0.0,3.697042672001771e-14,-3.697042672001771e-14
2009,311,-0.5001915785345545,0.0,0.5001915785345356,0.0,0.0,0.0,-1.8984813721090177e-14,1.8984813721090177e-14
2009,312,-0.6095398071408056,0.0,0.6095398071407975,0.0,0.0,0.0,-8.104628079763643e-15,8.104628079763643e-15
2009,313,-0.6039402761180952,0.0,0.6039402761180878,0.0,0.0,0.0,-7.438494264988549e-15,7.438494264988549e-15
2009,314,-0.422638078949376,0.0,0.4226380789493805,0.0,0.0,0.0,4.496403249731884e-15,-4.496403249731884e-15
2009,315,-0.4495940047304998,0.0,0.4495940047304928,0.0,0.0,0.0,-6.994405055138486e-15,6.994405055138486e-15
2009,316,-0.36412545824342146,0.0,0.3641254582434329,0.0,0.0,0.0,1.1435297153639112e-14,-1.1435297153639112e-14
2009,317,-0.307367342505529,0.0,0.3073673425055325,0.0,0.0,0.0,3.497202527569243e-15,-3.497202527569243e-15
2009,318,-0.2831479259830303,0.0,0.2831479259830302,0.0,0.0,0.0,-1.1102230246251565e-16,1.1102230246251565e-16
2009,319,-0.28092831424615383,0.0,0.28092831424615267,0.0,0.0,0.0,-1.1657341758564144e-15,1.1657341758564144e-15
2009,320,-0.22433070715487702,0.0,0.22433070715489217,0.0,0.0,0.0,1.5154544286133387e-14,-1.5154544286133387e-14
2009,321,-0.21542866311672526,0.0,0.2154286631167011,0.0,0.0,0.0,-2.4147350785597155e-14,2.4147350785597155e-14
2009,322,0.28510179080103626,0.0,0.2228982091989786,0.0,0.0,0.508,0.5080000000000149,-1.4876988529977098e-14
2009,323,2.412324037984874,0.0,0.12767596201513512,0.0,0.0,2.54,2.540000000000009,-8.881784197001252e-15
2009,324,1.3610461944052474,0.0,0.1629538055947615,0.0,0.0,1.524,1.524000000000009,-8.881784197001252e-15
2009,325,-0.38597964110545036,0.0,0.3859796411054511,0.0,0.0,0.0,7.216449660063518e-16,-7.216449660063518e-16
2009,326,-0.3472258466941298,0.0,0.3472258466941192,0.0,0.0,0.0,-1.0602629885170245e-14,1.0602629885170245e-14
2009,327,0.1647519181066457,0.0,0.34324808189334144,0.0,0.0,0.508,0.5079999999999871,1.2878587085651816e-14
2009,328,-0.18455418145074987,0.0,0.18455418145074087,0.0,0.0,0.0,-8.992806499463768e-15,8.992806499463768e-15
2009,329,7.958134088035024,0.0,0.16986591196500686,0.0,0.0,8.128,8.12800000000003,-3.019806626980426e-14
2009,330,11.685174518712785,0.7355627986047395,0.2792626826824362,0.0,0.0,12.7,12.69999999999996,3.907985046680551e-14
2009,331,-0.19002623507793714,0.0,0.19002623507794839,0.0,0.0,0.0,1.124100812432971e-14,-1.124100812432971e-14
2009,332,-4.090630165184081,0.0,0.2782790459882021,0.0,3.8123511191958768,0.0,-1.7763568394002505e-15,1.7763568394002505e-15
2009,333,-11.815294525667781,0.0,0.38247814700356986,0.0,11.686816378664208,0.254,0.253999999999996,3.9968028886505635e-15
2009,334,-0.1522077193506277,0.0,0.15220771935063762,0.0,0.0,0.0,9.908740494779522e-15,-9.908740494779522e-15
2009,335,-0.26423296936275165,0.0,0.26423296936273155,0.0,0.0,0.0,-2.0095036745715333e-14,2.0095036745715333e-14
2009,336,-0.38152778533199694,0.0,0.38152778533200393,0.0,0.0,0.0,6.994405055138486e-15,-6.994405055138486e-15
2009,337,-0.14591579035672453,0.0,0.14591579035674412,0.0,0.0,0.0,1.9595436384634013e-14,-1.9595436384634013e-14
2009,338,1.3984882779084842,0.23179042659288024,0.1477212954986246,0.0,0.0,1.778,1.7779999999999891,1.0880185641326534e-14
2009,339,-0.17435465306795095,0.0,0.1743546530679418,0.0,0.0,0.0,-9.159339953157541e-15,9.159339953157541e-15
2009,340,-0.1752587065562352,0.0,0.17525870655624518,0.0,0.0,0.0,9.96425164601078e-15,-9.96425164601078e-15
2009,341,1.3356299611609757,0.24043435282296813,0.20193568601603298,0.0,0.0,1.778,1.777999999999977,2.3092638912203256e-14
2009,342,0.8461334748047591,0.0255671366479377,0.1442993885473372,0.0,0.0,1.016,1.016000000000034,-3.397282455352979e-14
2009,343,3.3857943430443243,13.221833568330396,0.15637208862526253,0.0,0.0,16.764,16.76399999999998,1.7763568394002505e-14
2009,344,0.5194757270877801,0.2890013382896956,0.12421029447995072,0.0,0.8453126401425688,1.778,1.7779999999999951,4.884981308350689e-15
2009,345,-0.8469470790521996,0.0,0.0009990362819308424,0.0,0.8459480427702878,0.0,1.9095836023552692e-14,-1.9095836023552692e-14
2009,346,-3.436476502568155,0.0,0.049543301560749035,0.0,3.386933201007396,0.0,-9.769962616701378e-15,9.769962616701378e-15
2009,347,-0.5435740969184906,0.0266815450586198,0.1654217355851275,0.0,1.367470816274733,1.016,1.0159999999999898,1.021405182655144e-14
2009,348,0.40775117404089656,0.0,0.10024882595912585,0.0,0.0,0.508,0.5080000000000224,-2.2426505097428162e-14
2009,349,1.8412473839638608,0.7851183237253677,0.16763429231076135,0.0,0.0,2.794,2.79399999999999,1.021405182655144e-14
2009,350,-0.7828146702253207,0.0,0.012128579857329961,0.0,0.7706860903679714,0.0,-1.9317880628477724e-14,1.9317880628477724e-14
2009,351,-0.4449000164782433,0.0,0.038198547302085946,0.0,0.4067014691761686,0.0,1.1268763699945339e-14,-1.1268763699945339e-14
2009,352,-1.9784956805553122,0.0,0.1337502744375006,0.0,1.8447454061178201,0.0,8.43769498715119e-15,-8.43769498715119e-15
2009,353,-0.135720582088652,0.0,0.13572058208865753,0.0,0.0,0.0,5.523359547510154e-15,-5.523359547510154e-15
2009,354,-0.15877818676548827,0.0,0.15877818676547967,0.0,0.0,0.0,-8.604228440844963e-15,8.604228440844963e-15
2009,355,-0.11894683634119474,0.0,0.11894683634119425,0.0,0.0,0.0,-4.85722573273506e-16,4.85722573273506e-16
2009,356,1.9548175455870194,0.7565793553772265,0.08260309903573713,0.0,0.0,2.794,2.793999999999983,1.687538997430238e-14
2009,357,1.8705829070595996,0.7879738675547591,0.13544322538566414,0.0,0.0,2.794,2.794000000000023,-2.3092638912203256e-14
2009,358,3.3025613221805656,12.319318042853826,0.12612063496560355,0.0,0.0,15.748,15.747999999999996,3.552713678800501e-15
2009,359,1.8020421037317078,14.71286344947814,0.1649225617474869,0.0,1.3541718850426643,18.034,18.034,0.0
2009,360,-0.02891143651103789,1.4382204364316635,0.27602213027567907,0.0,1.8706688698036855,3.556,3.5559999999999903,9.769962616701378e-15
2009,361,-2.431755346971755,0.04623778764874921,0.10021060521914343,0.0,3.301306954103856,1.016,1.0159999999999936,6.439293542825908e-15
2009,362,-3.2602964293938896,0.0,0.1060730003807607,0.0,3.1542234290131352,0.0,6.217248937900877e-15,-6.217248937900877e-15
2009,363,-1.9676131684402094,0.0,0.12182331898738451,0.0,1.8457898494528118,0.0,-1.3100631690576847e-14,1.3100631690576847e-14
2009,364,-0.9422648729411378,0.0,0.07290235672895311,0.0,0.8693625162121872,0.0,2.4424906541753444e-15,-2.4424906541753444e-15
2009,365,1.2266870731088773,0.14805911406806818,0.1492538128230746,0.0,0.0,1.524,1.52400000000002,-1.9984014443252818e-14
2010,1,-0.07933801922629868,0.0,0.07933801922630125,0.0,0.0,0.0,2.5673907444456745e-15,-2.5673907444456745e-15
2010,2,-0.04408028564847655,0.0,0.044080285648487795,0.0,0.0,0.0,1.1247947018233617e-14,-1.1247947018233617e-14
2010,3,-0.927748755984851,0.0,0.0009892774889330447,0.0,0.9267594784959091,0.0,-8.770761894538737e-15,8.770761894538737e-15
2010,4,-0.015342804029273793,0.0,0.015342804029244508,0.0,0.0,0.0,-2.928560172144046e-14,2.928560172144046e-14
2010,5,-0.06487336341865557,0.0,0.06487336341868723,0.0,0.0,0.0,3.1655233989624776e-14,-3.1655233989624776e-14
2010,6,-0.09308174154688231,0.0,0.09308174154688499,0.0,0.0,0.0,2.67841304690819e-15,-2.67841304690819e-15
2010,7,2.28997165348531,1.431824579786951,0.08820376672771031,0.0,0.0,3.81,3.809999999999971,2.886579864025407e-14
2010,8,2.828859441980086,4.629633314428578,0.16150724359135116,0.0,0.0,7.62,7.620000000000015,-1.509903313490213e-14
2010,9,-0.0009990359079381506,0.0,0.0009990359079297682,0.0,0.0,0.0,-8.382400676354429e-15,8.382400676354429e-15
2010,10,-1.991512591732345,0.0,0.0009989569269829158,0.0,1.9905136348053605,0.0,-1.7763568394002505e-15,1.7763568394002505e-15
2010,11,-2.914725690698077,0.0,0.08216982754352967,0.0,2.8325558631545382,0.0,-9.325873406851315e-15,9.325873406851315e-15
2010,12,-0.1425839357989389,0.0,0.14258393579893724,0.0,0.0,0.0,-1.6653345369377348e-15,1.6653345369377348e-15
2010,13,-0.15269453624242146,0.0,0.15269453624243123,0.0,0.0,0.0,9.769962616701378e-15,-9.769962616701378e-15
2010,14,-0.24226132425346236,0.0,0.2422613242534542,0.0,0.0,0.0,-8.1601392309949e-15,8.1601392309949e-15
2010,15,-0.27500238711073166,0.0,0.2750023871107267,0.0,0.0,0.0,-4.9404924595819466e-15,4.9404924595819466e-15
2010,16,-0.15023523936599759,0.0,0.15023523936597946,0.0,0.0,0.0,-1.812439087700568e-14,1.812439087700568e-14
2010,17,-0.1458965768089513,0.0,0.14589657680896181,0.0,0.0,0.0,1.0519363158323358e-14,-1.0519363158323358e-14
2010,18,-0.187910587078278,0.0,0.18791058707827815,0.0,0.0,0.0,1.3877787807814457e-16,-1.3877787807814457e-16
2010,19,-0.2491735825704211,0.0,0.2491735825704266,0.0,0.0,0.0,5.495603971894525e-15,-5.495603971894525e-15
2010,20,-0.20479917835015726,0.0,0.20479917835016745,0.0,0.0,0.0,1.0186296250935811e-14,-1.0186296250935811e-14
2010,21,-0.12022998154401421,0.0,0.12022998154398895,0.0,0.0,0.0,-2.525757381022231e-14,2.525757381022231e-14
2010,22,-0.10181717292942949,0.0,0.10181717292944285,0.0,0.0,0.0,1.3364309658925322e-14,-1.3364309658925322e-14
2010,23,-0.17751852267775803,0.0,0.17751852267775486,0.0,0.0,0.0,-3.164135620181696e-15,3.164135620181696e-15
2010,24,3.466818211976829,11.543771302687924,0.22941048533524477,0.0,0.0,15.24,15.239999999999998,1.7763568394002505e-15
2010,25,1.7280279119785291,0.7859477067177194,0.28002438130377066,0.0,0.0,2.794,2.794000000000019,-1.9095836023552692e-14
2010,26,-0.22548252256251544,0.0,0.22548252256252294,0.0,0.0,0.0,7.494005416219807e-15,-7.494005416219807e-15
2010,27,-1.3531119735625055,0.0,0.1277148600934736,0.0,1.2253971134690076,0.0,-2.4202861936828413e-14,2.4202861936828413e-14
2010,28,-1.8811555608981223,0.0,0.15158667765489725,0.0,1.729568883243225,0.0,0.0,0.0
2010,29,-0.016486684169194632,0.0,0.016486684169178402,0.0,0.0,0.0,-1.6230072841239007e-14,1.6230072841239007e-14
2010,30,-0.05096146736082119,0.0,0.05096146736084743,0.0,0.0,0.0,2.6242896744577138e-14,-2.6242896744577138e-14
2010,31,-0.14147177365319408,0.0,0.1414717736531874,0.0,0.0,0.0,-6.689093723366568e-15,6.689093723366568e-15
2010,32,-0.15459829083582122,0.0,0.15459829083581705,0.0,0.0,0.0,-4.163336342344337e-15,4.163336342344337e-15
2010,33,2.2051560320343526,1.4191454193103032,0.18569854865536517,0.0,0.0,3.81,3.810000000000021,-2.0872192862952943e-14
2010,34,-0.2569128089431558,0.0,0.25691280894312657,0.0,0.0,0.0,-2.9254376698872875e-14,2.9254376698872875e-14
2010,35,-0.25552486126042595,0.0,0.25552486126042234,0.0,0.0,0.0,-3.608224830031759e-15,3.608224830031759e-15
2010,36,-0.8556999943413359,0.0009613630861991601,0.28102548201640537,0.0,1.335713149238746,0.762,0.7620000000000146,-1.454392162258955e-14
2010,37,-0.3187230276578532,0.0,0.3187230276578455,0.0,0.0,0.0,-7.716050021144838e-15,7.716050021144838e-15
2010,38,-0.26493722299747446,0.0,0.26493722299749,0.0,0.0,0.0,1.554312234475219e-14,-1.554312234475219e-14
2010,39,1.2559512322976616,0.23941361361005142,0.2826351540922862,0.0,0.0,1.778,1.7779999999999991,8.881784197001252e-16
2010,40,1.7109748228123465,0.7764904222442212,0.30653475494346155,0.0,0.0,2.794,2.7940000000000293,-2.930988785010413e-14
2010,41,2.1090084079570204,1.491633982721287,0.20935760932169084,0.0,0.0,3.81,3.809999999999998,2.220446049250313e-15
2010,42,-0.8418831318922742,0.0,0.20298605955316368,0.0,0.6388970723390878,0.0,-2.275957200481571e-14,2.275957200481571e-14
2010,43,-1.940718771076007,0.0,0.22749895848460935,0.0,1.7132198125913995,0.0,1.9984014443252818e-15,-1.9984014443252818e-15
2010,44,-2.332078448825854,0.0,0.2230149919842772,0.0,2.109063456841586,0.0,8.881784197001252e-15,-8.881784197001252e-15
2010,45,-0.2239588459728168,0.0,0.22395884597280846,0.0,0.0,0.0,-8.326672684688674e-15,8.326672684688674e-15
2010,46,-0.24119032470952106,0.0,0.24119032470950927,0.0,0.0,0.0,-1.1796119636642288e-14,1.1796119636642288e-14
2010,47,0.9154818586058013,0.07033300277961722,0.2841851386145953,0.0,0.0,1.27,1.2700000000000138,-1.3766765505351941e-14
2010,48,-0.4175620607636006,0.0,0.4175620607635954,0.0,0.0,0.0,-5.162537064506978e-15,5.162537064506978e-15
2010,49,-0.3574574353882838,0.0,0.35745743538829644,0.0,0.0,0.0,1.2656542480726785e-14,-1.2656542480726785e-14
2010,50,-0.39677841876959974,0.0,0.39677841876959047,0.0,0.0,0.0,-9.270362255620057e-15,9.270362255620057e-15
2010,51,1.1325734843063628,0.23314614041548978,0.41228037527816386,0.0,0.0,1.778,1.7780000000000165,-1.6431300764452317e-14
2010,52,0.385086540935788,0.0005661260958130747,0.37634733296842077,0.0,0.0,0.762,0.7620000000000219,-2.1871393585115584e-14
2010,53,0.883655736759124,0.07566077019530326,0.31068349304555937,0.0,0.0,1.27,1.2699999999999867,1.3322676295501878e-14
2010,54,1.5802246889995217,0.6329897216468264,0.3267855893536499,0.0,0.0,2.54,2.5399999999999983,1.7763568394002505e-15
2010,55,-0.252850619060041,0.0,0.36691150247660315,0.0,0.13993911658343108,0.254,0.25399999999999323,6.772360450213455e-15
2010,56,-1.160715304298833,0.0,0.2775944939469054,0.0,0.8831208103519371,0.0,9.547918011776346e-15,-9.547918011776346e-15
2010,57,-1.8599700648184978,0.0,0.28038958432598615,0.0,1.5795804804925262,0.0,1.4654943925052066e-14,-1.4654943925052066e-14
2010,58,-0.3930363695135952,0.0,0.3930363695135879,0.0,0.0,0.0,-7.327471962526033e-15,7.327471962526033e-15
2010,59,-0.4610281577818114,0.0,0.4610281577818089,0.0,0.0,0.0,-2.4980018054066022e-15,2.4980018054066022e-15
2010,60,-0.3174188945840797,0.0,0.3174188945840795,0.0,0.0,0.0,-1.6653345369377348e-16,1.6653345369377348e-16
2010,61,-0.4711401972197109,0.0,0.47114019721972855,0.0,0.0,0.0,1.765254609153999e-14,-1.765254609153999e-14
2010,62,-0.39243590167009756,0.0,0.3924359016700929,0.0,0.0,0.0,-4.6629367034256575e-15,4.6629367034256575e-15
2010,63,-0.41467436691795,0.0,0.41467436691793075,0.0,0.0,0.0,-1.9262369477246466e-14,1.9262369477246466e-14
2010,64,-0.4873372192256511,0.0,0.4873372192256598,0.0,0.0,0.0,8.715250743307479e-15,-8.715250743307479e-15
2010,65,-0.4993787756378083,0.0,0.49937877563783073,0.0,0.0,0.0,2.2426505097428162e-14,-2.2426505097428162e-14
2010,66,-0.04422674235320301,0.0,0.5522267423531897,0.0,0.0,0.508,0.5079999999999867,1.3322676295501878e-14
2010,67,-0.5159047651342803,0.0,0.5159047651342783,0.0,0.0,0.0,-1.9984014443252818e-15,1.9984014443252818e-15
2010,68,-0.4598582239908069,0.0,0.4598582239908202,0.0,0.0,0.0,1.3322676295501878e-14,-1.3322676295501878e-14
2010,69,2.713661876714667,3.276890375747762,0.35944774753756203,0.0,0.0,6.35,6.349999999999991,8.881784197001252e-15
2010,70,1.3154530801614897,0.5845303310281657,0.6400165888103488,0.0,0.0,2.54,2.540000000000004,-3.9968028886505635e-15
2010,71,5.6413724935464415,0.0,0.7086275064535801,0.0,0.0,6.35,6.350000000000022,-2.220446049250313e-14
2010,72,-0.5806186764631889,0.0,0.5806186764631892,0.0,0.0,0.0,3.3306690738754696e-16,-3.3306690738754696e-16
2010,73,-0.4050000173285184,0.0,0.4050000173285314,0.0,0.0,0.0,1.2989609388114332e-14,-1.2989609388114332e-14
2010,74,-5.6528706533172794,0.0,1.114940581471944,0.0,4.537930071845318,0.0,-1.687538997430238e-14,1.687538997430238e-14
2010,75,-1.1894721598968374,0.0,1.189472159896847,0.0,0.0,0.0,9.547918011776346e-15,-9.547918011776346e-15
2010,76,-1.0552633228175807,0.0,1.0552633228175818,0.0,0.0,0.0,1.1102230246251565e-15,-1.1102230246251565e-15
2010,77,-0.9974096678983528,0.0,0.9974096678983546,0.0,0.0,0.0,1.7763568394002505e-15,-1.7763568394002505e-15
2010,78,-0.8224004831579066,0.0,0.8224004831579045,0.0,0.0,0.0,-2.1094237467877974e-15,2.1094237467877974e-15
2010,79,4.70271875855974,0.0,0.6312812414402745,0.0,0.0,5.334,5.334000000000015,-1.509903313490213e-14
2010,80,-0.7312624302706467,0.0,0.7312624302706292,0.0,0.0,0.0,-1.7541523789077473e-14,1.7541523789077473e-14
2010,81,-0.9535588364649357,0.0,0.9535588364649502,0.0,0.0,0.0,1.454392162258955e-14,-1.454392162258955e-14
2010,82,-1.0948367697238268,0.0,1.0948367697238166,0.0,0.0,0.0,-1.021405182655144e-14,1.021405182655144e-14
2010,83,-1.0017796001458805,0.0,1.0017796001458732,0.0,0.0,0.0,-7.327471962526033e-15,7.327471962526033e-15
2010,84,-0.8213007534901351,0.0,0.821300753490151,0.0,0.0,0.0,1.587618925213974e-14,-1.587618925213974e-14
2010,85,-0.5866538710700979,0.0,0.5866538710701099,0.0,0.0,0.0,1.199040866595169e-14,-1.199040866595169e-14
2010,86,-0.5555932675394217,0.0,0.5555932675394117,0.0,0.0,0.0,-9.992007221626409e-15,9.992007221626409e-15
2010,87,-0.5024144574686886,0.0,0.5024144574687053,0.0,0.0,0.0,1.6653345369377348e-14,-1.6653345369377348e-14
2010,88,-0.6021875226003743,0.0,0.6021875226003673,0.0,0.0,0.0,-6.994405055138486e-15,6.994405055138486e-15
2010,89,-0.6927818760728996,0.0,0.692781876072906,0.0,0.0,0.0,6.328271240363392e-15,-6.328271240363392e-15
2010,90,-0.8193557345312996,0.0,0.8193557345312892,0.0,0.0,0.0,-1.0436096431476471e-14,1.0436096431476471e-14
2010,91,-0.7897962397097729,0.0,0.7897962397097733,0.0,0.0,0.0,4.440892098500626e-16,-4.440892098500626e-16
2010,92,-0.9510541841003999,0.0,0.9510541841004071,0.0,0.0,0.0,7.216449660063518e-15,-7.216449660063518e-15
2010,93,3.3569755978106457,0.0,0.7070244021893417,0.0,0.0,4.064,4.063999999999988,1.2434497875801753e-14
2010,94,-0.8410047843709094,0.0,0.8410047843709094,0.0,0.0,0.0,0.0,0.0
2010,95,-0.8091230882755838,0.0,0.809123088275595,0.0,0.0,0.0,1.1213252548714081e-14,-1.1213252548714081e-14
2010,96,18.738956332521155,3.179494765012488,0.9415489024663546,0.0,0.0,22.86,22.86,0.0
2010,97,17.960277953868115,7.669006372465688,1.0407156736662009,0.0,0.0,26.67,26.670000000000005,-3.552713678800501e-15
2010,98,10.357880450854992,2.678715037639402,0.9334045115056057,0.0,0.0,13.97,13.969999999999999,1.7763568394002505e-15
2010,99,-9.77321500258384,0.0,0.9037460216422296,0.0,8.869468980941585,0.0,-2.4868995751603507e-14,2.4868995751603507e-14
2010,100,-19.41381013352091,0.0,1.4519894954758163,0.0,17.961820638045108,0.0,1.4210854715202004e-14,-1.4210854715202004e-14
2010,101,-11.647420138686215,0.0,1.2910044051773328,0.0,10.356415733508868,0.0,-1.4210854715202004e-14,1.4210854715202004e-14
2010,102,-1.2723532462171931,0.0,1.2723532462171836,0.0,0.0,0.0,-9.547918011776346e-15,9.547918011776346e-15
2010,103,1.5385012382704701,0.0,1.0014987617295381,0.0,0.0,2.54,2.540000000000008,-7.993605777301127e-15
2010,104,-1.153919115034455,0.0,1.15391911503447,0.0,0.0,0.0,1.509903313490213e-14,-1.509903313490213e-14
2010,105,-1.8081123800023704,0.0,1.8081123800023597,0.0,0.0,0.0,-1.0658141036401503e-14,1.0658141036401503e-14
2010,106,0.9891821919176493,0.0,1.2968178080823551,0.0,0.0,2.286,2.2860000000000045,-4.440892098500626e-15
2010,107,-1.1524383645659668,0.0,1.1524383645659586,0.0,0.0,0.0,-8.215650382226158e-15,8.215650382226158e-15
2010,108,-1.018084432850472,0.0,1.018084432850493,0.0,0.0,0.0,2.1094237467877974e-14,-2.1094237467877974e-14
2010,109,-0.8820542642056779,0.0,0.8820542642056645,0.0,0.0,0.0,-1.3433698597964394e-14,1.3433698597964394e-14
2010,110,-0.7586605209830282,0.0,0.7586605209830389,0.0,0.0,0.0,1.0769163338864018e-14,-1.0769163338864018e-14
2010,111,-0.9081094039544837,0.0,0.9081094039544699,0.0,0.0,0.0,-1.3766765505351941e-14,1.3766765505351941e-14
2010,112,-0.8028438475720918,0.0,0.8028438475720973,0.0,0.0,0.0,5.440092820663267e-15,-5.440092820663267e-15
2010,113,-0.7941240845849649,0.0,0.7941240845849742,0.0,0.0,0.0,9.325873406851315e-15,-9.325873406851315e-15
2010,114,7.574621739291032,0.0,0.8073782607089834,0.0,0.0,8.382,8.382000000000016,-1.5987211554602254e-14
2010,115,11.582222274316536,0.43020559554401844,0.6875721301394387,0.0,0.0,12.7,12.699999999999992,7.105427357601002e-15
2010,116,0.14617100134199745,0.0,1.1238289986579937,0.0,0.0,1.27,1.2699999999999911,8.881784197001252e-15
2010,117,-1.815947094403782,0.0,1.8159470944037654,0.0,0.0,0.0,-1.6653345369377348e-14,1.6653345369377348e-14
2010,118,-8.931092863596376,0.0,1.4489012465962061,0.0,7.482191617000165,0.0,-5.329070518200751e-15,5.329070518200751e-15
2010,119,-1.5729158634143516,0.0,1.4431899894035969,0.0,0.12972587401075966,0.0,4.912736883966318e-15,-4.912736883966318e-15
2010,120,-1.429804121655934,0.0,1.4298041216559356,0.0,0.0,0.0,1.5543122344752192e-15,-1.5543122344752192e-15
2010,121,21.652981863741672,7.426276651480291,1.400741484778046,0.0,0.0,30.48,30.480000000000008,-7.105427357601002e-15
2010,122,-1.742063379457278,0.0,1.742063379457267,0.0,0.0,0.0,-1.0880185641326534e-14,1.0880185641326534e-14
2010,123,-2.140021741809818,0.0,2.1394952300368746,0.0005265117729547356,0.0,0.0,1.1546319456101628e-14,-1.1546319456101628e-14
2010,124,-16.30027955601082,0.0,1.5466982404170848,0.0008624577134884249,15.514718857880245,0.762,0.7619999999999969,3.1086244689504383e-15
2010,125,1.7441010699553203,0.0,1.8107657217373592,0.0011332083073364336,0.0,3.556,3.556000000000016,-1.5987211554602254e-14
2010,126,-1.7041945315745295,0.0,1.7022955663894324,0.0018989651850808587,0.0,0.0,-1.6431300764452317e-14,1.6431300764452317e-14
2010,127,-1.0293686838030567,0.0,1.0280131593628408,0.0013555244402278898,0.0,0.0,1.2212453270876722e-14,-1.2212453270876722e-14
2010,128,14.153448873359196,1.0607764801371449,0.5329946304042827,0.0007800160993987038,0.0,15.748,15.748000000000022,-2.3092638912203256e-14
2010,129,-1.3929423561784517,0.0,1.3916239130461947,0.0013184431322515872,0.0,0.0,-5.329070518200751e-15,5.329070518200751e-15
2010,130,-1.675408070102634,0.0,1.6736375118743598,0.0017705582282724847,0.0,0.0,-1.5543122344752192e-15,1.5543122344752192e-15
2010,131,1.8209737577065823,0.6816174022838054,1.1815619812781706,0.0014527313840890165,8.506394127347338,12.192,12.191999999999986,1.4210854715202004e-14
2010,132,2.1028473870856317,0.0,1.7054735334188809,0.0016790794955196535,0.0,3.81,3.810000000000032,-3.197442310920451e-14
2010,133,21.11369866859019,13.755021400264337,0.6905854815225078,0.0006944496229489929,0.0,35.56,35.55999999999998,2.1316282072803006e-14
2010,134,-8.500030972724176,0.0,1.751013251315852,0.0017608060326960771,7.255256915375626,0.508,0.5079999999999982,1.7763568394002505e-15
2010,135,-3.963122886164456,0.0,1.838189453546974,0.0023188255666153216,2.122614607050845,0.0,-2.1316282072803006e-14,2.1316282072803006e-14
2010,136,-22.820264328737892,0.0,1.7292900000587896,0.002612613611593917,21.08836171506755,0.0,3.907985046680551e-14,-3.907985046680551e-14
2010,137,-1.3005071367979042,0.0,1.2981016621611747,0.0024054746367364785,0.0,0.0,7.105427357601002e-15,-7.105427357601002e-15
2010,138,-1.3781857222996905,0.0,1.3748788228551443,0.003306899444548176,0.0,0.0,1.9984014443252818e-15,-1.9984014443252818e-15
2010,139,-1.4983931661522547,0.0,1.4940991115382176,0.004294054614028153,0.0,0.0,-8.881784197001252e-15,8.881784197001252e-15
2010,140,-1.5930005156908464,0.0,1.5862232927807374,0.006777222910106327,0.0,0.0,-2.4424906541753444e-15,2.4424906541753444e-15
2010,141,5.046020664078355,0.0,1.2945335515461278,0.00944578437552533,0.0,6.35,6.3500000000000085,-8.881784197001252e-15
2010,142,-1.0046200496732638,0.0,0.9977633032875031,0.006856746385768697,0.0,0.0,7.993605777301127e-15,-7.993605777301127e-15
2010,143,-1.4681729935338836,0.0,1.4550717073556265,0.013101286178247337,0.0,0.0,-9.547918011776346e-15,9.547918011776346e-15
2010,144,-1.6189331897366657,0.0,1.5964409841237095,0.02249220561297198,0.0,0.0,1.5987211554602254e-14,-1.5987211554602254e-14
2010,145,-1.5343114155840567,0.0,1.4970225674801423,0.03728884810391634,0.0,0.0,1.7763568394002505e-15,-1.7763568394002505e-15
2010,146,0.25801465404481405,0.0,1.2165604801273904,0.04942486582779262,0.0,1.524,1.5239999999999971,2.886579864025407e-15
2010,147,-1.3113240049099204,0.0,1.2463489093811468,0.06497509552876415,0.0,0.0,-9.547918011776346e-15,9.547918011776346e-15
2010,148,-1.2425030212922934,0.0,1.1557332131384823,0.08676980815380797,0.0,0.0,-3.3306690738754696e-15,3.3306690738754696e-15
2010,149,-1.16071967669221,0.0,1.0570317909113394,0.10368788578086223,0.0,0.0,-8.43769498715119e-15,8.43769498715119e-15
2010,150,-1.111872689328976,0.0,0.984562671953511,0.1273100173754645,0.0,0.0,-6.661338147750939e-16,6.661338147750939e-16
2010,151,-1.11976536558727,0.0,0.9507850463746205,0.16898031921266102,0.0,0.0,1.1546319456101628e-14,-1.1546319456101628e-14
2010,152,-1.0601309788683295,0.0,0.8529778291710559,0.2071531496972771,0.0,0.0,3.552713678800501e-15,-3.552713678800501e-15
2010,153,0.26513671237327685,0.0,0.77338916573642,0.23147412189029218,0.0,1.27,1.269999999999989,1.1102230246251565e-14
2010,154,6.603577468283305,0.0,0.7529239061523245,0.26349862556438053,0.0,7.62,7.62000000000001,-9.769962616701378e-15
2010,155,5.122323232231821,0.0,0.9909053861607259,0.23677138160744896,0.0,6.35,6.349999999999996,3.552713678800501e-15
2010,156,0.28101034460513574,0.0,1.701414399789298,0.30357525560558507,0.0,2.286,2.286000000000019,-1.9095836023552692e-14
2010,157,21.81380289474859,8.98939901062867,1.8444134456447199,0.3723846489780183,0.0,33.02,33.019999999999996,7.105427357601002e-15
2010,158,0.5306562338913636,0.0,2.160454473841087,0.3568892922675315,0.0,3.048,3.047999999999982,1.8207657603852567e-14
2010,159,7.71817363907013,0.985819169323057,2.3042422502007502,0.42176494140605925,0.0,11.43,11.429999999999996,3.552713678800501e-15
2010,160,-8.877849040012649,0.7144289475467737,1.248310683185637,0.253332277801822,16.059777131478437,9.398,9.398000000000021,-2.1316282072803006e-14
2010,161,-3.5868089495148183,0.0,2.5310028387059806,0.5413642289839952,0.5144418818248214,0.0,-2.120525977034049e-14,2.120525977034049e-14
2010,162,-7.536659485491185,0.0,1.1926920147603504,0.36121049147493656,7.760756979255914,1.778,1.7780000000000165,-1.6431300764452317e-14
2010,163,-9.809497760010856,0.0,2.0535169701835274,0.6672836805047618,7.0886971093225375,0.0,-2.930988785010413e-14,2.930988785010413e-14
2010,164,-1.5699308911299283,0.0,1.0687213407345726,0.5012095503953754,0.0,0.0,1.9761969838327786e-14,-1.9761969838327786e-14
2010,165,-0.307475506570114,0.0,0.8302469202701511,0.4932285862999744,0.0,1.016,1.0160000000000116,-1.1546319456101628e-14
2010,166,18.47118616263242,3.6791096311168707,0.7251568022575042,0.49254740399319397,0.0,23.368,23.367999999999988,1.0658141036401503e-14
2010,167,12.562498881094626,3.0993616759922746,1.4722285626473175,0.6459108802657944,0.0,17.78,17.780000000000012,-1.0658141036401503e-14
2010,168,-3.0861424349172353,0.0,2.0805095226498884,1.0056329122673595,0.0,0.0,1.2878587085651816e-14,-1.2878587085651816e-14
2010,169,-8.932338330699025,0.0,1.5422297133235843,1.0371914079933917,10.924917209382075,4.572,4.572000000000026,-2.5757174171303632e-14
2010,170,-15.728270616961083,0.0,2.0259524727231693,1.2817394352053502,12.420578709032545,0.0,-1.7763568394002505e-14,1.7763568394002505e-14
2010,171,-2.857806221308948,0.0,1.5042849921018915,1.3535212292070489,0.0,0.0,-7.993605777301127e-15,7.993605777301127e-15
2010,172,-2.315134406752378,0.0,1.0518077841123656,1.263326622640024,0.0,0.0,1.1546319456101628e-14,-1.1546319456101628e-14
2010,173,11.409547048862635,0.49182635679176046,0.8179169804216895,1.250709613923918,0.0,13.97,13.970000000000002,-1.7763568394002505e-15
2010,174,26.55639374784724,36.00804240713516,1.8068069126974415,1.668756932320155,0.0,66.04,66.03999999999999,1.4210854715202004e-14
2010,175,-3.4810750470145138,0.0,1.7279858079828685,1.7530892390316382,0.0,0.0,-7.105427357601002e-15,7.105427357601002e-15
2010,176,-4.712364903881479,0.0,1.3854985023221384,1.8883243024587488,1.4385420991006004,0.0,8.659739592076221e-15,-8.659739592076221e-15
2010,177,-14.535267889168807,6.136279773459257,1.1712962220448064,2.080488977409595,26.48320291625513,21.336,21.33599999999998,1.7763568394002505e-14
2010,178,7.164533211297879,0.4759387913477402,1.584688821631768,1.9508391757226495,0.0,11.176,11.176000000000037,-3.730349362740526e-14
2010,179,0.35642538486149533,0.0,1.4997487622808952,1.953825852857589,0.0,3.81,3.809999999999979,2.0872192862952943e-14
2010,180,-8.352714430505557,0.0,1.3930218902148777,1.9058630501884006,5.053829490102279,0.0,0.0,0.0
2010,181,-10.569556664915154,0.0,1.2513243021698233,2.1658459497456555,7.1523864129996815,0.0,6.217248937900877e-15,-6.217248937900877e-15
2010,182,-3.5066947933549244,0.0,0.9980076406673604,2.168805037893216,0.3398821147943734,0.0,2.4924506902834764e-14,-2.4924506902834764e-14
2010,183,-2.9667457479519044,0.0,0.805420892637008,2.1613248553148825,0.0,0.0,-1.3766765505351941e-14,1.3766765505351941e-14
2010,184,-2.8484142672824504,0.0,0.6690062438451985,2.1794080234372646,0.0,0.0,1.2434497875801753e-14,-1.2434497875801753e-14
2010,185,-2.850718104419684,0.0,0.580186487662062,2.2705316167576153,0.0,0.0,-6.661338147750939e-15,6.661338147750939e-15
2010,186,1.0101723392088786,0.0,0.4908101855784656,2.3090174752126624,0.0,3.81,3.8100000000000067,-6.661338147750939e-15
2010,187,8.310381351282956,0.0,0.35927409385639986,1.4903445548606418,0.0,10.16,10.159999999999998,1.7763568394002505e-15
2010,188,-2.958416507457983,0.0,0.9661193584563583,1.9922971490016324,0.0,0.0,7.549516567451064e-15,-7.549516567451064e-15
2010,189,3.325349400408655,0.0,0.8629915316713924,2.1616590679199503,0.0,6.35,6.349999999999998,1.7763568394002505e-15
2010,190,-3.625066625954389,0.0,1.2922810767729591,2.332785549181429,0.0,0.0,-8.881784197001252e-16,8.881784197001252e-16
2010,191,-3.6371809211678823,0.0,1.109900326874316,2.527280594293575,0.0,0.0,8.43769498715119e-15,-8.43769498715119e-15
2010,192,-3.605079103862465,0.0,0.935958613091813,2.669120490770644,0.0,0.0,-7.993605777301127e-15,7.993605777301127e-15
2010,193,1.0901647759458655,0.0,0.5990752791755363,2.120759944878603,0.0,3.81,3.8100000000000045,-4.440892098500626e-15
2010,194,-2.6507648676173687,0.0,0.6545984970424638,1.9961663705749138,0.0,0.0,8.881784197001252e-15,-8.881784197001252e-15
2010,195,-2.950421041245292,0.0,0.6449391366804637,2.305481904564823,0.0,0.0,-5.329070518200751e-15,5.329070518200751e-15
2010,196,19.923873842633228,3.2937917112777346,0.6573926625068762,2.7949417835821784,0.0,26.67,26.670000000000016,-1.4210854715202004e-14
2010,197,-3.7476249321455555,0.0,1.267992117906924,2.4796328142386317,0.0,0.0,0.0,0.0
2010,198,-3.4413161973012194,0.0,1.0023485327214112,2.43896766457981,0.0,0.0,2.220446049250313e-15,-2.220446049250313e-15
2010,199,-0.548071805216324,0.0,0.7743728752337813,2.3136989299825563,0.0,2.54,2.540000000000014,-1.3766765505351941e-14
2010,200,-2.7969270468037593,0.0,0.7144994792720636,2.082427567531699,0.0,0.0,3.1086244689504383e-15,-3.1086244689504383e-15
2010,201,1.0687050185358657,0.0,0.618269495424364,2.1230254860397695,0.0,3.81,3.8099999999999996,4.440892098500626e-16
2010,202,-3.0888873150888543,0.0,0.780753967198565,2.3081333478902843,0.0,0.0,-5.329070518200751e-15,5.329070518200751e-15
2010,203,-3.071630786274042,0.0,0.6763946119303924,2.3952361743436636,0.0,0.0,1.3766765505351941e-14,-1.3766765505351941e-14
2010,204,34.19670463306866,25.549418078869447,0.47559734804586706,2.0082799400160196,0.0,62.23,62.22999999999999,7.105427357601002e-15
2010,205,21.018187263019968,32.83889774088351,1.0722607968055928,2.220654199290926,0.0,57.15,57.15,0.0
2010,206,-3.1098635355714066,0.0,1.0115843579526704,2.0982791776187226,0.0,0.0,-1.3322676295501878e-14,1.3322676295501878e-14
2010,207,-17.349197897647258,0.0,0.9132824688956357,2.2825465322679213,14.153368896483727,0.0,2.4868995751603507e-14,-2.4868995751603507e-14
2010,208,-24.04702126268981,0.0,0.7490270464669707,2.260691059394043,21.037303156828795,0.0,-3.552713678800501e-15,3.552713678800501e-15
2010,209,9.49432364119943,0.30593495991550795,0.6313748595540888,2.268366539330991,0.0,12.7,12.700000000000017,-1.7763568394002505e-14
2010,210,-3.660267068242149,0.0,1.1675230131445562,2.4927440550975466,0.0,0.0,-4.618527782440651e-14,4.618527782440651e-14
2010,211,-3.057788085771449,0.0,0.8376162964454316,2.220171789326011,0.0,0.0,-6.217248937900877e-15,6.217248937900877e-15
2010,212,-0.4205922488214924,0.0,0.39945253981677636,1.266738657811158,0.02440105119357918,1.27,1.2700000000000213,-2.1316282072803006e-14
2010,213,-2.900566800047031,0.0,0.697214118778277,2.20335268126875,0.0,0.0,-3.9968028886505635e-15,3.9968028886505635e-15
2010,214,-3.063336245661432,0.0,0.646732509177685,2.4166037364837445,0.0,0.0,-2.6645352591003757e-15,2.6645352591003757e-15
2010,215,-1.5717063255947608,0.0,0.428590542469486,1.90511578312529,0.0,0.762,0.7620000000000156,-1.554312234475219e-14
2010,216,-2.829299094885158,0.0,0.4904183539330291,2.3388807409521286,0.0,0.0,-4.440892098500626e-16,4.440892098500626e-16
2010,217,-2.697968890492433,0.0,0.41021911470691724,2.287749775785495,0.0,0.0,-2.042810365310288e-14,2.042810365310288e-14
2010,218,-2.4897153403610304,0.0,0.33366564745679866,2.1560496929042228,0.0,0.0,-8.881784197001252e-15,8.881784197001252e-15
2010,219,-2.783379167655454,0.0,0.3316251294406345,2.45175403821481,0.0,0.0,-9.325873406851315e-15,9.325873406851315e-15
2010,220,25.842309428352323,6.757980402768182,0.22955151564809018,1.9681586532314228,0.0,34.798,34.798000000000016,-1.4210854715202004e-14
2010,221,14.020275756476252,3.0756912577431983,0.8202026567256685,1.8958303290548735,0.0,19.812,19.811999999999994,7.105427357601002e-15
2010,222,-3.3037347018577634,0.0,0.9983497947363652,2.3053849071214034,0.0,0.0,5.329070518200751e-15,-5.329070518200751e-15
2010,223,-3.577817647919005,0.0,0.7718863718659849,2.16840925982827,0.637522016224754,0.0,3.885780586188048e-15,-3.885780586188048e-15
2010,224,-16.56361695108052,0.0,0.6234347992207335,2.080635539636895,13.85954661222287,0.0,-1.9539925233402755e-14,1.9539925233402755e-14
2010,225,-2.9723453140669562,0.0,0.6065237920445872,2.36582152202237,0.0,0.0,1.3322676295501878e-15,-1.3322676295501878e-15
2010,226,23.25382753399333,8.503175754634137,0.38083175477293396,1.6441649565996144,0.0,33.782,33.78200000000002,-2.1316282072803006e-14
2010,227,-2.696687836221429,0.0,0.9884235085151981,1.708264327706216,0.0,0.0,-1.4654943925052066e-14,1.4654943925052066e-14
2010,228,-2.140608826262678,0.0,0.9460249306857287,1.1945838955769728,0.0,0.0,2.353672812205332e-14,-2.353672812205332e-14
2010,229,-13.388884835310876,0.0,0.8802395425587134,0.7992282567505744,11.709417036001568,0.0,-1.9539925233402755e-14,1.9539925233402755e-14
2010,230,-0.8954727103059099,0.0,0.5655817586888358,0.32989095161707055,0.0,0.0,-3.774758283725532e-15,3.774758283725532e-15
2010,231,-0.8849581232459229,0.0,0.6737405639875308,0.2112175592583839,0.0,0.0,-8.215650382226158e-15,8.215650382226158e-15
2010,232,-0.3710702759258879,0.0,0.7730951874383646,0.10597508848754221,0.0,0.508,0.508000000000019,-1.8984813721090177e-14
2010,233,19.896011291834867,4.300474917126549,0.667459352738102,0.028054438300488854,0.0,24.892,24.892000000000007,-7.105427357601002e-15
2010,234,-0.9778741123303405,0.0,0.9737469986710169,0.004127113659317,0.0,0.0,-6.5503158452884236e-15,6.5503158452884236e-15
2010,235,-1.071364418271969,0.0,1.0710575696333249,0.00030684863863484214,0.0,0.0,-9.325873406851315e-15,9.325873406851315e-15
2010,236,-13.056304207693444,0.0,0.9746597298784196,0.0,12.081644477815038,0.0,1.4210854715202004e-14,-1.4210854715202004e-14
2010,237,-0.8209835918924284,0.0,0.8209835918924296,0.0,0.0,0.0,1.2212453270876722e-15,-1.2212453270876722e-15
2010,238,-0.7175673530202857,0.0,0.7175673530202802,0.0,0.0,0.0,-5.551115123125783e-15,5.551115123125783e-15
2010,239,-0.7168568870878005,0.0,0.7168568870877875,0.0,0.0,0.0,-1.2989609388114332e-14,1.2989609388114332e-14
2010,240,-0.8028911994255736,0.0,0.8028911994255805,0.0,0.0,0.0,6.8833827526759706e-15,-6.8833827526759706e-15
2010,241,-0.7997096781610367,0.0,0.7997096781610272,0.0,0.0,0.0,-9.43689570931383e-15,9.43689570931383e-15
2010,242,-0.7710233968800253,0.0,0.7710233968800303,0.0,0.0,0.0,4.9960036108132044e-15,-4.9960036108132044e-15
2010,243,-0.4958695329479781,0.0,0.4958695329479755,0.0,0.0,0.0,-2.609024107869118e-15,2.609024107869118e-15
2010,244,30.027974991493863,20.581330739129477,0.4446942693766714,0.0,0.0,51.054,51.054000000000016,-1.4210854715202004e-14
2010,245,-0.15143098399846622,0.0,0.9134309839984719,0.0,0.0,0.762,0.7620000000000057,-5.662137425588298e-15
2010,246,12.705216351201926,4.46966052910275,1.1131231196953206,0.0,0.0,18.288,18.287999999999997,3.552713678800501e-15
2010,247,-21.781302375646305,0.0,0.6620097869990346,0.0,21.881292588647316,0.762,0.7620000000000466,-4.6629367034256575e-14
2010,248,-0.8299159787261488,0.0,0.8299159787261206,0.0,0.0,0.0,-2.8199664825478976e-14,2.8199664825478976e-14
2010,249,-13.468304950247614,0.0,0.9080748743489883,0.0,12.560230075898655,0.0,3.019806626980426e-14,-3.019806626980426e-14
2010,250,-0.8800074928326751,0.0,0.7843592027362658,0.0,0.09564829009639246,0.0,-1.6833756610878936e-14,1.6833756610878936e-14
2010,251,-0.5893015263014831,0.0,0.5893015263014926,0.0,0.0,0.0,9.43689570931383e-15,-9.43689570931383e-15
2010,252,-0.6108842678164024,0.0,0.6108842678163783,0.0,0.0,0.0,-2.4091839634365897e-14,2.4091839634365897e-14
2010,253,-0.47526895458477725,0.0,0.47526895458478263,0.0,0.0,0.0,5.384581669432009e-15,-5.384581669432009e-15
2010,254,2.5967211927044787,0.0,0.7052788072955015,0.0,0.0,3.302,3.30199999999998,1.9984014443252818e-14
2010,255,-0.8503867882322709,0.0,0.8503867882322897,0.0,0.0,0.0,1.887379141862766e-14,-1.887379141862766e-14
2010,256,-0.8312127444651196,0.0,0.831212744465144,0.0,0.0,0.0,2.4424906541753444e-14,-2.4424906541753444e-14
2010,257,-0.6640092689183348,0.0,0.6640092689183084,0.0,0.0,0.0,-2.6423307986078726e-14,2.6423307986078726e-14
2010,258,-0.6090531803107524,0.0,0.6090531803107617,0.0,0.0,0.0,9.325873406851315e-15,-9.325873406851315e-15
2010,259,1.179635592570122,0.0,0.5983644074298659,0.0,0.0,1.778,1.777999999999988,1.199040866595169e-14
2010,260,-0.4703222030658196,0.0,0.4703222030658221,0.0,0.0,0.0,2.4980018054066022e-15,-2.4980018054066022e-15
2010,261,7.2517919357115375,0.0,0.6222080642884817,0.0,0.0,7.874,7.874000000000019,-1.9539925233402755e-14
2010,262,-0.4886041150353151,0.0,0.48860411503529005,0.0,0.0,0.0,-2.503552920529728e-14,2.503552920529728e-14
2010,263,-0.3289578004884106,0.0,0.3289578004884221,0.0,0.0,0.0,1.149080830487037e-14,-1.149080830487037e-14
2010,264,-4.106166845759134,0.0,0.6907361090404259,0.0,3.415430736718701,0.0,-7.105427357601002e-15,7.105427357601002e-15
2010,265,0.4163166514474028,0.0,0.5996833485525931,0.0,0.0,1.016,1.015999999999996,3.9968028886505635e-15
2010,266,-0.786453684450521,0.0,0.7864536844505203,0.0,0.0,0.0,-6.661338147750939e-16,6.661338147750939e-16
2010,267,6.786403224760562,0.0,1.0875967752394398,0.0,0.0,7.874,7.874000000000002,-2.6645352591003757e-15
2010,268,-0.7390510755048183,0.0,0.7390510755048129,0.0,0.0,0.0,-5.440092820663267e-15,5.440092820663267e-15
2010,269,-0.64561170916528,0.0,0.6456117091652875,0.0,0.0,0.0,7.549516567451064e-15,-7.549516567451064e-15
2010,270,-5.598458888324473,0.0,0.6974507089795892,0.0,4.90100817934488,0.0,-2.6645352591003757e-15,2.6645352591003757e-15
2010,271,-0.6871979725429185,0.0,0.6871979725429377,0.0,0.0,0.0,1.9206858326015208e-14,-1.9206858326015208e-14
2010,272,-0.6785978882305415,0.0,0.6785978882305436,0.0,0.0,0.0,2.1094237467877974e-15,-2.1094237467877974e-15
2010,273,-0.7483467575241889,0.0,0.7483467575241893,0.0,0.0,0.0,4.440892098500626e-16,-4.440892098500626e-16
2010,274,-0.6467323778416585,0.0,0.6467323778416485,0.0,0.0,0.0,-9.992007221626409e-15,9.992007221626409e-15
2010,275,0.09076024231822544,0.0,0.6712397576817727,0.0,0.0,0.762,0.7619999999999981,1.887379141862766e-15
2010,276,-0.39352572368147776,0.0,0.39352572368148653,0.0,0.0,0.0,8.770761894538737e-15,-8.770761894538737e-15
2010,277,-0.413345611370147,0.0,0.4133456113701402,0.0,0.0,0.0,-6.827871601444713e-15,6.827871601444713e-15
2010,278,-0.487732326624041,0.0,0.4877323266240277,0.0,0.0,0.0,-1.326716514427062e-14,1.326716514427062e-14
2010,279,-0.5091022757304984,0.0,0.5091022757305019,0.0,0.0,0.0,3.552713678800501e-15,-3.552713678800501e-15
2010,280,-0.584070551176552,0.0,0.5840705511765394,0.0,0.0,0.0,-1.2656542480726785e-14,1.2656542480726785e-14
2010,281,-0.5074961225941195,0.0,0.5074961225941246,0.0,0.0,0.0,5.10702591327572e-15,-5.10702591327572e-15
2010,282,-0.5332186551557072,0.0,0.533218655155705,0.0,0.0,0.0,-2.220446049250313e-15,2.220446049250313e-15
2010,283,-0.5769085874297843,0.0,0.5769085874297956,0.0,0.0,0.0,1.1213252548714081e-14,-1.1213252548714081e-14
2010,284,-0.5384137375211537,0.0,0.5384137375211476,0.0,0.0,0.0,-6.106226635438361e-15,6.106226635438361e-15
2010,285,-0.4409172079595862,0.0,0.4409172079595807,0.0,0.0,0.0,-5.495603971894525e-15,5.495603971894525e-15
2010,286,0.3158507063355671,0.0,0.44614929366444406,0.0,0.0,0.762,0.7620000000000111,-1.1102230246251565e-14
2010,287,-0.3252263793040413,0.0,0.3252263793040314,0.0,0.0,0.0,-9.880984919163893e-15,9.880984919163893e-15
2010,288,-0.3214282080397197,0.0,0.3214282080397193,0.0,0.0,0.0,-4.440892098500626e-16,4.440892098500626e-16
2010,289,-0.29060134839096463,0.0,0.2906013483909486,0.0,0.0,0.0,-1.6042722705833512e-14,1.6042722705833512e-14
2010,290,-0.3528218707457995,0.0,0.3528218707458209,0.0,0.0,0.0,2.1371793224034263e-14,-2.1371793224034263e-14
2010,291,-0.22184196535921785,0.0,0.22184196535921466,0.0,0.0,0.0,-3.191891195797325e-15,3.191891195797325e-15
2010,292,-0.239849074744086,0.0,0.23984907474408135,0.0,0.0,0.0,-4.6629367034256575e-15,4.6629367034256575e-15
2010,293,-0.21979904315013243,0.0,0.21979904315011942,0.0,0.0,0.0,-1.301736496372996e-14,1.301736496372996e-14
2010,294,-0.2803641606779337,0.0,0.2803641606779402,0.0,0.0,0.0,6.494804694057166e-15,-6.494804694057166e-15
2010,295,-0.17149220157649836,0.0,0.17149220157649767,0.0,0.0,0.0,-6.938893903907228e-16,6.938893903907228e-16
2010,296,1.8197528915864893,0.0,0.21224710841350874,0.0,0.0,2.032,2.0319999999999983,1.7763568394002505e-15
2010,297,15.694633987127219,1.1554005080124534,0.16796550486033282,0.0,0.0,17.018,17.018000000000004,-3.552713678800501e-15
2010,298,3.9569758878336643,0.0,0.36102411216633695,0.0,0.0,4.318,4.318000000000001,-1.7763568394002505e-15
2010,299,14.92603029713618,3.4176916746593258,0.4522780282044701,0.0,0.0,18.796,18.795999999999975,2.4868995751603507e-14
2010,300,-4.7363749752634305,0.0,0.3268944083572084,0.0,5.6794805669062445,1.27,1.2700000000000227,-2.2648549702353193e-14
2010,301,-4.316499379152759,0.0,0.3614705489017023,0.0,3.9550288302510612,0.0,4.440892098500626e-15,-4.440892098500626e-15
2010,302,-15.23935560101765,0.0,0.3105602428478961,0.0,14.92879535816975,0.0,-3.552713678800501e-15,3.552713678800501e-15
2010,303,-1.279770167353007,0.0,0.33732100965368855,0.0,0.9424491576993218,0.0,3.219646771412954e-15,-3.219646771412954e-15
2010,304,-0.43191738111292466,0.0,0.4319173811129284,0.0,0.0,0.0,3.7192471324942744e-15,-3.7192471324942744e-15
2010,305,-0.2848567412716818,0.0,0.2848567412716984,0.0,0.0,0.0,1.659783421814609e-14,-1.659783421814609e-14
2010,306,-0.30847666414715036,0.0,0.30847666414712893,0.0,0.0,0.0,-2.142730437526552e-14,2.142730437526552e-14
2010,307,0.2121251266314914,0.0,0.2958748733685208,0.0,0.0,0.508,0.5080000000000122,-1.2212453270876722e-14
2010,308,-0.35058123027752686,0.0,0.3505812302775333,0.0,0.0,0.0,6.439293542825908e-15,-6.439293542825908e-15
2010,309,0.291443099587525,0.0,0.2165569004124693,0.0,0.0,0.508,0.5079999999999943,5.662137425588298e-15
2010,310,-0.1788042906428018,0.0,0.17880429064278852,0.0,0.0,0.0,-1.326716514427062e-14,1.326716514427062e-14
2010,311,-0.2683637886331667,0.0,0.26836378863318067,0.0,0.0,0.0,1.3988810110276972e-14,-1.3988810110276972e-14
2010,312,-0.3152850790227717,0.0,0.31528507902278174,0.0,0.0,0.0,1.0047518372857667e-14,-1.0047518372857667e-14
2010,313,-0.40052295129888194,0.0,0.4005229512988625,0.0,0.0,0.0,-1.942890293094024e-14,1.942890293094024e-14
2010,314,-0.40190013768088306,0.0,0.4019001376808979,0.0,0.0,0.0,1.482147737874584e-14,-1.482147737874584e-14
2010,315,-0.3495761471679657,0.0,0.3495761471679819,0.0,0.0,0.0,1.6209256159527285e-14,-1.6209256159527285e-14
2010,316,1.045114223102189,0.0,0.22488577689780812,0.0,0.0,1.27,1.2699999999999971,2.886579864025407e-15
2010,317,8.26569025217475,0.002338367012879076,0.11397138081236921,0.0,0.0,8.382,8.381999999999998,1.7763568394002505e-15
2010,318,3.584293769414728,0.0,0.22570623058526457,0.0,0.0,3.81,3.8099999999999925,7.549516567451064e-15
2010,319,0.33771152311771857,0.0,0.1702884768822988,0.0,0.0,0.508,0.5080000000000173,-1.7319479184152442e-14
2010,320,-5.8003801249400055,0.0,0.2819913848667637,0.0,5.518388740073232,0.0,-9.769962616701378e-15,9.769962616701378e-15
2010,321,-3.612008217277321,0.0,0.2808398411646893,0.0,3.5851683761126156,0.254,0.253999999999984,1.5987211554602254e-14
2010,322,-0.5000294930475491,0.0,0.1649083689023607,0.0,0.3351211241452146,0.0,2.6256774532384952e-14,-2.6256774532384952e-14
2010,323,-0.12441830608219107,0.0,0.12441830608216486,0.0,0.0,0.0,-2.6201263381153694e-14,2.6201263381153694e-14
2010,324,-0.14279030041981855,0.0,0.14279030041983648,0.0,0.0,0.0,1.7930101847696278e-14,-1.7930101847696278e-14
2010,325,-0.1467341983381516,0.0,0.14673419833815207,0.0,0.0,0.0,4.718447854656915e-16,-4.718447854656915e-16
2010,326,1.2573021259801465,0.0,0.26669787401983003,0.0,0.0,1.524,1.5239999999999765,2.353672812205332e-14
2010,327,-0.28599562203672235,0.0,0.28599562203672596,0.0,0.0,0.0,3.608224830031759e-15,-3.608224830031759e-15
2010,328,-0.10973567431480546,0.0,0.10973567431480795,0.0,0.0,0.0,2.4841240175987878e-15,-2.4841240175987878e-15
2010,329,2.173448158609972,2.4020992676242034,0.13434757586526072,0.0,0.37010499790058154,5.08,5.080000000000018,-1.7763568394002505e-14
2010,330,-0.11766339683504157,0.0,0.1176633968350037,0.0,0.0,0.0,-3.787248292752565e-14,3.787248292752565e-14
2010,331,-0.0948378422044982,0.0,0.09483784220452106,0.0,0.0,0.0,2.285671651947041e-14,-2.285671651947041e-14
2010,332,-2.2842632045310154,0.0,0.13251987279007854,0.0,2.151743331740932,0.0,-4.884981308350689e-15,4.884981308350689e-15
2010,333,-0.19654367671847695,0.0,0.19654367671849016,0.0,0.0,0.0,1.3211653993039363e-14,-1.3211653993039363e-14
2010,334,2.8839936471425744,4.309491939682187,0.1725144131752466,0.0,0.0,7.366,7.366000000000008,-7.993605777301127e-15
2010,335,-0.09613036855637347,0.0,0.09613036855637588,0.0,0.0,0.0,2.4147350785597155e-15,-2.4147350785597155e-15
2010,336,-0.08050095631460863,0.0,0.08050095631459062,0.0,0.0,0.0,-1.8013368574543165e-14,1.8013368574543165e-14
2010,337,-2.4453289065369006,0.0,0.10235566367756392,0.0,2.3429732428593373,0.0,4.440892098500626e-16,-4.440892098500626e-16
2010,338,2.8422826108968877,3.441786061497155,0.06593132760598362,0.0,0.0,6.35,6.350000000000026,-2.6645352591003757e-14
2010,339,1.0886994257173797,0.08644183016656179,0.09485874411606621,0.0,0.0,1.27,1.2700000000000076,-7.549516567451064e-15
2010,340,-0.06405288007559307,0.0,0.06405288007557906,0.0,0.0,0.0,-1.4002687898084787e-14,1.4002687898084787e-14
2010,341,-2.6159052204769466,0.0,0.05252628266589627,0.0,2.5633789378110623,0.0,1.199040866595169e-14,-1.199040866595169e-14
2010,342,-1.144448767491042,0.0,0.05500335370444534,0.0,1.0894454137865999,0.0,3.3306690738754696e-15,-3.3306690738754696e-15
2010,343,-0.06307743032013491,0.0,0.06307743032012665,0.0,0.0,0.0,-8.257283745649602e-15,8.257283745649602e-15
2010,344,1.9358663118679544,0.7623849209810164,0.09574876715103038,0.0,0.0,2.794,2.794000000000001,-8.881784197001252e-16
2010,345,0.654320565336235,0.0013628061423954403,0.10631662852136513,0.0,0.0,0.762,0.7619999999999956,4.440892098500626e-15
2010,346,3.4962489125981335,15.727824798761432,0.0799262886404358,0.0,0.0,19.304,19.304000000000002,-3.552713678800501e-15
2010,347,-1.738684128234894,0.0,0.03853870046769031,0.0,1.7001454277672137,0.0,9.992007221626409e-15,-9.992007221626409e-15
2010,348,-0.6556776216412743,0.0,0.0006155502556213786,0.0,0.655062071385633,0.0,-1.9872992140790302e-14,1.9872992140790302e-14
2010,349,-3.4979398736765006,0.0,0.0006155201118192579,0.0,3.497324353564693,0.0,1.1546319456101628e-14,-1.1546319456101628e-14
2010,350,-0.01038970080242052,0.0,0.010389700802410319,0.0,0.0,0.0,-1.0201908762219603e-14,1.0201908762219603e-14
2010,351,-0.058649216730543685,0.0,0.058649216730562025,0.0,0.0,0.0,1.8339496588026805e-14,-1.8339496588026805e-14
2010,352,-0.05359036930514094,0.0,0.0535903693051547,0.0,0.0,0.0,1.3759826611448034e-14,-1.3759826611448034e-14
2010,353,-0.041352381968749796,0.0,0.041352381968751836,0.0,0.0,0.0,2.040034807748725e-15,-2.040034807748725e-15
2010,354,-0.050149473696109226,0.0,0.05014947369610474,0.0,0.0,0.0,-4.4825254619240695e-15,4.4825254619240695e-15
2010,355,2.58366253503479,2.3953223075046934,0.10101515746052259,0.0,0.0,5.08,5.080000000000006,-6.217248937900877e-15
2010,356,-0.10079708739888815,0.0,0.10079708739887355,0.0,0.0,0.0,-1.459943277382081e-14,1.459943277382081e-14
2010,357,-0.11315658151229968,0.0,0.11315658151231027,0.0,0.0,0.0,1.058875209736243e-14,-1.058875209736243e-14
2010,358,-1.6413384142537666,0.0015778089161330464,0.07379937265694125,0.0,2.327961232680665,0.762,0.7619999999999728,2.7200464103316335e-14
2010,359,2.1174529882461854,1.0973257574970832,0.08722125425675291,0.0,0.0,3.302,3.302000000000022,-2.1760371282653068e-14
2010,360,-0.10114187804899188,0.0,0.1011418780490009,0.0,0.0,0.0,9.020562075079397e-15,-9.020562075079397e-15
2010,361,-0.5480464762277393,0.0,0.07502259318194975,0.0,0.47302388304578186,0.0,-7.66053886991358e-15,7.66053886991358e-15
2010,362,-2.1769078528520254,0.0,0.05969408935577355,0.0,2.117213763496235,0.0,-1.687538997430238e-14,1.687538997430238e-14
2010,363,-0.07214125340107103,0.0,0.07214125340108474,0.0,0.0,0.0,1.3711254354120683e-14,-1.3711254354120683e-14
2010,364,-0.14624940087242067,0.0,0.14624940087240207,0.0,0.0,0.0,-1.8596235662471372e-14,1.8596235662471372e-14
2010,365,-0.1662476136760631,0.0,0.16624761367608848,0.0,0.0,0.0,2.5368596112684827e-14,-2.5368596112684827e-14
2011,1,-0.1929595411232583,0.0,0.1929595411232699,0.0,0.0,0.0,1.1601830607332886e-14,-1.1601830607332886e-14
2011,2,-0.18777590878261208,0.0,0.18777590878259345,0.0,0.0,0.0,-1.8623991238087e-14,1.8623991238087e-14
2011,3,-0.07012757140913095,0.0,0.07012757140912307,0.0,0.0,0.0,-7.882583474838611e-15,7.882583474838611e-15
2011,4,0.14688810023403676,0.0,0.10711189976596529,0.0,0.0,0.254,0.25400000000000206,-2.0539125955565396e-15
2011,5,-0.05000430079985563,0.0,0.050004300799856995,0.0,0.0,0.0,1.366962099069724e-15,-1.366962099069724e-15
2011,6,0.42625041241339545,0.0,0.08174958758659367,0.0,0.0,0.508,0.5079999999999891,1.0880185641326534e-14
2011,7,0.1848399633647091,0.0,0.06916003663529353,0.0,0.0,0.254,0.2540000000000026,-2.609024107869118e-15
2011,8,-0.058283136257415435,0.0,0.0582831362574068,0.0,0.0,0.0,-8.6389229103645e-15,8.6389229103645e-15
2011,9,-0.06140326307999544,0.0,0.061403263079984303,0.0,0.0,0.0,-1.1136924715771102e-14,1.1136924715771102e-14
2011,10,-0.08820130544080484,0.0,0.08820130544081854,0.0,0.0,0.0,1.3697376566312869e-14,-1.3697376566312869e-14
2011,11,2.0291853244573304,0.9130478622629096,0.10576681327977973,0.0,0.0,3.048,3.0480000000000196,-1.9539925233402755e-14
2011,12,1.2995122427713852,0.15935971089424442,0.06512804633435519,0.0,0.0,1.524,1.5239999999999847,1.532107773982716e-14
2011,13,-0.10205880053266014,0.0,0.10205880053267502,0.0,0.0,0.0,1.4876988529977098e-14,-1.4876988529977098e-14
2011,14,-1.543014381084049,0.0,0.08435431099598852,0.0,1.4586600700880514,0.0,-9.103828801926284e-15,9.103828801926284e-15
2011,15,0.6434187983805657,0.7840452391446413,0.0678230462451249,0.0,1.2987129162296769,2.794,2.794000000000009,-8.881784197001252e-15
2011,16,-0.07545298924813437,0.0,0.07545298924813611,0.0,0.0,0.0,1.734723475976807e-15,-1.734723475976807e-15
2011,17,0.1810648071327705,0.0,0.07293519286721623,0.0,0.0,0.254,0.25399999999998674,1.326716514427062e-14
2011,18,0.932179379003145,3.298258077238428,0.10919303802358624,0.0,1.756369505734845,6.096,6.096000000000004,-3.552713678800501e-15
2011,19,-0.0848260124581941,0.0,0.08482601245819604,0.0,0.0,0.0,1.942890293094024e-15,-1.942890293094024e-15
2011,20,-0.17282828302347752,0.0,0.06803053009079767,0.0,0.10479775293268014,0.0,2.7755575615628914e-16,-2.7755575615628914e-16
2011,21,-2.6934961375666546,0.0,0.004334035053557575,0.0,2.6891621025130785,0.0,-1.865174681370263e-14,1.865174681370263e-14
2011,22,0.25339023135293814,0.0,0.0006097686470616738,0.0,0.0,0.254,0.25399999999999984,1.6653345369377348e-16
2011,23,-0.0006174384016901513,0.0,0.0006174384016965704,0.0,0.0,0.0,6.4191273824176776e-15,-6.4191273824176776e-15
2011,24,-0.032136455980861456,0.0,0.03213645598085237,0.0,0.0,0.0,-9.083012120214562e-15,9.083012120214562e-15
2011,25,-0.19076720031901573,0.0,0.09250867510378379,0.0,0.09825852521523881,0.0,6.869504964868156e-15,-6.869504964868156e-15
2011,26,-0.11734323416496295,0.0,0.11734323416495576,0.0,0.0,0.0,-7.188694084447889e-15,7.188694084447889e-15
2011,27,0.9180587357045624,0.0230631204635144,0.07487814383193699,0.0,0.0,1.016,1.0160000000000138,-1.3766765505351941e-14
2011,28,1.080513982100996,0.07794915408073873,0.11153686381826729,0.0,0.0,1.27,1.2700000000000018,-1.7763568394002505e-15
2011,29,0.3720656833462215,0.0,0.1359343166537711,0.0,0.0,0.508,0.5079999999999926,7.438494264988549e-15
2011,30,-0.8589003107201734,0.0,0.18633820848065896,0.0,0.6725621022395137,0.0,-6.661338147750939e-16,6.661338147750939e-16
2011,31,-1.2112732227993774,0.0,0.13148590797094145,0.0,1.0797873148284387,0.0,2.6645352591003757e-15,-2.6645352591003757e-15
2011,32,2.237479209703338,2.4043170652163606,0.0671279696919849,0.0,0.37107575538831133,5.08,5.079999999999995,5.329070518200751e-15
2011,33,3.304412878204033,9.832016985091277,0.0715701367046981,0.0,0.0,13.208,13.208000000000009,-8.881784197001252e-15
2011,34,-0.037399060294603714,0.0,0.03739906029462371,0.0,0.0,0.0,1.9997892231060632e-14,-1.9997892231060632e-14
2011,35,-2.3429914390304134,0.0,0.04930532810121117,0.0,2.293686110929192,0.0,-1.021405182655144e-14,1.021405182655144e-14
2011,36,-3.4344479171712408,0.0,0.1292875231040822,0.0,3.3051603940671748,0.0,1.6431300764452317e-14,-1.6431300764452317e-14
2011,37,1.8730201417713488,0.7626731329980632,0.1583067252305674,0.0,0.0,2.794,2.793999999999979,2.0872192862952943e-14
2011,38,-0.1903100408396199,0.0,0.19031004083959804,0.0,0.0,0.0,-2.1843638009499955e-14,2.1843638009499955e-14
2011,39,-0.1328043243246384,0.0,0.1328043243246372,0.0,0.0,0.0,-1.1934897514720433e-15,1.1934897514720433e-15
2011,40,-1.658528125351154,0.0,0.00529692197998321,0.0,1.6532312033711851,0.0,1.4432899320127035e-14,-1.4432899320127035e-14
2011,41,-0.0006015249746269546,0.0,0.0006015249746331317,0.0,0.0,0.0,6.1770250373016644e-15,-6.1770250373016644e-15
2011,42,-0.0006014962189908601,0.0,0.0006014962190033126,0.0,0.0,0.0,1.2452495631865013e-14,-1.2452495631865013e-14
2011,43,0.880191008063349,0.022879735911525548,0.1129292560251285,0.0,0.0,1.016,1.0160000000000031,-3.1086244689504383e-15
2011,44,-0.22424450262997198,0.0,0.22424450262993403,0.0,0.0,0.0,-3.7941871866564725e-14,3.7941871866564725e-14
2011,45,-0.3701594212291184,0.0,0.3701594212291252,0.0,0.0,0.0,6.827871601444713e-15,-6.827871601444713e-15
2011,46,-0.872757081409901,0.0,0.32374568030462864,0.0,0.5490114011052794,0.0,6.8833827526759706e-15,-6.8833827526759706e-15
2011,47,-0.2902263791287396,0.0,0.29022637912873206,0.0,0.0,0.0,-7.549516567451064e-15,7.549516567451064e-15
2011,48,-0.40865652360798776,0.0,0.4086565236079759,0.0,0.0,0.0,-1.1879386363489175e-14,1.1879386363489175e-14
2011,49,-0.33919141682906684,0.0,0.33919141682906295,0.0,0.0,0.0,-3.885780586188048e-15,3.885780586188048e-15
2011,50,-0.27473554121084476,0.0,0.27473554121085497,0.0,0.0,0.0,1.021405182655144e-14,-1.021405182655144e-14
2011,51,0.05819252056110713,0.0,0.19580747943888588,0.0,0.0,0.254,0.253999999999993,6.994405055138486e-15
2011,52,3.6384555318875016,13.995004083923233,0.14654038418928722,0.0,0.0,17.78,17.780000000000022,-2.1316282072803006e-14
2011,53,1.723200853775836,0.6393272925846577,0.17747185363949075,0.0,0.0,2.54,2.5399999999999845,1.554312234475219e-14
2011,54,-0.18418212970411219,0.0,0.18418212970410122,0.0,0.0,0.0,-1.0963452368173421e-14,1.0963452368173421e-14
2011,55,-1.6364728368177452,0.0,0.16906971219370942,0.0,1.4674031246240435,0.0,7.771561172376096e-15,-7.771561172376096e-15
2011,56,-1.9621169553122684,0.0,0.23904491274933728,0.0,1.7230720425629362,0.0,5.10702591327572e-15,-5.10702591327572e-15
2011,57,0.316328860143841,0.0,0.19167113985615605,0.0,0.0,0.508,0.507999999999997,2.9976021664879227e-15
2011,58,1.4481583243646696,0.24222917790204693,0.0876124977332996,0.0,0.0,1.778,1.778000000000016,-1.5987211554602254e-14
2011,59,-0.22821819022240675,0.0,0.22821819022238624,0.0,0.0,0.0,-2.0511370379949767e-14,2.0511370379949767e-14
2011,60,-0.26189962040993464,0.0,0.2618996204099585,0.0,0.0,0.0,2.3869795029440866e-14,-2.3869795029440866e-14
2011,61,-1.5340687999005809,0.0,0.36319582608253864,0.0,1.1708729738180348,0.0,-7.549516567451064e-15,7.549516567451064e-15
2011,62,-0.15710590186802165,0.0,0.15710590186802062,0.0,0.0,0.0,-1.0269562977782698e-15,1.0269562977782698e-15
2011,63,2.0376912459182392,1.2391930936962343,0.27911566038553454,0.0,0.0,3.556,3.556000000000008,-7.993605777301127e-15
2011,64,-0.3004051495661031,0.0,0.3004051495660995,0.0,0.0,0.0,-3.608224830031759e-15,3.608224830031759e-15
2011,65,-0.2691247442135989,0.0,0.26912474421361654,0.0,0.0,0.0,1.765254609153999e-14,-1.765254609153999e-14
2011,66,-1.2475671493081109,0.0,0.22198188419306464,0.0,1.0255852651150406,0.0,-5.773159728050814e-15,5.773159728050814e-15
2011,67,0.2943419081113916,0.0,0.2136580918886001,0.0,0.0,0.508,0.5079999999999917,8.326672684688674e-15
2011,68,2.8180541381937587,4.7596045261992135,0.2963413356070353,0.0,0.0,7.874,7.874000000000008,-7.993605777301127e-15
2011,69,1.4436434189624094,0.38024033445000716,0.2081162465875924,0.0,0.0,2.032,2.032000000000009,-8.881784197001252e-15
2011,70,-0.4044495742012941,0.0,0.4044495742012759,0.0,0.0,0.0,-1.8207657603852567e-14,1.8207657603852567e-14
2011,71,-2.806670237874556,0.0,0.4840808242996171,0.0,2.322589413574964,0.0,2.4868995751603507e-14,-2.4868995751603507e-14
2011,72,-1.674867858696075,0.0,0.2360640894093726,0.0,1.4388037692866897,0.0,-1.2656542480726785e-14,1.2656542480726785e-14
2011,73,-0.3841728080760731,0.0,0.38417280807607246,0.0,0.0,0.0,-6.661338147750939e-16,6.661338147750939e-16
2011,74,-0.41777377397392,0.0,0.4177737739739199,0.0,0.0,0.0,-1.1102230246251565e-16,1.1102230246251565e-16
2011,75,-0.5728898244310301,0.0,0.5728898244310191,0.0,0.0,0.0,-1.099120794378905e-14,1.099120794378905e-14
2011,76,-0.6265627953916919,0.0,0.6265627953916905,0.0,0.0,0.0,-1.4432899320127035e-15,1.4432899320127035e-15
2011,77,-0.5469799401332409,0.0,0.5469799401332375,0.0,0.0,0.0,-3.4416913763379853e-15,3.4416913763379853e-15
2011,78,-0.41253549414619783,0.0,0.41253549414621965,0.0,0.0,0.0,2.1815882433884326e-14,-2.1815882433884326e-14
2011,79,14.708580781172742,1.3717657699334136,0.42965344889383233,0.0,0.0,16.51,16.509999999999987,1.4210854715202004e-14
2011,80,17.565952376684862,7.1669331727292205,0.6671144505859129,0.0,0.0,25.4,25.399999999999995,3.552713678800501e-15
2011,81,3.268231029877427,0.0,0.5417689701225897,0.0,0.0,3.81,3.8100000000000165,-1.6431300764452317e-14
2011,82,5.1437269566047235,14.93759677056829,0.2896868842662049,0.0,10.6169893885608,30.988,30.98800000000002,-2.1316282072803006e-14
2011,83,-17.887427045026783,0.0,0.3178791904598839,0.0,17.569547854566885,0.0,-1.4210854715202004e-14,1.4210854715202004e-14
2011,84,-3.625930441657772,0.0,0.35197988028182076,0.0,3.2739505613759485,0.0,-2.6645352591003757e-15,2.6645352591003757e-15
2011,85,-16.146619028901256,0.0,0.3866960861070232,0.0,15.759922942794233,0.0,0.0,0.0
2011,86,-0.29472215188184236,0.0,0.29472215188182527,0.0,0.0,0.0,-1.709743457922741e-14,1.709743457922741e-14
2011,87,-0.29966183319498896,0.0,0.29966183319500367,0.0,0.0,0.0,1.4710455076283324e-14,-1.4710455076283324e-14
2011,88,-0.3819426954452183,0.0,0.3819426954452145,0.0,0.0,0.0,-3.83026943495679e-15,3.83026943495679e-15
2011,89,-0.5210672094953566,0.0,0.5210672094953428,0.0,0.0,0.0,-1.3766765505351941e-14,1.3766765505351941e-14
2011,90,-0.5098104399457384,0.0,0.5098104399457701,0.0,0.0,0.0,3.175237850427948e-14,-3.175237850427948e-14
2011,91,-0.474891776774939,0.0,0.47489177677493355,0.0,0.0,0.0,-5.440092820663267e-15,5.440092820663267e-15
2011,92,2.4190789274021824,2.501097662459967,0.413823410137846,0.0,0.0,5.334,5.333999999999996,3.552713678800501e-15
2011,93,1.469898349794363,0.7484181062941956,0.5756835439114488,0.0,0.0,2.794,2.7940000000000076,-7.549516567451064e-15
2011,94,10.202075412107945,0.25928269200132315,0.4606418958907312,0.0,0.0,10.922,10.921999999999999,1.7763568394002505e-15
2011,95,-0.5745321364856579,0.0,0.5745321364856436,0.0,0.0,0.0,-1.432187701766452e-14,1.432187701766452e-14
2011,96,1.934792857532301,0.0,0.7667814794417387,0.0,0.34642566302599104,3.048,3.0480000000000307,-3.064215547965432e-14
2011,97,-11.097720396915264,0.0,0.899083991079165,0.0,10.198636405836071,0.0,-2.842170943040401e-14,2.842170943040401e-14
2011,98,0.5992357190060886,0.0,0.6707642809939155,0.0,0.0,1.27,1.270000000000004,-3.9968028886505635e-15
2011,99,-2.4253600476549764,0.0,0.7258617296918932,0.0,1.6994983179630996,0.0,1.6431300764452317e-14,-1.6431300764452317e-14
2011,100,2.916786384953724,0.0,0.8932136150462792,0.0,0.0,3.81,3.810000000000003,-3.1086244689504383e-15
2011,101,0.15359938856789768,0.0,1.370400611432115,0.0,0.0,1.524,1.5240000000000127,-1.2656542480726785e-14
2011,102,-0.9248644174607534,0.0,0.9248644174607651,0.0,0.0,0.0,1.1657341758564144e-14,-1.1657341758564144e-14
2011,103,-2.9314075873266745,0.0,1.05176621464481,0.0,1.8796413726818315,0.0,-3.3084646133829665e-14,3.3084646133829665e-14
2011,104,-0.550162933566213,0.0,1.1490757630107298,0.0,0.16308717055548883,0.762,0.7620000000000056,-5.551115123125783e-15
2011,105,-0.3313328878206221,0.0,0.3313328878206247,0.0,0.0,0.0,2.609024107869118e-15,-2.609024107869118e-15
2011,106,12.832819125596842,0.7547480799975914,0.38243279440558414,0.0,0.0,13.97,13.970000000000018,-1.7763568394002505e-14
2011,107,1.2799472438115913,0.0,0.4980527561884116,0.0,0.0,1.778,1.778000000000003,-2.886579864025407e-15
2011,108,-0.70953827737452,0.0,0.709538277374496,0.0,0.0,0.0,-2.398081733190338e-14,2.398081733190338e-14
2011,109,-9.707821791411845,0.0,0.5747898877244736,0.0,10.149031903687405,1.016,1.0160000000000338,-3.375077994860476e-14
2011,110,17.964968980321515,5.457406612082058,0.19427272475546498,0.0,1.2753516828409528,24.892,24.89199999999999,1.0658141036401503e-14
2011,111,-0.5180750847776494,0.0,0.5180750847776391,0.0,0.0,0.0,-1.0325074129013956e-14,1.0325074129013956e-14
2011,112,-0.02294276125380179,0.0,0.7849427612538038,0.0,0.0,0.762,0.762000000000002,-1.9984014443252818e-15
2011,113,-15.583844886219481,0.0,0.4181138691798772,0.0,18.975731017039596,3.81,3.8099999999999916,8.43769498715119e-15
2011,114,-0.9719774090610258,0.0,0.9719774090610452,0.0,0.0,0.0,1.942890293094024e-14,-1.942890293094024e-14
2011,115,-0.9661117516403692,0.0,0.966111751640387,0.0,0.0,0.0,1.7763568394002505e-14,-1.7763568394002505e-14
2011,116,6.087458802369724,0.16663294076855412,1.0661975114105509,0.0,2.839710745451153,10.16,10.159999999999982,1.7763568394002505e-14
2011,117,11.666818733841637,1.103527087536955,0.6916541786214059,0.0,0.0,13.462,13.461999999999998,1.7763568394002505e-15
2011,118,-0.48689854178269343,0.0,0.48689854178269704,0.0,0.0,0.0,3.608224830031759e-15,-3.608224830031759e-15
2011,119,-7.558349728008579,0.0,0.5609973237042157,0.0,6.997352404304372,0.0,8.881784197001252e-15,-8.881784197001252e-15
2011,120,-12.718963136488242,0.0,1.0477908509906126,0.0,11.67117228549763,0.0,0.0,0.0
2011,121,-0.39660349029418285,0.0,1.1586034902941842,0.0,0.0,0.762,0.7620000000000013,-1.3322676295501878e-15
2011,122,-0.7278166560379304,0.0,0.7278166560379034,0.0,0.0,0.0,-2.708944180085382e-14,2.708944180085382e-14
2011,123,-0.731701928632333,0.0,0.7316986149268249,3.3137055197721603e-06,0.0,0.0,1.1657341758564144e-14,-1.1657341758564144e-14
2011,124,-0.5535568690651189,0.0,0.5535515281999605,5.34086517292724e-06,0.0,0.0,1.4432899320127035e-14,-1.4432899320127035e-14
2011,125,-0.07233387757798937,0.0,0.8343254741539944,8.403423999380652e-06,0.0,0.762,0.7620000000000043,-4.3298697960381105e-15
2011,126,-0.766550024752604,0.0,0.766517870074556,3.2154678037554214e-05,0.0,0.0,-1.0547118733938987e-14,1.0547118733938987e-14
2011,127,-0.8121717159953903,0.0,0.8121161315828146,5.558441257992786e-05,0.0,0.0,4.218847493575595e-15,-4.218847493575595e-15
2011,128,-0.7785170121730971,0.0,0.7784120816505361,0.00010493052256807169,0.0,0.0,7.105427357601002e-15,-7.105427357601002e-15
2011,129,-0.8158843482906235,0.0,0.8157150044248537,0.00016934386576330802,0.0,0.0,-6.5503158452884236e-15,6.5503158452884236e-15
2011,130,10.616130752714852,0.1479388514068844,0.6652002606381964,0.0007301352400559185,0.0,11.43,11.429999999999989,1.0658141036401503e-14
2011,131,-1.7530771364953353,0.0,1.7512849801475492,0.001792156347797241,0.0,0.0,1.0880185641326534e-14,-1.0880185641326534e-14
2011,132,0.3018723054079544,0.0,1.4720041212473025,0.004123573344728243,0.0,1.778,1.7779999999999851,1.4876988529977098e-14
2011,133,-4.466403189445003,0.0,1.6256939570810038,0.007367124100044712,2.8333421082639805,0.0,2.5757174171303632e-14,-2.5757174171303632e-14
2011,134,2.264317869356546,0.0,0.7776256542711593,0.006056476372287292,0.0,3.048,3.0479999999999925,7.549516567451064e-15
2011,135,0.5066450786361543,0.0,1.0105334133352926,0.006821508028543669,0.0,1.524,1.5239999999999907,9.325873406851315e-15
2011,136,-1.2643347442092363,0.0,1.2558554299598426,0.008479314249397468,0.0,0.0,3.552713678800501e-15,-3.552713678800501e-15
2011,137,-1.1613067415423757,0.0,1.1526070306371277,0.008699710905262156,0.0,0.0,1.3988810110276972e-14,-1.3988810110276972e-14
2011,138,-1.0758242956397908,0.0,1.066899689996635,0.008924605643173066,0.0,0.0,1.7541523789077473e-14,-1.7541523789077473e-14
2011,139,-0.6386292664631412,0.0,0.6327813453119152,0.005847921151207696,0.0,0.0,-1.8318679906315083e-14,1.8318679906315083e-14
2011,140,-1.204783521108567,0.0,1.193101203085327,0.011682318023217087,0.0,0.0,-2.2648549702353193e-14,2.2648549702353193e-14
2011,141,-1.211415356233715,0.0,1.1959281123616219,0.015487243872100114,0.0,0.0,6.8833827526759706e-15,-6.8833827526759706e-15
2011,142,3.0048135836839833,0.0,0.7903066124816494,0.014879803834369355,0.0,3.81,3.8100000000000023,-2.220446049250313e-15
2011,143,1.9553294929358458,0.0,1.3206752576048264,0.02599524945935242,0.0,3.302,3.3020000000000245,-2.4424906541753444e-14
2011,144,-1.4213171643970384,0.0,1.3899755308045254,0.03134163359248507,0.0,0.0,-2.7977620220553945e-14,2.7977620220553945e-14
2011,145,2.741560849438514,0.0,1.0378504162975124,0.030588734263990714,0.0,3.81,3.810000000000017,-1.687538997430238e-14
2011,146,26.926614341237553,20.671614604924606,0.645640592505267,0.016130461332551332,0.0,48.26,48.25999999999998,2.1316282072803006e-14
2011,147,-1.4018863273181523,0.0,1.3679747222494816,0.033911605068701355,0.0,0.0,3.042011087472929e-14,-3.042011087472929e-14
2011,148,-0.8862513034167137,0.0,1.1093184848494693,0.0309328185671932,0.0,0.254,0.25399999999994893,5.10702591327572e-14
2011,149,-27.56077359537167,0.0,1.1795489415328084,0.03554965735501817,26.345674996483858,0.0,1.4210854715202004e-14,-1.4210854715202004e-14
2011,150,0.702369900979761,0.0,0.791959111050306,0.029670987969953443,0.0,1.524,1.5240000000000204,-2.042810365310288e-14
2011,151,-1.8084148343032496,0.0,1.7371681241105184,0.07124671019272667,0.0,0.0,-4.6629367034256575e-15,4.6629367034256575e-15
2011,152,-1.5628151216300523,0.0,1.4710710874614377,0.09174403416861222,0.0,0.0,-2.6645352591003757e-15,2.6645352591003757e-15
2011,153,-1.1947733744242441,0.0,1.1004482143861656,0.09432516003809138,0.0,0.0,1.2878587085651816e-14,-1.2878587085651816e-14
2011,154,-1.0090903542752585,0.0,0.909255411874407,0.09983494240085479,0.0,0.0,3.3306690738754696e-15,-3.3306690738754696e-15
2011,155,-1.2920344030772526,0.0,1.1372997022351023,0.15473470084214,0.0,0.0,-1.021405182655144e-14,1.021405182655144e-14
2011,156,-1.265970808320958,0.0,1.0598143716761828,0.20615643664477962,0.0,0.0,4.218847493575595e-15,-4.218847493575595e-15
2011,157,1.8934192607781313,0.0,0.9185096821619089,0.23607105705995765,0.0,3.048,3.0479999999999983,1.7763568394002505e-15
2011,158,-1.5734621490165352,0.0,1.2404475129156551,0.33301463610088394,0.0,0.0,3.552713678800501e-15,-3.552713678800501e-15
2011,159,-1.448927570427628,0.0,1.060739350809323,0.3881882196183155,0.0,0.0,1.0658141036401503e-14,-1.0658141036401503e-14
2011,160,6.765314199699617,0.0,0.9032238501598387,0.45946195014052477,0.0,8.128,8.12799999999998,1.9539925233402755e-14
2011,161,5.971557160276262,0.0,0.8471891591894497,0.2932536805343061,0.0,7.112,7.112000000000018,-1.7763568394002505e-14
2011,162,3.0421970979533626,0.0,1.022442183469781,0.2533607185768366,0.0,4.318,4.31799999999998,1.9539925233402755e-14
2011,163,-1.65649818019034,0.0,1.3231305070707162,0.33336767311963017,0.0,0.0,6.439293542825908e-15,-6.439293542825908e-15
2011,164,-2.1346325974040212,0.0,1.1881852793300258,0.34413350628880673,0.602313811785182,0.0,-6.5503158452884236e-15,6.5503158452884236e-15
2011,165,-4.937791515063708,0.0,1.4272122623954984,0.49944378152761126,3.011135471140608,0.0,1.021405182655144e-14,-1.021405182655144e-14
2011,166,2.301280072285664,0.0,1.2277491908890485,0.5349707368253128,0.0,4.064,4.064000000000025,-2.4868995751603507e-14
2011,167,23.56889427845084,12.313639803056413,1.0448526242640217,0.4106132942286886,0.0,37.338,37.337999999999965,3.552713678800501e-14
2011,168,-2.8767963781476737,0.0,2.1396123666400206,0.7371840115076698,0.0,0.0,1.5987211554602254e-14,-1.5987211554602254e-14
2011,169,-2.1247331267084064,0.0,1.4362999729654615,0.688433153742949,0.0,0.0,3.9968028886505635e-15,-3.9968028886505635e-15
2011,170,-0.5391661030137698,22.036457964477865,1.2959062942182444,0.823620926942214,20.579180917375442,44.196,44.196,0.0
2011,171,-2.5513236805320503,0.0,1.7006379590919085,0.8506857214401695,0.0,0.0,2.7977620220553945e-14,-2.7977620220553945e-14
2011,172,-1.712277587989945,0.0,1.0135975312845216,0.6986800567053993,0.0,0.0,-2.4202861936828413e-14,2.4202861936828413e-14
2011,173,-3.359338202662059,2.625330911425111,1.3485601444194855,1.1704539733740758,14.97899317344337,16.764,16.763999999999985,1.4210854715202004e-14
2011,174,0.4717530783260031,0.0,1.1834657953003813,0.8847811263736274,0.0,2.54,2.5400000000000116,-1.1546319456101628e-14
2011,175,2.9594156715487827,0.0,0.7447120730011753,0.6138722554500482,0.0,4.318,4.318000000000006,-6.217248937900877e-15
2011,176,-9.483193825941186,0.0,1.4278826373528835,1.2308877042423678,7.332423484345968,0.508,0.5080000000000338,-3.375077994860476e-14
2011,177,-3.255191236306416,0.0,1.3419923392951028,1.4094364376065571,0.5037624594047305,0.0,-2.55351295663786e-14,2.55351295663786e-14
2011,178,-5.167789306450572,0.0,1.0518663630294716,1.4186242095789032,2.697298733842206,0.0,8.43769498715119e-15,-8.43769498715119e-15
2011,179,-2.768321604572648,0.0,1.0118499564064902,1.7564716481661755,0.0,0.0,1.7763568394002505e-14,-1.7763568394002505e-14
2011,180,-2.494384389503878,0.0,0.7787635698992244,1.7156208196046405,0.0,0.0,-1.3322676295501878e-14,1.3322676295501878e-14
2011,181,-2.8759060381149766,0.0,0.7797400389001296,2.0961659992148576,0.0,0.0,1.021405182655144e-14,-1.021405182655144e-14
2011,182,-1.073245949239876,0.0,0.5957720089590807,2.001473940280802,0.0,1.524,1.5240000000000067,-6.661338147750939e-15
2011,183,-2.820752232133529,0.0,0.5980686943627647,2.2226835377707648,0.0,0.0,4.440892098500626e-16,-4.440892098500626e-16
2011,184,-2.877258361362763,0.0,0.5115354715059013,2.365722889856862,0.0,0.0,0.0,0.0
2011,185,-2.516545910642364,0.0,0.3791046469160797,2.1374412637262847,0.0,0.0,4.440892098500626e-16,-4.440892098500626e-16
2011,186,-3.03565295913954,0.0,0.39487800362365166,2.640774955515882,0.0,0.0,-6.661338147750939e-15,6.661338147750939e-15
2011,187,8.536328199175543,0.0,0.3175663654683227,2.576105435356139,0.0,11.43,11.430000000000005,-5.329070518200751e-15
2011,188,-3.126099139755283,0.0,0.6330995808280349,2.4929995589272425,0.0,0.0,-5.329070518200751e-15,5.329070518200751e-15
2011,189,-2.946774433742604,0.0,0.5079254698262439,2.438848963916364,0.0,0.0,3.9968028886505635e-15,-3.9968028886505635e-15
2011,190,-2.9582156213738386,0.0,0.4379698080962791,2.5202458132775716,0.0,0.0,1.199040866595169e-14,-1.199040866595169e-14
2011,191,4.734914485804353,0.0,0.36644564666694246,2.5186398675286985,0.0,7.62,7.619999999999994,6.217248937900877e-15
2011,192,2.5185700769251866,0.0,0.5662249315457056,2.50320499152911,0.0,5.588,5.588000000000003,-2.6645352591003757e-15
2011,193,-3.334983607935456,0.0,0.7617137025210483,2.5732699054144113,0.0,0.0,3.552713678800501e-15,-3.552713678800501e-15
2011,194,-2.8720736512791234,0.0,0.5594789578293309,2.3125946934497867,0.0,0.0,-5.329070518200751e-15,5.329070518200751e-15
2011,195,-2.5975281461790303,0.0,0.440677422266444,2.1568507239125903,0.0,0.0,3.9968028886505635e-15,-3.9968028886505635e-15
2011,196,-2.7510725785377304,0.0,0.41169554887634985,2.3393770296613736,0.0,0.0,-6.661338147750939e-15,6.661338147750939e-15
2011,197,-0.4145710993093559,0.0,0.319957371597937,2.1266137277114194,0.0,2.032,2.0320000000000005,-4.440892098500626e-16
2011,198,-2.695308792815041,0.0,0.35993141037324133,2.3353773824417847,0.0,0.0,-1.509903313490213e-14,1.509903313490213e-14
2011,199,-1.389352486764892,0.0,0.3404042460608421,2.572948240704066,0.0,1.524,1.524000000000016,-1.5987211554602254e-14
2011,200,-2.7042497163184294,0.0,0.30555003765001415,2.3986996786684203,0.0,0.0,4.884981308350689e-15,-4.884981308350689e-15
2011,201,-2.896561076860621,0.0,0.28644709181944983,2.6101139850411594,0.0,0.0,-1.1546319456101628e-14,1.1546319456101628e-14
2011,202,-2.96139324847519,0.0,0.25389568247055183,2.7074975660046485,0.0,0.0,1.021405182655144e-14,-1.021405182655144e-14
2011,203,-0.11836053985499007,0.0,0.19692560498780884,2.4614349348671594,0.0,2.54,2.539999999999978,2.220446049250313e-14
2011,204,-0.182919616968519,0.0,0.21366136203116284,2.5092582549373676,0.0,2.54,2.5400000000000116,-1.1546319456101628e-14
2011,205,-1.462742979847718,0.0,0.24752219994366947,2.739220779904042,0.0,1.524,1.5239999999999934,6.661338147750939e-15
2011,206,-2.564739441162729,0.0,0.20548815137646992,2.359251289786266,0.0,0.0,7.105427357601002e-15,-7.105427357601002e-15
2011,207,-2.4999512672328166,0.0,0.17644054255867622,2.323510724674152,0.0,0.0,1.1546319456101628e-14,-1.1546319456101628e-14
2011,208,7.483331615934162,0.0,0.16683801134453943,2.509830372721292,0.0,10.16,10.159999999999993,7.105427357601002e-15
2011,209,3.26481903486993,0.0,0.21152347272310784,1.6036574924069686,0.0,5.08,5.080000000000007,-7.105427357601002e-15
2011,210,-0.32806661343589383,0.0,0.4006160671835007,2.2134505462523815,0.0,2.286,2.285999999999988,1.199040866595169e-14
2011,211,-3.061914534309949,0.0,0.4858696365693003,2.576044897740654,0.0,0.0,5.329070518200751e-15,-5.329070518200751e-15
2011,212,-3.0765420322966293,0.0,0.4216413106222871,2.6549007216743448,0.0,0.0,2.6645352591003757e-15,-2.6645352591003757e-15
2011,213,-2.9089310047029073,0.0,0.3435083094383629,2.5654226952645396,0.0,0.0,-4.884981308350689e-15,4.884981308350689e-15
2011,214,-2.651326433320307,0.0,0.2715775636821237,2.379748869638189,0.0,0.0,6.217248937900877e-15,-6.217248937900877e-15
2011,215,-2.645595891180193,0.0,0.2603961944833366,2.6391996966968687,0.0,0.254,0.25400000000001244,-1.2434497875801753e-14
2011,216,-2.7617441823444295,0.0,0.21900087895916456,2.5427433033852482,0.0,0.0,-1.687538997430238e-14,1.687538997430238e-14
2011,217,-2.409131815954126,0.0,0.1665861899940008,2.242545625960123,0.0,0.0,-2.220446049250313e-15,2.220446049250313e-15
2011,218,-2.443919887975767,0.0,0.14976233122256843,2.294157556753224,0.0,0.0,2.5757174171303632e-14,-2.5757174171303632e-14
2011,219,-0.2840014562528381,0.0,0.13921864076448298,2.43078281548834,0.0,2.286,2.285999999999985,1.509903313490213e-14
2011,220,-2.5642279730242024,0.0,0.14558376663360834,2.4186442063905895,0.0,0.0,-4.440892098500626e-15,4.440892098500626e-15
2011,221,-1.1052861306779818,0.0,0.09315590652858478,1.7741302241494048,0.0,0.762,0.762000000000008,-7.993605777301127e-15
2011,222,-2.3656807949058276,0.0,0.11407304076260606,2.2516077541432216,0.0,0.0,0.0,0.0
2011,223,-1.696099638942016,0.0,0.09728724532296844,1.5988123936190457,0.0,0.0,-1.7763568394002505e-15,1.7763568394002505e-15
2011,224,-1.8533766845291382,0.0,0.09477049455986396,1.7586061899692722,0.0,0.0,-1.9984014443252818e-15,1.9984014443252818e-15
2011,225,0.5913721125380036,0.0,0.06861659267737126,1.3720112947846257,0.0,2.032,2.0320000000000005,-4.440892098500626e-16
2011,226,1.878002253444997,0.0,0.06828868836986125,1.355709058185135,0.0,3.302,3.3019999999999934,6.661338147750939e-15
2011,227,-1.6934503013240132,0.0,0.09539885138969655,1.5980514499343184,0.0,0.0,1.7763568394002505e-15,-1.7763568394002505e-15
2011,228,-1.837106252778291,0.0,0.09222766706967721,1.7448785857086093,0.0,0.0,-4.440892098500626e-15,4.440892098500626e-15
2011,229,3.5306160143137646,0.0,0.07663044135311632,1.472753544333124,0.0,5.08,5.080000000000005,-5.329070518200751e-15
2011,230,-1.837695943221867,0.0,0.10933243519875946,1.72836350802311,0.0,0.0,2.4424906541753444e-15,-2.4424906541753444e-15
2011,231,-1.6462860658377991,0.0,0.09440990968872551,1.5518761561490717,0.0,0.0,-1.7763568394002505e-15,1.7763568394002505e-15
2011,232,6.431540544127024,0.0,0.10961888056830553,1.5868405753046706,0.0,8.128,8.128,0.0
2011,233,-0.4750717688902455,0.0,0.14932116468101425,0.8337506042092406,0.0,0.508,0.5080000000000093,-9.325873406851315e-15
2011,234,-0.6690332649637725,0.0,0.13815499490638566,0.5308782700573798,0.0,0.0,-6.994405055138486e-15,6.994405055138486e-15
2011,235,-0.550123124981468,0.0,0.16120208816092418,0.38892103682054363,0.0,0.0,-2.220446049250313e-16,2.220446049250313e-16
2011,236,24.096623837796514,0.2796244994673015,0.11564502236927567,0.14610664036691204,0.0,24.638,24.638000000000005,-3.552713678800501e-15
2011,237,-1.148137366844054,0.0,1.0653562895815774,0.08278107726247405,0.0,0.0,-2.4424906541753444e-15,2.4424906541753444e-15
2011,238,-0.9065895461123432,0.0,0.8750433175322033,0.031546228580135935,0.0,0.0,-3.885780586188048e-15,3.885780586188048e-15
2011,239,-0.8398788412012408,0.0,0.8324832459764125,0.007395595224830721,0.0,0.0,2.55351295663786e-15,-2.55351295663786e-15
2011,240,-0.8015057050429562,0.0,0.8003606113646978,0.0011450936782540415,0.0,0.0,-4.3298697960381105e-15,4.3298697960381105e-15
2011,241,-0.7116765350318985,0.0,0.7115960506807788,8.048435112701872e-05,0.0,0.0,7.216449660063518e-15,-7.216449660063518e-15
2011,242,-0.6759728773795359,0.0,0.6759719400881236,9.372914076191241e-07,0.0,0.0,-4.6629367034256575e-15,4.6629367034256575e-15
2011,243,7.97252562793453,0.0,0.40947437206547244,0.0,0.0,8.382,8.382000000000003,-3.552713678800501e-15
