Variable,Units,Description
harvest_yield.field=[FIELD_NAME].crop,,Name of the crop in the field at this time
harvest_yield.field=[FIELD_NAME].harvest_type,,harvest type of the harvest operation
harvest_yield.field=[FIELD_NAME].wet_yield,kg/ha,"mass of the harvested crop, before drying"
harvest_yield.field=[FIELD_NAME].dry_yield,kg/ha,"mass of the harvested crop, after drying"
harvest_yield.field=[FIELD_NAME].nitrogen,kg/ha,nitrogen mass in the harvested crop
harvest_yield.field=[FIELD_NAME].phosphorus,kg/ha,phosphorus mass in the harvested crop
harvest_yield.field=[FIELD_NAME].yield_residue,kg/ha,mass of the residue produced from the harvested crop
harvest_yield.field=[FIELD_NAME].residue_nitrogen,kg/ha,nitrogen mass in the crop residue
harvest_yield.field=[FIELD_NAME].residue_phosphorus,kg/ha,phosphorus mass in the crop residue
harvest_yield.field=[FIELD_NAME].harvest_index,,harvest index value for this crop
harvest_yield.field=[FIELD_NAME].planting_year,,year this crop was planted
harvest_yield.field=[FIELD_NAME].planting_day,,day this crop was planted
harvest_yield.field=[FIELD_NAME].harvest_year,,year this crop was harvested
harvest_yield.field=[FIELD_NAME].harvest_day,,day this crop was harvested
