Variable,Description,Units
NEgact$_{\text{i}}$ , Actual net energy for growth of feed i, Mcal/kg
NEmact$_{\text{i}}$ , Actual net energy for maintenance of feed i, Mcal/kg
NElact$_{\text{i}}$ , Actual net energy for lactation of feed i , Mcal/kg
MEact$_{\text{i}}$ , Actual metabolizable energy of feed i , Mcal/kg
EE$_{\text{i}}$ , Feed fat (ether extract) content , %
DEact$_{\text{i}}$ , Actual digestible energy of feed i , Mcal/kg
DE$_{\text{i}}$ , Standard DE feed i , Mcal/kg
TDNact$_{\text{i}}$ , Actual TDN content of feed i , %
TDN$_{\text{i}}$ , Standard TDN content of feed i , %
Discount , TDN digestibility decrease caused by DMI and TDNconc , --
DMI_to_maint , The amount of intake needed to meet the maintenance requirement  , dimensionless
TDNconc , TDN concentration , %
TotalTDN , Dietary TDN content , --
