Variable , Definition , Default ,Min,Max
voluntary_waiting_period,"Voluntary Waiting Period (days) -- When the cow's days in milk has reached this day, monitoring for estrus and subsequent breeding, if found, will begin. Used only in the ED and ED-TAI protocols. When TAI protocol is used, this value will be ignored, and it is recommended to set it to 0.",50,0, --
estrus_detection_rate,"The fraction of in-heat cows that would be detected in the ED (Estrus Detection) protocol, including during the estrus detection portion of ED-TAI protocols. When TAI protocol is used, this value will be ignored, and it is recommended to set it to 0. Input options include the following: Double OvSynch, PreSynch, G6G, None",Double OvSynch, --, --
ED_conception_rate,"The fraction of cows with estrus detected that would conceive in the ED (Estrus Detection) protocol, including during the estrus detection portion of ED-TAI protocols. When TAI protocol is used, this value will be ignored, and it is recommended to set it to 0.",50,0, --
presynch_program,"The presynch program (1st breeding) for cow in the TAI protocol.  Currently, this is only supported in TAI protocol. When other protocols such as ED or ED-TAI are used, this value will be ignored, and it is recommended to set it to None. The options include: OvSynch 48, OvSynch 56, CoSynch 72, 5d CoSynch, or None.",OvSynch 56, --, --
presynch_program_start_day,"The presynch program start day is the day of the first hormone injection in a presynch program used in the TAI protocol. When a presynch program is followed by an OvSynch program, the start day of the OvSynch program should be on or after the last day of the presynch program. The durations of the 3 options - PreSynch, Double OvSynch, and G6G, are 25, 16, and 8 days, respectively. Because the presynch program is only supported in TAI protocol, this value will be ignored when other protocols such as ED or ED-TAI are used, and it is recommended to set it to 0.",70,0, --
ovsynch_program,"The OvSynch program to be used for cows in the TAI protocol and the TAI portion of the ED-TAI protocol. When the ED protocol is used, this value will be ignored, and it is recommended to set it to None",0.6,0,1
ovsynch_program_start_day,"When set properly in the TAI protocol, OvSynch program start day is the day of the first GnRH injection in an OvSynch program. When the OvSynch program follows a presynch program, the start day of the OvSynch program should be on or after the last day of the presynch program. Otherwise, the OvSynch program will be shifted to start on the last day of the presynch program. When ED-TAI protocol is used and no estrus detected between the end of the voluntary waiting period and this OvSynch program start day, then the OvSynch program will start on this day. Options include: TAIafterPD, TAIbeforePD, PGFatPD, None. When the ED protocol is used, this value will be ignored, and it is recommended to set it to 0.",TAIafterPD, --, --
ovsynch_program_conception_rate,"The conception rate for the OvSynch program used in the TAI protocol and the TAI portion of the ED-TAI protocol. When the ED protocol is used, this value will be ignored, and it is recommended to set it to 0.",, --, --
resynch_program,"Resynch program for cow before/at/after first pregnancy check day in the TAI and ED-TAI repro protocols. When the ED protocol is used, this value will be ignored, and it is recommended to set it to None. If PGFatPD is chosen, the values for estrus detection rate and conception rate to that detected estrus following PGF are determined by estrus_detection_rate and ED_conception_rate. Anytime an insemination is performed after an ovsynch program, the conception rate will be changed to the ovsynch_program_conception_rate.",, --, --
