year,j_day,num_animals,manure,urea_conc,ammoniacal_N_conc,manure_N,total_solids,manure_VSd,manure_VSnond,WIP_frac,WOP_frac,manure_P,P_frac,K_manure,enteric_methane
,,,kg,mol/L,mol/L,g,kg,g,g,g/g total man,g/g total man,g,g/g total man,g,g
2009,244,104,2237.74911153639,32.95281668142413,14.736907012978454,52890.50792782403,932.2239342511753,914612.8442758358,100366.10593521524,0.014360135127392808,0.0014360135127392808,2237.74911153639,0.028720270254785615,13474.351533686966,63752.068048054105
2009,245,104,2970.989478665462,32.9724256945575,14.735554322431854,52904.72135448632,932.2239342511753,914612.8442758358,100366.10593521524,0.01906688944641315,0.0019066889446413158,2970.989478665462,0.0381337788928263,13478.860834550214,63752.068048054105
2009,246,104,2971.018435799668,32.99207450828573,14.734189922972037,52918.950804274406,932.2239342511753,914612.8442758358,100366.10593521524,0.01906847135079724,0.0019068471350797232,2971.018435799668,0.03813694270159448,13490.957549890218,63752.068048054105
2009,247,104,2971.048026669607,33.011761889079374,14.732813766674525,52933.195780587834,932.2239342511753,914612.8442758358,100366.10593521524,0.019070057513102725,0.001907005751310274,2971.048026669607,0.03814011502620545,13486.054736177693,63752.068048054105
2009,248,104,2971.0782314514195,33.03148663052441,14.731425806968504,52947.45579774228,932.2239342511753,914612.8442758358,100366.10593521524,0.0190716478080388,0.0019071647808038797,2971.0782314514195,0.0381432956160776,13469.345533176525,63752.068048054105
2009,249,104,2971.1090307582276,33.051247552798955,14.730025998639377,52961.730380759094,932.2239342511753,914612.8442758358,100366.10593521524,0.019073242113062307,0.0019073242113062307,2971.1090307582276,0.03814648422612461,13460.46923073693,63752.068048054105
2009,250,104,2971.139959453681,33.070844362911856,14.728634049768186,52975.87813379771,932.2239342511753,914612.8442758358,100366.10593521524,0.01907482387721037,0.0019074823877210378,2971.139959453681,0.03814964775442074,13458.921511575469,63752.068048054105
2009,251,100,2710.2831152402305,36.586800871486616,13.491538877090736,63381.36168187573,844.6500425627646,855512.3145629644,95042.87311453177,0.01691013003539785,0.0016910130035397842,2710.2831152402305,0.0338202600707957,14802.644380606303,62783.389289290106
2009,252,100,2856.688973362291,36.60171758463072,13.488139695958656,63394.83259936616,844.6500425627646,855512.3145629644,95042.87311453177,0.01782580338804698,0.0017825803388046987,2856.688973362291,0.03565160677609396,14768.568805707217,62783.389289290106
2009,253,100,2856.709145644959,36.61668130502576,13.484724435862756,63408.32682029153,844.6500425627646,855512.3145629644,95042.87311453177,0.01782719848623347,0.001782719848623348,2856.709145644959,0.03565439697246694,14751.627510037279,62783.389289290106
2009,254,100,2856.7302414343562,36.63169066599088,13.481293310540147,63421.84366713177,844.6500425627646,855512.3145629644,95042.87311453177,0.017828599508617003,0.0017828599508617005,2856.7302414343562,0.035657199017234006,14786.025374081672,62783.389289290106
2009,255,100,2856.752233673012,36.646744330320544,13.477846529291421,63435.38247697883,844.6500425627646,855512.3145629644,95042.87311453177,0.017830006288475225,0.001783000628847523,2856.752233673012,0.03566001257695045,14730.704832376081,62783.389289290106
2009,256,100,2856.775095888461,36.661840989720595,13.474384297094765,63448.94260125734,844.6500425627646,855512.3145629644,95042.87311453177,0.017831418662672235,0.0017831418662672236,2856.775095888461,0.03566283732534447,14752.12440981401,62783.389289290106
2009,257,100,2856.798802182039,36.67697936425477,13.470906814716,63462.52340544999,844.6500425627646,855512.3145629644,95042.87311453177,0.01783283647159023,0.0017832836471590233,2856.798802182039,0.03566567294318046,14745.102159745567,62783.389289290106
2009,258,100,2742.681747033636,36.2087681752394,13.575259315159633,62166.619039796635,851.4878770010542,859324.3546541075,95331.19713836457,0.01714732917282604,0.0017147329172826028,2742.681747033636,0.03429465834565208,14590.160303226716,62710.77496063959
2009,259,100,2859.850163468277,36.22412634732865,13.57193005768869,62180.16096594533,851.4878770010542,859324.3546541075,95331.19713836457,0.017881906583078325,0.001788190658307833,2859.850163468277,0.03576381316615665,14511.15038551026,62710.77496063959
2009,260,100,2859.8731500655663,36.23952822405785,13.568586051100585,62193.72413757894,851.4878770010542,859324.3546541075,95331.19713836457,0.017883326171058235,0.001788332617105823,2859.8731500655663,0.03576665234211647,14580.449686392722,62710.77496063959
2009,261,100,2859.8969782706395,36.254972517472275,13.565227469420163,62207.307928603266,851.4878770010542,859324.3546541075,95331.19713836457,0.017884751183997828,0.001788475118399783,2859.8969782706395,0.035769502367995656,14508.164026832448,62710.77496063959
2009,262,100,2859.9216230810302,36.27045796745784,13.561854482982769,62220.911726457874,851.4878770010542,859324.3546541075,95331.19713836457,0.01788618146763309,0.001788618146763308,2859.9216230810302,0.03577236293526618,14500.915970163283,62710.77496063959
2009,263,100,2859.947060036111,36.28598334120903,13.558467258536398,62234.53493185731,851.4878770010542,859324.3546541075,95331.19713836457,0.017887616871026357,0.001788761687102635,2859.947060036111,0.035775233742052714,14542.90067311851,62710.77496063959
2009,264,100,2859.9732652067223,36.301547432706116,13.55506595934005,62248.176958537224,851.4878770010542,859324.3546541075,95331.19713836457,0.017889057246503068,0.001788905724650307,2859.9732652067223,0.035778114493006136,14502.45374425743,62710.77496063959
2009,265,100,2746.758778719096,36.58262243016389,13.500678036212769,63927.59696248076,858.4634226312793,868425.78471326,96388.38740794027,0.01692529763322399,0.0016925297633223991,2746.758778719096,0.03385059526644798,14986.038221741292,63635.145540805206
2009,266,100,2892.4345210339297,36.59803408677451,13.497200282673969,63941.34799319419,858.4634226312793,868425.78471326,96388.38740794027,0.0178243234535084,0.0017824323453508397,2892.4345210339297,0.0356486469070168,14958.71623262726,63635.145540805206
2009,267,100,2892.4659319489024,36.61348296597817,13.493707428041159,63955.11756061101,858.4634226312793,868425.78471326,96388.38740794027,0.017825769952795577,0.001782576995279558,2892.4659319489024,0.035651539905591154,14916.043012390013,63635.145540805206
2009,268,100,2892.49807557289,36.628967892398784,13.490199664102253,63968.905079398704,858.4634226312793,868425.78471326,96388.38740794027,0.017827221145069808,0.0017827221145069792,2892.49807557289,0.035654442290139615,14907.743062101803,63635.145540805206
2009,269,100,2892.5309285423778,36.644487716617384,13.486677178932938,63982.70997715114,858.4634226312793,868425.78471326,96388.38740794027,0.01782867688794946,0.001782867688794946,2892.5309285423778,0.03565735377589892,14924.79158859215,63635.145540805206
2009,270,100,2892.5644680112678,36.660041314670515,13.483140156980545,63996.53169413895,858.4634226312793,868425.78471326,96388.38740794027,0.017830137042189706,0.0017830137042189704,2892.5644680112678,0.03566027408437941,14837.045772561027,63635.145540805206
2009,271,100,2892.5986716408747,36.67562758755783,13.479588779145192,64010.36968306435,858.4634226312793,868425.78471326,96388.38740794027,0.01783160147162197,0.0017831601471621965,2892.5986716408747,0.03566320294324394,14884.52294038405,63635.145540805206
2009,272,97,2693.0275134207986,28.815824924280786,13.829732979426815,46022.28572504559,860.9530470773582,840741.7400529373,92151.95695263115,0.017627413478573002,0.0017627413478573004,2693.0275134207986,0.035254826957146004,12087.31380477854,58164.380770391115
2009,273,97,2721.4753464465052,28.83542641936578,13.829692735508035,46035.69173067541,860.9530470773582,840741.7400529373,92151.95695263115,0.017815421252942044,0.0017815421252942044,2721.4753464465052,0.03563084250588409,12586.960415338246,58164.380770391115
2009,274,97,2721.5083468816724,28.8550605436776,13.829640859729167,46049.11024133703,860.9530470773582,840741.7400529373,92151.95695263115,0.01781696742725802,0.0017816967427258024,2721.5083468816724,0.03563393485451604,12471.15963145619,58164.380770391115
2009,275,97,2721.541662595782,28.874534158182286,13.829594876891203,46062.40647633266,860.9530470773582,840741.7400529373,92151.95695263115,0.017818501850353673,0.0017818501850353679,2721.541662595782,0.03563700370070735,12526.46974808444,58164.380770391115
2009,276,97,2721.575632413463,28.894230252743984,13.829519592666657,46075.84873686583,860.9530470773582,840741.7400529373,92151.95695263115,0.01782005478118414,0.001782005478118413,2721.575632413463,0.03564010956236828,12521.624002830782,58164.380770391115
2009,277,97,2721.6100603307837,28.913955632493764,13.829432427419333,46089.30222084021,860.9530470773582,840741.7400529373,92151.95695263115,0.017821610919309304,0.0017821610919309305,2721.6100603307837,0.03564322183861861,12507.26794964804,58164.380770391115
2009,278,97,2721.644929706353,28.933709233588313,13.829333303618727,46102.766520541736,860.9530470773582,840741.7400529373,92151.95695263115,0.017823170157078287,0.0017823170157078303,2721.644929706353,0.035646340314156574,12464.17503443034,58164.380770391115
2009,279,93,2578.4647576814973,25.203439263507793,13.131045699556468,40127.53272045491,847.3561142109969,818380.1744673799,89290.06568353275,0.016971324096631032,0.001697132409663103,2578.4647576814973,0.033942648193262065,11024.967443919535,55551.6376124901
2009,280,93,2622.503937542843,25.22425713021049,13.132748804506917,40140.48149105789,847.3561142109969,818380.1744673799,89290.06568353275,0.017263438737522088,0.0017263438737522084,2622.503937542843,0.034526877475044175,11515.52921722214,55551.6376124901
2009,281,93,2622.539371479066,25.245101699070503,13.134441088785954,40153.43962249535,847.3561142109969,818380.1744673799,89290.06568353275,0.017264967992587404,0.0017264967992587405,2622.539371479066,0.03452993598517481,11505.311800774953,55551.6376124901
2009,282,93,2622.575172934942,25.2659719528637,13.13612236187773,40166.40675816434,847.3561142109969,818380.1744673799,89290.06568353275,0.01726649987612139,0.0017266499876121388,2622.575172934942,0.03453299975224278,11454.813465334368,55551.6376124901
2009,283,93,2622.611327693534,25.28686689800723,13.137792438709715,40179.38254974979,847.3561142109969,818380.1744673799,89290.06568353275,0.017268034295664886,0.0017268034295664883,2622.611327693534,0.03453606859132977,11493.710720590117,55551.6376124901
2009,284,93,2622.6478218694683,25.307785564091102,13.13945113954564,40192.3666570602,847.3561142109969,818380.1744673799,89290.06568353275,0.017269571160902684,0.0017269571160902681,2622.6478218694683,0.03453914232180537,11483.609263697626,55551.6376124901
2009,285,93,2622.684641902375,25.328727003418305,13.141098289879697,40205.358747866405,847.3561142109969,818380.1744673799,89290.06568353275,0.017271110383621203,0.0017271110383621211,2622.684641902375,0.03454222076724241,11507.03023310082,55551.6376124901
2009,286,89,2454.7581758225047,29.518989497443442,12.512010965270418,48984.58531999315,801.9904140381931,792848.3336171686,87205.23710943174,0.015344629363471881,0.001534462936347189,2454.7581758225047,0.030689258726943763,12231.802748398979,55967.659263666894
2009,287,89,2586.58158681628,29.535227906321897,12.510153857305365,48997.00622934065,801.9904140381931,792848.3336171686,87205.23710943174,0.016170186097271066,0.0016170186097271065,2586.58158681628,0.03234037219454213,12181.727110439917,55967.659263666894
2009,288,89,2586.616684942826,29.55148714173341,12.508285642029575,49009.436133441,801.9904140381931,792848.3336171686,87205.23710943174,0.016171558332548616,0.0016171558332548604,2586.616684942826,0.03234311666509723,12121.27755943009,55967.659263666894
2009,289,89,2586.6521361801847,29.567766408247326,12.50640635243132,49021.87468875631,801.9904140381931,792848.3336171686,87205.23710943174,0.016172932955003445,0.0016172932955003448,2586.6521361801847,0.03234586591000689,12132.763738231288,55967.659263666894
2009,290,89,2586.687926833123,29.58406492896677,12.504516021437906,49034.32155975332,801.9904140381931,792848.3336171686,87205.23710943174,0.01617430987994678,0.0016174309879946787,2586.687926833123,0.03234861975989356,12177.30672470706,55967.659263666894
2009,291,89,2586.724043526628,29.600381945160326,12.502614681915963,49046.77641874416,801.9904140381931,792848.3336171686,87205.23710943174,0.01617568902465906,0.0016175689024659058,2586.724043526628,0.03235137804931812,12107.849598149274,55967.659263666894
2009,292,89,2586.760473199535,29.61671671590067,12.500702366671131,49059.238945730445,801.9904140381931,792848.3336171686,87205.23710943174,0.016177070308350947,0.001617707030835095,2586.760473199535,0.032354140616701894,12139.380845497824,55967.659263666894
2009,293,87,2420.121353412985,27.533661275527727,12.346957164588549,45121.932082679596,804.2877213690256,788125.1314563706,86357.04720368484,0.015122483174228818,0.0015122483174228813,2420.121353412985,0.030244966348457636,11588.056124049906,54798.35494958032
2009,294,87,2549.486823153149,27.550670929224843,12.345863328143446,45134.14166731365,804.2877213690256,788125.1314563706,86357.04720368484,0.01593345054803925,0.0015933450548039248,2549.486823153149,0.0318669010960785,11515.250974943307,54798.35494958032
2009,295,87,2549.523764330935,27.5676940322046,12.344758654477252,45146.356726169375,804.2877213690256,788125.1314563706,86357.04720368484,0.015934816822335333,0.0015934816822335334,2549.523764330935,0.031869633644670665,11455.423369214106,54798.35494958032
2009,296,87,2549.5609183785696,27.584729948365776,12.343643138138294,45158.57700033644,804.2877213690256,788125.1314563706,86357.04720368484,0.01593618460992679,0.001593618460992678,2549.5609183785696,0.03187236921985358,11543.269639741284,54798.35494958032
2009,297,87,2549.5978641553984,27.601583218761494,12.342526398913384,45170.66217186876,804.2877213690256,788125.1314563706,86357.04720368484,0.015937538205405367,0.0015937538205405357,2549.5978641553984,0.031875076410810735,11515.429012723902,54798.35494958032
2009,298,87,2549.6354143576027,27.618642980480896,12.341389304372198,45182.89215182274,804.2877213690256,788125.1314563706,86357.04720368484,0.01593890883439504,0.0015938908834395046,2549.6354143576027,0.03187781766879008,11453.270586030047,54798.35494958032
2009,299,87,2549.6731472410497,27.63571373825217,12.34024135591697,45195.126607467195,804.2877213690256,788125.1314563706,86357.04720368484,0.0159402807898704,0.0015940280789870397,2549.6731472410497,0.0318805615797408,11512.979682664938,54798.35494958032
2009,300,81,2229.6488962416506,22.07380788532847,11.459214172901557,35280.23004624965,740.2828412912866,715295.867710372,78045.74477747324,0.014621204771354741,0.0014621204771354745,2229.6488962416506,0.029242409542709482,9660.010247285549,48585.47754027208
2009,301,81,2290.42452604873,22.09204688082253,11.460640428690677,35291.587529023105,740.2828412912866,715295.867710372,78045.74477747324,0.015022283088443325,0.0015022283088443323,2290.42452604873,0.03004456617688665,10187.120429645645,48585.47754027208
2009,302,81,2290.4585288787275,22.110301708449565,11.462055632016886,35302.950598358046,740.2828412912866,715295.867710372,78045.74477747324,0.015023629550012556,0.001502362955001255,2290.4585288787275,0.030047259100025113,10102.467239603271,48585.47754027208
2009,303,81,2290.492749293276,22.128571643450815,11.463459663765928,35314.318998514515,740.2828412912866,715295.867710372,78045.74477747324,0.015024977627853525,0.0015024977627853529,2290.492749293276,0.03004995525570705,10116.249118511738,48585.47754027208
2009,304,81,2290.527177105075,22.146855978499435,11.464852408691288,35325.69247990359,740.2828412912866,715295.867710372,78045.74477747324,0.015026327255861298,0.0015026327255861292,2290.527177105075,0.030052654511722596,10157.788644970231,48585.47754027208
2009,305,81,2290.561802372848,22.165154023350823,11.466233755329347,35337.07079896402,740.2828412912866,715295.867710372,78045.74477747324,0.015027678369517466,0.0015027678369517457,2290.561802372848,0.030055356739034932,10049.304618669375,48585.47754027208
2009,306,81,2290.5966153964055,22.18346510449947,11.467603595915621,35348.45371804114,740.2828412912866,715295.867710372,78045.74477747324,0.015029030905858514,0.0015029030905858514,2290.5966153964055,0.030058061811717027,10096.505258020912,48585.47754027208
2009,307,75,2083.5115755195975,23.684549205505824,10.64147032702529,38996.88887910787,712.3710181117589,696144.7112154042,76137.91372972909,0.012781885462657749,0.0012781885462657748,2083.5115755195975,0.025563770925315497,10094.987755466229,48155.315957795196
2009,308,75,2245.19080143823,23.69938740504037,10.640552536077037,39007.44801411438,712.3710181117589,696144.7112154042,76137.91372972909,0.013775172151047985,0.0013775172151047994,2245.19080143823,0.02755034430209597,10045.400061457683,48155.315957795196
2009,309,75,2245.2240099924625,23.71423666652469,10.639625189217854,39018.01162369307,712.3710181117589,696144.7112154042,76137.91372972909,0.013776339516706341,0.0013776339516706343,2245.2240099924625,0.027552679033412682,10057.033439354265,48155.315957795196
2009,310,75,2245.2573920674945,23.729096437889897,10.638688281461373,39028.579484531365,712.3710181117589,696144.7112154042,76137.91372972909,0.013777508101807162,0.001377750810180717,2245.2573920674945,0.027555016203614325,10042.614059928166,48155.315957795196
2009,311,75,2245.2909387733653,23.74396618068491,10.637741808660671,39039.15137882517,712.3710181117589,696144.7112154042,76137.91372972909,0.013778677852300301,0.0013778677852300297,2245.2909387733653,0.027557355704600602,10043.866179222166,48155.315957795196
2009,312,75,2245.3246414403957,23.75884536980118,10.636785767484536,39049.727094167436,712.3710181117589,696144.7112154042,76137.91372972909,0.013779848715467136,0.0013779848715467133,2245.3246414403957,0.027559697430934272,10069.453649420431,48155.315957795196
2009,313,75,2245.358491614743,23.77373349320265,10.635820155394073,39060.30642343894,712.3710181117589,696144.7112154042,76137.91372972909,0.013781020639893777,0.001378102063989378,2245.358491614743,0.027562041279787553,10042.016142808956,48155.315957795196
2009,314,75,2060.9386471097755,23.400907242113036,10.647869816114238,38135.047081076234,692.5118450981022,677331.4649693579,74174.23047713393,0.012967026820696547,0.0012967026820696538,2060.9386471097755,0.025934053641393093,9835.72400821249,46946.217216592995
2009,315,75,2186.6738576948146,23.416010506260267,10.647124855390379,38145.64138990968,692.5118450981022,677331.4649693579,74174.23047713393,0.013760823791504872,0.0013760823791504873,2186.6738576948146,0.027521647583009744,9773.824381181763,46946.217216592995
2009,316,75,2186.70844110694,23.4311212373371,10.646370147275178,38156.23868350675,692.5118450981022,677331.4649693579,74174.23047713393,0.013762028714403554,0.0013762028714403552,2186.70844110694,0.02752405742880711,9821.629458116215,46946.217216592995
2009,317,75,2186.7431389511707,23.44623898209625,10.645605683546018,38166.8387806904,692.5118450981022,677331.4649693579,74174.23047713393,0.013763234523466858,0.001376323452346686,2186.7431389511707,0.027526469046933715,9737.628555244699,46946.217216592995
2009,318,75,2186.777944021659,23.461363298882546,10.644831456888655,38177.441504917384,692.5118450981022,677331.4649693579,74174.23047713393,0.013764441173764982,0.0013764441173764973,2186.777944021659,0.027528882347529964,9757.232815315698,46946.217216592995
2009,319,75,2186.8128492977976,23.47649375739448,10.644047460870127,38188.04668418276,692.5118450981022,677331.4649693579,74174.23047713393,0.013765648621516047,0.0013765648621516051,2186.8128492977976,0.027531297243032094,9767.631942170294,46946.217216592995
2009,320,75,2186.8478479404007,23.491629938450135,10.64325368991215,38198.65415092656,692.5118450981022,677331.4649693579,74174.23047713393,0.013766856824062541,0.001376685682406254,2186.8478479404007,0.027533713648125083,9719.741244155772,46946.217216592995
2009,321,72,1941.5610325221162,22.507054272167604,10.235488032378104,36774.12691069713,647.9093903290186,635988.1407359367,69792.56191306068,0.012391677048824313,0.0012391677048824315,1941.5610325221162,0.024783354097648626,9426.818985380587,44365.60611107196
2009,322,72,2059.636794415694,22.521355561444295,10.234753638557304,36784.30096958982,647.9093903290186,635988.1407359367,69792.56191306068,0.013147297226020984,0.0013147297226020985,2059.636794415694,0.026294594452041967,9357.086318374593,44365.60611107196
2009,323,72,2059.6701029926858,22.53566178588222,10.23401019393744,36794.477029726084,647.9093903290186,635988.1407359367,69792.56191306068,0.013148466621332813,0.0013148466621332817,2059.6701029926858,0.026296933242665625,9427.080507032622,44365.60611107196
2009,324,72,2059.703487288543,22.54997258511458,10.233257693385932,36804.654944974594,647.9093903290186,635988.1407359367,69792.56191306068,0.013149636665238731,0.0013149636665238736,2059.703487288543,0.026299273330477463,9347.474723085541,44365.60611107196
2009,325,72,2059.73694150108,22.564287608583864,10.232496132448869,36814.834573181746,647.9093903290186,635988.1407359367,69792.56191306068,0.013150807321011355,0.0013150807321011353,2059.73694150108,0.02630161464202271,9354.512626868534,44365.60611107196
2009,326,72,2059.770459987065,22.578606515336464,10.231725507327962,36825.01577608839,647.9093903290186,635988.1407359367,69792.56191306068,0.013151978552923802,0.0013151978552923807,2059.770459987065,0.026303957105847604,9337.61615725831,44365.60611107196
2009,327,72,2059.8040372588853,22.59292897382093,10.230945814858,36835.19841924799,647.9093903290186,635988.1407359367,69792.56191306068,0.013153150326228845,0.001315315032622885,2059.8040372588853,0.02630630065245769,9359.045762128177,44365.60611107196
2009,328,69,1890.785958488083,21.86711138604454,9.793088651023373,35939.55578919166,643.5099843617485,630111.4259397618,69005.06371043007,0.011750916634167009,0.0011750916634167008,1890.785958488083,0.023501833268334018,9216.3367891298,43751.01736033349
2009,329,69,2034.256336514012,21.880809494638562,9.79219639268521,35949.3207658269,643.5099843617485,630111.4259397618,69005.06371043007,0.012644450895274788,0.0012644450895274786,2034.256336514012,0.025288901790549576,9151.234703216185,43751.01736033349
2009,330,69,2034.288832919788,21.894510516919734,9.791295358987613,35959.086927768396,643.5099843617485,630111.4259397618,69005.06371043007,0.012645548889857255,0.001264554888985726,2034.288832919788,0.02529109777971451,9135.209924625578,43751.01736033349
2009,331,69,2034.3213728080786,21.90821415794521,9.790385552823999,35968.85415503153,643.5099843617485,630111.4259397618,69005.06371043007,0.012646647306808083,0.0012646647306808088,2034.3213728080786,0.025293294613616166,9169.276393838223,43751.01736033349
2009,332,69,2034.3539514297872,21.921920131699462,9.789466977455527,35978.622331263374,643.5099843617485,630111.4259397618,69005.06371043007,0.012647746116849455,0.0012647746116849462,2034.3539514297872,0.02529549223369891,9174.001950395033,43751.01736033349
2009,333,69,2034.3865641809361,21.935628160907015,9.788539636492938,35988.39134366653,643.5099843617485,630111.4259397618,69005.06371043007,0.012648845291594279,0.0012648845291594285,2034.3865641809361,0.025297690583188558,9149.995754411042,43751.01736033349
2009,334,69,2034.419206599621,21.94933797684855,9.787603533878734,35998.1610829243,643.5099843617485,630111.4259397618,69005.06371043007,0.012649944803527586,0.0012649944803527582,2034.419206599621,0.025299889607055173,9151.952233473554,43751.01736033349
2009,335,62,1692.7741272769103,18.216506264408988,8.817731936257996,29617.69489113097,589.7998950576882,571969.567793886,62392.2601648231,0.010594228817813007,0.0010594228817813003,1692.7741272769103,0.021188457635626014,7905.39553684446,39038.37714087906
2009,336,62,1831.4849696237025,18.22987140128209,8.817878260340304,29626.482892627388,589.7998950576882,571969.567793886,62392.2601648231,0.011463881362152348,0.0011463881362152341,1831.4849696237025,0.022927762724304697,7903.5189092353885,39038.37714087906
2009,337,62,1831.5140799987976,18.243012838284073,8.817991846591541,29635.126096817192,589.7998950576882,571969.567793886,62392.2601648231,0.011464868633150617,0.0011464868633150617,1831.5140799987976,0.022929737266301233,7886.997386769416,39038.37714087906
2009,338,62,1831.5438192460383,18.256379599102377,8.818120097088192,29643.914708374614,589.7998950576882,571969.567793886,62392.2601648231,0.01146587292287314,0.001146587292287314,1831.5438192460383,0.02293174584574628,7867.489250322661,39038.37714087906
2009,339,62,1831.5735669677745,18.26974691260608,8.818239221977858,29652.703527557132,589.7998950576882,571969.567793886,62392.2601648231,0.011466877406880883,0.0011466877406880887,1831.5735669677745,0.022933754813761767,7900.090290387624,39038.37714087906
2009,340,62,1831.6033196162489,18.28311454741938,8.818349210383623,29661.49246744477,589.7998950576882,571969.567793886,62392.2601648231,0.01146788206309725,0.0011467882063097249,1831.6033196162489,0.0229357641261945,7846.776111568627,39038.37714087906
2009,341,62,1831.633073797614,18.296482282203982,8.818450052501321,29670.281444888205,589.7998950576882,571969.567793886,62392.2601648231,0.011468886870400182,0.0011468886870400175,1831.633073797614,0.022937773740800364,7885.864019017138,39038.37714087906
2009,342,58,1494.1417962481507,17.2480083118618,8.259252080258095,27858.49641894009,535.2189899061639,520822.6483461431,56939.72266930082,0.009541109394656406,0.0009541109394656405,1494.1417962481507,0.01908221878931281,7324.935960357324,35787.5659008237
2009,343,58,1673.4289723253046,17.260398644174117,8.259234587886356,27866.73795383036,535.2189899061639,520822.6483461431,56939.72266930082,0.010687353539317011,0.001068735353931701,1673.4289723253046,0.021374707078634023,7296.58598749222,35787.5659008237
2009,344,58,1673.4576125960402,17.272789375040983,8.259208664501404,27874.97964046338,535.2189899061639,520822.6483461431,56939.72266930082,0.010688314525343148,0.0010688314525343146,1673.4576125960402,0.021376629050686297,7272.275806464127,35787.5659008237
2009,345,58,1673.4862561579296,17.285180317692337,8.259174300582789,27883.221407729674,535.2189899061639,520822.6483461431,56939.72266930082,0.010689275670512524,0.0010689275670512524,1673.4862561579296,0.021378551341025048,7314.913280468006,35787.5659008237
2009,346,58,1673.5149002435624,17.29757129404631,8.259131487400543,27891.463187827663,535.2189899061639,520822.6483461431,56939.72266930082,0.01069023695727845,0.0010690236957278455,1673.5149002435624,0.0213804739145569,7295.064145305505,35787.5659008237
2009,347,58,1673.5435422184403,17.30996213457413,8.259080216981602,27899.704916212195,535.2189899061639,520822.6483461431,56939.72266930082,0.010691198368935137,0.0010691198368935138,1673.5435422184403,0.021382396737870273,7281.988082467328,35787.5659008237
2009,348,58,1673.572179541004,17.322352675727302,8.259020481988701,27907.946530615012,535.2189899061639,520822.6483461431,56939.72266930082,0.010692159889363484,0.0010692159889363485,1673.572179541004,0.021384319778726967,7294.378636374236,35787.5659008237
2009,349,53,1424.0038297847755,12.899602064761382,7.279571664973135,19483.865873978506,478.2530852405662,428880.50674399507,50643.965822962986,0.009598256297908727,0.0009598256297908726,1424.0038297847755,0.019196512595817453,6287.5780922245995,28005.514520013316
2009,350,53,1341.669880053996,12.91346867870641,7.281994059862902,19491.37595107438,478.2530852405662,428880.50674399507,50643.965822962986,0.009044613445036116,0.0009044613445036119,1341.669880053996,0.01808922689007223,7365.801465422182,28005.514520013316
2009,351,53,1341.6951839905323,12.92733487032313,7.284404797210992,19498.88589751953,478.2530852405662,428880.50674399507,50643.965822962986,0.009045479059879227,0.0009045479059879227,1341.6951839905323,0.018090958119758454,7375.818035213858,28005.514520013316
2009,352,53,1341.720480956433,12.94120050989188,7.2868038437374905,19506.3956731841,478.2530852405662,428880.50674399507,50643.965822962986,0.00904634475928441,0.0009046344759284407,1341.720480956433,0.01809268951856882,7352.881168344517,28005.514520013316
2009,353,53,1341.74576938637,12.9550654734446,7.289191167873218,19513.90523971755,478.2530852405662,428880.50674399507,50643.965822962986,0.009047210532814884,0.0009047210532814884,1341.74576938637,0.01809442106562977,7381.551407897524,28005.514520013316
2009,354,53,1341.7710478239721,12.968929645642227,7.291566740536907,19521.414561438796,478.2530852405662,428880.50674399507,50643.965822962986,0.00904807637076164,0.0009048076370761644,1341.7710478239721,0.01809615274152328,7347.3003854905255,28005.514520013316
2009,355,53,1341.7963149202667,12.98279291965125,7.2939305350714525,19528.92360529802,478.2530852405662,428880.50674399507,50643.965822962986,0.009048942264133235,0.0009048942264133233,1341.7963149202667,0.01809788452826647,7325.033201218719,28005.514520013316
2009,356,48,1281.6267463138367,8.924597483001097,5.861922108072019,15164.110818939916,447.6903395729262,410661.2425626051,47229.629344817244,0.008601212420781748,0.0008601212420781747,1281.6267463138367,0.017202424841563497,5152.296131499259,26344.779234494425
2009,357,48,1255.4869361532644,8.938779769978247,5.867027635865033,15170.904196505891,447.6903395729262,410661.2425626051,47229.629344817244,0.008426093144647763,0.0008426093144647761,1255.4869361532644,0.016852186289295527,5837.72240939527,26344.779234494425
2009,358,48,1255.509489985024,8.952959098619061,5.872118661571736,15177.696765383997,447.6903395729262,410661.2425626051,47229.629344817244,0.008426889213907118,0.0008426889213907118,1255.509489985024,0.016853778427814235,5825.446755432478,26344.779234494425
2009,359,48,1255.5320099389874,8.967135390937761,5.8771951553041895,15184.488504256115,447.6903395729262,410661.2425626051,47229.629344817244,0.008427685177099445,0.0008427685177099445,1255.5320099389874,0.01685537035419889,5862.274967891987,26344.779234494425
2009,360,48,1255.554495198579,8.981308573748002,5.882257089403426,15191.279393116109,447.6903395729262,410661.2425626051,47229.629344817244,0.008428481028777506,0.0008428481028777507,1255.554495198579,0.016856962057555012,5847.163869963163,26344.779234494425
2009,361,48,1255.5769449995494,8.995478578553476,5.88730443837295,15198.069413239873,447.6903395729262,410661.2425626051,47229.629344817244,0.008429276763842433,0.0008429276763842431,1255.5769449995494,0.016858553527684866,5815.144557694749,26344.779234494425
2009,362,48,1255.5993587039472,9.009645348177337,5.892337182033447,15204.85854899763,447.6903395729262,410661.2425626051,47229.629344817244,0.008430072378037898,0.0008430072378037902,1255.5993587039472,0.016860144756075796,5785.567235466053,26344.779234494425
2009,363,39,1035.5437952485036,8.385858643034469,5.128481163814593,13160.995329124036,355.60584135372244,320953.45968437195,37767.630368216094,0.006986793379066059,0.000698679337906606,1035.5437952485036,0.013973586758132117,4399.972891608876,20704.519731153425
2009,364,39,988.1654219929192,8.396742410204173,5.131377824006886,13166.517911362222,355.60584135372244,320953.45968437195,37767.630368216094,0.006667737178947721,0.000666773717894772,988.1654219929192,0.013335474357895442,5172.666071009504,20704.519731153425
2009,365,39,988.1838748141322,8.407624492400119,5.134264251280331,13172.040005481926,355.60584135372244,320953.45968437195,37767.630368216094,0.0066683745901692576,0.0006668374590169259,988.1838748141322,0.013336749180338515,5144.3667511697895,20704.519731153425
2010,1,39,988.2018386115673,8.418226204285101,5.137084561797103,13177.420118519089,355.60584135372244,320953.45968437195,37767.630368216094,0.006668995474667113,0.0006668995474667113,988.2018386115673,0.013337990949334227,5133.638074150321,20704.519731153425
2010,2,39,988.2202507142963,8.429104842778903,5.139950754608548,13182.94121503595,355.60584135372244,320953.45968437195,37767.630368216094,0.006669632803399407,0.0006669632803399408,988.2202507142963,0.013339265606798814,5170.638078908566,20704.519731153425
2010,3,39,988.2386412762651,8.43998165949658,5.142806682244795,13188.461783804189,355.60584135372244,320953.45968437195,37767.630368216094,0.006670270084223908,0.000667027008422391,988.2386412762651,0.013340540168447816,5116.16347917467,20704.519731153425
2010,4,39,988.257009884595,8.450856619519543,5.145652337271296,13193.98181470827,355.60584135372244,320953.45968437195,37767.630368216094,0.0066709073143844015,0.0006670907314384404,988.257009884595,0.013341814628768803,5141.131118495697,20704.519731153425
2010,5,29,760.9861418958255,7.478180696034811,4.061234362588988,11218.6808878633,258.55580785921677,230955.5314976171,27307.648176387298,0.005152217458753401,0.0005152217458753402,760.9861418958255,0.010304434917506803,3564.0130661055864,15223.733437941353
2010,6,29,730.0878843652442,7.485419729355979,4.062148135960223,11222.778513364068,258.55580785921677,230955.5314976171,27307.648176387298,0.004943348375940918,0.0004943348375940918,730.0878843652442,0.009886696751881837,4181.883696634583,15223.733437941353
2010,7,29,730.1012325573665,7.4926569191229575,4.063055830656899,11226.875544071061,258.55580785921677,230955.5314976171,27307.648176387298,0.004943820358856766,0.0004943820358856766,730.1012325573665,0.009887640717713532,4169.593902200677,15223.733437941353
2010,8,29,730.113839435879,7.499623209856461,4.063916727957834,11230.824412594622,258.55580785921677,230955.5314976171,27307.648176387298,0.004944274345850517,0.0004944274345850516,730.113839435879,0.009888548691701034,4138.019735799014,15223.733437941353
2010,9,29,730.127140216706,7.506856799334142,4.064812522696119,11234.920281724879,258.55580785921677,230955.5314976171,27307.648176387298,0.004944746150487767,0.0004944746150487766,730.127140216706,0.009889492300975534,4174.6226131644835,15223.733437941353
2010,10,29,730.1404175451673,7.514088607900769,4.065702257136482,11239.015576272184,258.55580785921677,230955.5314976171,27307.648176387298,0.004945217869078753,0.0004945217869078754,730.1404175451673,0.009890435738157507,4159.171018457867,15223.733437941353
2010,11,29,730.1536717149845,7.521318657860736,4.06658593747907,11243.110303432702,258.55580785921677,230955.5314976171,27307.648176387298,0.004945689503611025,0.0004945689503611024,730.1536717149845,0.00989137900722205,4165.920122909896,15223.733437941353
2010,12,16,422.20425630141875,4.596126262387827,2.2807115713253285,7455.334106202453,150.6975231207411,145969.94823032946,15922.197095493551,0.002677754366879682,0.00026777543668796817,422.20425630141875,0.005355508733759364,2004.5036281783885,9945.615282860166
2010,13,16,466.61890424391675,4.599620645820107,2.2808199855617617,7457.594963793654,150.6975231207411,145969.94823032946,15922.197095493551,0.002959710374771568,0.0002959710374771568,466.61890424391675,0.005919420749543136,2003.636340498276,9945.615282860166
2010,14,16,466.6262750515999,4.603114289522249,2.2809258955731546,7459.8555485818915,150.6975231207411,145969.94823032946,15922.197095493551,0.0029599711605255486,0.0002959971160525548,466.6262750515999,0.005919942321051097,2027.5424339665965,9945.615282860166
2010,15,16,466.63363442450685,4.606607173566616,2.2810293027548383,7462.115853218111,150.6975231207411,145969.94823032946,15922.197095493551,0.0029602319114725626,0.00029602319114725636,466.63363442450685,0.005920463822945125,2011.7723657956187,9945.615282860166
2010,16,16,466.6409820811633,4.610099279253767,2.281130208587009,7464.375870806194,150.6975231207411,145969.94823032946,15922.197095493551,0.0029604926258265094,0.000296049262582651,466.6409820811633,0.005920985251653019,1996.260442407996,9945.615282860166
2010,17,16,466.6483177581608,4.6135905890844064,2.281228614629622,7466.635594892633,150.6975231207411,145969.94823032946,15922.197095493551,0.002960753301915181,0.00029607533019151814,466.6483177581608,0.005921506603830362,2003.876620507985,9945.615282860166
2010,18,16,466.65564120974204,4.617081086731912,2.2813245225174206,7468.895019456374,150.6975231207411,145969.94823032946,15922.197095493551,0.0029610139381776894,0.0002961013938177689,466.65564120974204,0.005922027876355379,1994.0951984677208,9945.615282860166
2010,19,3,80.85908259669831,0.9982610722556923,0.42265553226849095,1683.5713835592537,28.811327541591666,28317.710701115262,3102.0287207451865,0.0004836372625535336,4.836372625535336e-05,80.85908259669831,0.0009672745251070672,422.6748561275547,1978.7400328043127
2010,20,3,91.59414333760483,0.998849484011,0.42258619540058107,1684.0068982114633,28.811327541591666,28317.710701115262,3102.0287207451865,0.00054788674035569,5.478867403556901e-05,91.59414333760483,0.00109577348071138,425.17677610806766,1978.7400328043127
2010,21,3,91.59600146943886,0.9994379180211745,0.4225164837213593,1684.4424224413967,28.811327541591666,28317.710701115262,3102.0287207451865,0.0005479352211610472,5.4793522116104714e-05,91.59600146943886,0.0010958704423220944,410.58638084062807,1978.7400328043127
2010,22,3,91.59786002979669,1.0000263764265118,0.42244639698751113,1684.8779571701637,28.811327541591666,28317.710701115262,3102.0287207451865,0.0005479837111384293,5.479837111384293e-05,91.59786002979669,0.0010959674222768587,420.9709498671107,1978.7400328043127
2010,23,3,91.59971906037288,1.000614861600615,0.4223759349234003,1685.3135034192806,28.811327541591666,28317.710701115262,3102.0287207451865,0.0005480322105391493,5.480322105391493e-05,91.59971906037288,0.0010960644210782986,416.365211963461,1978.7400328043127
2010,24,3,91.60157860686674,1.0012033761450705,0.42230509722093346,1685.74906230838,28.811327541591666,28317.710701115262,3102.0287207451865,0.0005480807196385451,5.480807196385451e-05,91.60157860686674,0.0010961614392770902,421.8707624811673,1978.7400328043127
2010,25,3,91.60343871889057,1.0017919228842278,0.42223388353943275,1686.184635052964,28.811327541591666,28317.710701115262,3102.0287207451865,0.0005481292387354402,5.481292387354402e-05,91.60343871889057,0.0010962584774708805,424.00305469154665,1978.7400328043127
2010,26,0,0,0,0,0,0,0,0,0,0,0,0,0,0
2010,27,0,0,0,0,0,0,0,0,0,0,0,0,0,0
2010,28,0,0,0,0,0,0,0,0,0,0,0,0,0,0
2010,29,0,0,0,0,0,0,0,0,0,0,0,0,0,0
2010,30,0,0,0,0,0,0,0,0,0,0,0,0,0,0
2010,31,0,0,0,0,0,0,0,0,0,0,0,0,0,0
2010,32,0,0,0,0,0,0,0,0,0,0,0,0,0,0
2010,33,0,0,0,0,0,0,0,0,0,0,0,0,0,0
2010,34,0,0,0,0,0,0,0,0,0,0,0,0,0,0
2010,35,0,0,0,0,0,0,0,0,0,0,0,0,0,0
2010,36,0,0,0,0,0,0,0,0,0,0,0,0,0,0
2010,37,0,0,0,0,0,0,0,0,0,0,0,0,0,0
2010,38,0,0,0,0,0,0,0,0,0,0,0,0,0,0
2010,39,0,0,0,0,0,0,0,0,0,0,0,0,0,0
2010,40,0,0,0,0,0,0,0,0,0,0,0,0,0,0
2010,41,2,0,0,0,0,0,0,0,0,0,0,0,0,0
2010,42,2,60.591688197293294,0.68,0.28,2610.343229423607,36.518043395999996,14174.826,1718.78,0.0008588922981874322,8.588922981874322e-05,60.591688197293294,0.0017177845963748644,2124.6287850000003,659.3325696484983
2010,43,2,60.591688197293294,0.68,0.28,2610.343229423607,36.518043395999996,14174.826,1718.78,0.0008588922981874322,8.588922981874322e-05,60.591688197293294,0.0017177845963748644,2124.6287850000003,659.3325696484983
2010,44,2,60.591688197293294,0.68,0.28,2610.343229423607,36.518043395999996,14174.826,1718.78,0.0008588922981874322,8.588922981874322e-05,60.591688197293294,0.0017177845963748644,2124.6287850000003,659.3325696484983
2010,45,3,90.89923047186525,1.02,0.42000000000000004,3359.5873200219107,47.014054245,21262.238999999998,2578.17,0.001286934119600974,0.00012869341196009742,90.89923047186525,0.002573868239201948,2655.7859812500005,988.9988544727474
2010,46,3,90.89923047186525,1.02,0.42000000000000004,3359.5873200219107,47.014054245,21262.238999999998,2578.17,0.001286934119600974,0.00012869341196009742,90.89923047186525,0.002573868239201948,2655.7859812500005,988.9988544727474
2010,47,0,0,0,0,0,0,0,0,0,0,0,0,0,0
2010,48,1,0,0,0,0,0,0,0,0,0,0,0,0,0
2010,49,3,91.13387988327601,1.02,0.42000000000000004,3359.5873200219107,47.014054245,21262.238999999998,2578.17,0.001262039274228095,0.00012620392742280953,91.13387988327601,0.00252407854845619,2655.7859812500005,988.9988544727474
2010,50,3,91.13387988327601,1.02,0.42000000000000004,3359.5873200219107,47.014054245,21262.238999999998,2578.17,0.001262039274228095,0.00012620392742280953,91.13387988327601,0.00252407854845619,2655.7859812500005,988.9988544727474
2010,51,3,91.13387988327601,1.02,0.42000000000000004,3359.5873200219107,47.014054245,21262.238999999998,2578.17,0.001262039274228095,0.00012620392742280953,91.13387988327601,0.00252407854845619,2655.7859812500005,988.9988544727474
2010,52,3,91.13387988327601,1.02,0.42000000000000004,3359.5873200219107,47.014054245,21262.238999999998,2578.17,0.001262039274228095,0.00012620392742280953,91.13387988327601,0.00252407854845619,2655.7859812500005,988.9988544727474
2010,53,3,91.13387988327601,1.02,0.42000000000000004,3359.5873200219107,47.014054245,21262.238999999998,2578.17,0.001262039274228095,0.00012620392742280953,91.13387988327601,0.00252407854845619,2655.7859812500005,988.9988544727474
2010,54,0,0,0,0,0,0,0,0,0,0,0,0,0,0
2010,55,0,0,0,0,0,0,0,0,0,0,0,0,0,0
2010,56,0,0,0,0,0,0,0,0,0,0,0,0,0,0
2010,57,0,0,0,0,0,0,0,0,0,0,0,0,0,0
2010,58,0,0,0,0,0,0,0,0,0,0,0,0,0,0
2010,59,2,0,0,0,0,0,0,0,0,0,0,0,0,0
2010,60,2,60.95413093280769,0.68,0.28,2610.343229423607,36.518043395999996,14174.826,1718.78,0.0008188409219564029,8.188409219564029e-05,60.95413093280769,0.0016376818439128057,2124.6287850000003,659.3325696484983
2010,61,0,0,0,0,0,0,0,0,0,0,0,0,0,0
2010,62,2,0,0,0,0,0,0,0,0,0,0,0,0,0
2010,63,2,60.85017567899534,0.68,0.28,2610.343229423607,36.518043395999996,14174.826,1718.78,0.0008310804566463853,8.310804566463852e-05,60.85017567899534,0.0016621609132927706,2124.6287850000003,659.3325696484983
2010,64,3,90.99379407354145,1.02,0.42000000000000004,3359.5873200219107,47.014054245,21262.238999999998,2578.17,0.0012796544125314318,0.0001279654412531432,90.99379407354145,0.0025593088250628637,2655.7859812500005,988.9988544727474
2010,65,3,90.99379407354145,1.02,0.42000000000000004,3359.5873200219107,47.014054245,21262.238999999998,2578.17,0.0012796544125314318,0.0001279654412531432,90.99379407354145,0.0025593088250628637,2655.7859812500005,988.9988544727474
2010,66,3,90.99379407354145,1.02,0.42000000000000004,3359.5873200219107,47.014054245,21262.238999999998,2578.17,0.0012796544125314318,0.0001279654412531432,90.99379407354145,0.0025593088250628637,2655.7859812500005,988.9988544727474
2010,67,3,90.99379407354145,1.02,0.42000000000000004,3359.5873200219107,47.014054245,21262.238999999998,2578.17,0.0012796544125314318,0.0001279654412531432,90.99379407354145,0.0025593088250628637,2655.7859812500005,988.9988544727474
2010,68,0,0,0,0,0,0,0,0,0,0,0,0,0,0
2010,69,0,0,0,0,0,0,0,0,0,0,0,0,0,0
2010,70,0,0,0,0,0,0,0,0,0,0,0,0,0,0
2010,71,0,0,0,0,0,0,0,0,0,0,0,0,0,0
2010,72,0,0,0,0,0,0,0,0,0,0,0,0,0,0
2010,73,1,0,0,0,0,0,0,0,0,0,0,0,0,0
2010,74,1,30.11505676203001,0.34,0.14,1305.1716147118036,18.259021697999998,7087.413,859.39,0.0004523789864986243,4.523789864986243e-05,30.11505676203001,0.0009047579729972486,1062.3143925000002,329.66628482424915
2010,75,0,0,0,0,0,0,0,0,0,0,0,0,0,0
2010,76,0,0,0,0,0,0,0,0,0,0,0,0,0,0
2010,77,0,0,0,0,0,0,0,0,0,0,0,0,0,0
2010,78,0,0,0,0,0,0,0,0,0,0,0,0,0,0
2010,79,0,0,0,0,0,0,0,0,0,0,0,0,0,0
2010,80,0,0,0,0,0,0,0,0,0,0,0,0,0,0
2010,81,0,0,0,0,0,0,0,0,0,0,0,0,0,0
2010,82,0,0,0,0,0,0,0,0,0,0,0,0,0,0
2010,83,0,0,0,0,0,0,0,0,0,0,0,0,0,0
2010,84,0,0,0,0,0,0,0,0,0,0,0,0,0,0
2010,85,0,0,0,0,0,0,0,0,0,0,0,0,0,0
2010,86,0,0,0,0,0,0,0,0,0,0,0,0,0,0
2010,87,0,0,0,0,0,0,0,0,0,0,0,0,0,0
2010,88,0,0,0,0,0,0,0,0,0,0,0,0,0,0
2010,89,0,0,0,0,0,0,0,0,0,0,0,0,0,0
2010,90,0,0,0,0,0,0,0,0,0,0,0,0,0,0
2010,91,0,0,0,0,0,0,0,0,0,0,0,0,0,0
2010,92,1,0,0,0,0,0,0,0,0,0,0,0,0,0
2010,93,1,30.507308880830553,0.34,0.14,1305.1716147118036,18.259021697999998,7087.413,859.39,0.0004056825073003986,4.056825073003986e-05,30.507308880830553,0.0008113650146007972,1062.3143925000002,329.66628482424915
2010,94,1,30.507308880830553,0.34,0.14,1305.1716147118036,18.259021697999998,7087.413,859.39,0.0004056825073003986,4.056825073003986e-05,30.507308880830553,0.0008113650146007972,1062.3143925000002,329.66628482424915
2010,95,1,30.507308880830553,0.34,0.14,1305.1716147118036,18.259021697999998,7087.413,859.39,0.0004056825073003986,4.056825073003986e-05,30.507308880830553,0.0008113650146007972,1062.3143925000002,329.66628482424915
2010,96,0,0,0,0,0,0,0,0,0,0,0,0,0,0
2010,97,2,0,0,0,0,0,0,0,0,0,0,0,0,0
2010,98,2,60.51910137784482,0.68,0.28,2610.343229423607,36.518043395999996,14174.826,1718.78,0.0008677701167981342,8.677701167981343e-05,60.51910137784482,0.0017355402335962685,2124.6287850000003,659.3325696484983
2010,99,2,60.51910137784482,0.68,0.28,2610.343229423607,36.518043395999996,14174.826,1718.78,0.0008677701167981342,8.677701167981343e-05,60.51910137784482,0.0017355402335962685,2124.6287850000003,659.3325696484983
2010,100,2,60.51910137784482,0.68,0.28,2610.343229423607,36.518043395999996,14174.826,1718.78,0.0008677701167981342,8.677701167981343e-05,60.51910137784482,0.0017355402335962685,2124.6287850000003,659.3325696484983
2010,101,2,60.51910137784482,0.68,0.28,2610.343229423607,36.518043395999996,14174.826,1718.78,0.0008677701167981342,8.677701167981343e-05,60.51910137784482,0.0017355402335962685,2124.6287850000003,659.3325696484983
2010,102,2,60.51910137784482,0.68,0.28,2610.343229423607,36.518043395999996,14174.826,1718.78,0.0008677701167981342,8.677701167981343e-05,60.51910137784482,0.0017355402335962685,2124.6287850000003,659.3325696484983
2010,103,0,0,0,0,0,0,0,0,0,0,0,0,0,0
2010,104,0,0,0,0,0,0,0,0,0,0,0,0,0,0
2010,105,0,0,0,0,0,0,0,0,0,0,0,0,0,0
2010,106,0,0,0,0,0,0,0,0,0,0,0,0,0,0
2010,107,0,0,0,0,0,0,0,0,0,0,0,0,0,0
2010,108,0,0,0,0,0,0,0,0,0,0,0,0,0,0
2010,109,0,0,0,0,0,0,0,0,0,0,0,0,0,0
2010,110,0,0,0,0,0,0,0,0,0,0,0,0,0,0
2010,111,0,0,0,0,0,0,0,0,0,0,0,0,0,0
2010,112,0,0,0,0,0,0,0,0,0,0,0,0,0,0
2010,113,0,0,0,0,0,0,0,0,0,0,0,0,0,0
2010,114,0,0,0,0,0,0,0,0,0,0,0,0,0,0
2010,115,0,0,0,0,0,0,0,0,0,0,0,0,0,0
2010,116,0,0,0,0,0,0,0,0,0,0,0,0,0,0
2010,117,0,0,0,0,0,0,0,0,0,0,0,0,0,0
2010,118,0,0,0,0,0,0,0,0,0,0,0,0,0,0
2010,119,0,0,0,0,0,0,0,0,0,0,0,0,0,0
2010,120,0,0,0,0,0,0,0,0,0,0,0,0,0,0
2010,121,0,0,0,0,0,0,0,0,0,0,0,0,0,0
2010,122,0,0,0,0,0,0,0,0,0,0,0,0,0,0
2010,123,0,0,0,0,0,0,0,0,0,0,0,0,0,0
2010,124,0,0,0,0,0,0,0,0,0,0,0,0,0,0
2010,125,0,0,0,0,0,0,0,0,0,0,0,0,0,0
2010,126,0,0,0,0,0,0,0,0,0,0,0,0,0,0
2010,127,0,0,0,0,0,0,0,0,0,0,0,0,0,0
2010,128,0,0,0,0,0,0,0,0,0,0,0,0,0,0
2010,129,0,0,0,0,0,0,0,0,0,0,0,0,0,0
2010,130,0,0,0,0,0,0,0,0,0,0,0,0,0,0
2010,131,0,0,0,0,0,0,0,0,0,0,0,0,0,0
2010,132,0,0,0,0,0,0,0,0,0,0,0,0,0,0
2010,133,0,0,0,0,0,0,0,0,0,0,0,0,0,0
2010,134,1,0,0,0,0,0,0,0,0,0,0,0,0,0
2010,135,1,30.66295747132509,0.34,0.14,1305.1716147118036,18.259021697999998,7087.413,859.39,0.00038999373764751885,3.8999373764751886e-05,30.66295747132509,0.0007799874752950377,1062.3143925000002,329.66628482424915
2010,136,1,30.66295747132509,0.34,0.14,1305.1716147118036,18.259021697999998,7087.413,859.39,0.00038999373764751885,3.8999373764751886e-05,30.66295747132509,0.0007799874752950377,1062.3143925000002,329.66628482424915
2010,137,1,30.66295747132509,0.34,0.14,1305.1716147118036,18.259021697999998,7087.413,859.39,0.00038999373764751885,3.8999373764751886e-05,30.66295747132509,0.0007799874752950377,1062.3143925000002,329.66628482424915
2010,138,0,0,0,0,0,0,0,0,0,0,0,0,0,0
2010,139,0,0,0,0,0,0,0,0,0,0,0,0,0,0
2010,140,0,0,0,0,0,0,0,0,0,0,0,0,0,0
2010,141,0,0,0,0,0,0,0,0,0,0,0,0,0,0
2010,142,0,0,0,0,0,0,0,0,0,0,0,0,0,0
2010,143,0,0,0,0,0,0,0,0,0,0,0,0,0,0
2010,144,0,0,0,0,0,0,0,0,0,0,0,0,0,0
2010,145,0,0,0,0,0,0,0,0,0,0,0,0,0,0
2010,146,0,0,0,0,0,0,0,0,0,0,0,0,0,0
2010,147,0,0,0,0,0,0,0,0,0,0,0,0,0,0
2010,148,0,0,0,0,0,0,0,0,0,0,0,0,0,0
2010,149,0,0,0,0,0,0,0,0,0,0,0,0,0,0
2010,150,0,0,0,0,0,0,0,0,0,0,0,0,0,0
2010,151,0,0,0,0,0,0,0,0,0,0,0,0,0,0
2010,152,0,0,0,0,0,0,0,0,0,0,0,0,0,0
2010,153,0,0,0,0,0,0,0,0,0,0,0,0,0,0
2010,154,0,0,0,0,0,0,0,0,0,0,0,0,0,0
2010,155,0,0,0,0,0,0,0,0,0,0,0,0,0,0
2010,156,0,0,0,0,0,0,0,0,0,0,0,0,0,0
2010,157,1,0,0,0,0,0,0,0,0,0,0,0,0,0
2010,158,4,121.76482431604313,1.36,0.56,3923.522235915714,54.922394811,28349.652,3437.56,0.001654144275807459,0.0001654144275807459,121.76482431604313,0.003308288551614918,3009.8907787500007,1318.6651392969966
2010,159,0,0,0,0,0,0,0,0,0,0,0,0,0,0
2010,160,0,0,0,0,0,0,0,0,0,0,0,0,0,0
2010,161,0,0,0,0,0,0,0,0,0,0,0,0,0,0
2010,162,0,0,0,0,0,0,0,0,0,0,0,0,0,0
2010,163,0,0,0,0,0,0,0,0,0,0,0,0,0,0
2010,164,2,0,0,0,0,0,0,0,0,0,0,0,0,0
2010,165,3,90.9485194472606,1.02,0.42000000000000004,3359.5873200219107,47.014054245,21262.238999999998,2578.17,0.0012814671969275692,0.00012814671969275693,90.9485194472606,0.0025629343938551384,2655.7859812500005,988.9988544727474
2010,166,0,0,0,0,0,0,0,0,0,0,0,0,0,0
2010,167,4,0,0,0,0,0,0,0,0,0,0,0,0,0
2010,168,4,121.2017815981169,1.36,0.56,3923.522235915714,54.922394811,28349.652,3437.56,0.0017242283388956452,0.00017242283388956453,121.2017815981169,0.0034484566777912905,3009.8907787500007,1318.6651392969966
2010,169,4,121.2017815981169,1.36,0.56,3923.522235915714,54.922394811,28349.652,3437.56,0.0017242283388956452,0.00017242283388956453,121.2017815981169,0.0034484566777912905,3009.8907787500007,1318.6651392969966
2010,170,4,121.2017815981169,1.36,0.56,3923.522235915714,54.922394811,28349.652,3437.56,0.0017242283388956452,0.00017242283388956453,121.2017815981169,0.0034484566777912905,3009.8907787500007,1318.6651392969966
2010,171,5,151.53861429469816,1.7000000000000002,0.7000000000000001,4394.802564457268,61.5369002355,35437.064999999995,4296.95,0.002148819678618795,0.0002148819678618795,151.53861429469816,0.00429763935723759,3275.4693768750008,1648.3314241212456
2010,172,6,181.76487016003392,2.04,0.8400000000000001,4810.490140587472,67.3751045751,42524.477999999996,5156.34,0.0025867747567843635,0.0002586774756784364,181.76487016003392,0.005173549513568727,3487.9322553750008,1977.9977089454947
2010,173,0,0,0,0,0,0,0,0,0,0,0,0,0,0
2010,174,0,0,0,0,0,0,0,0,0,0,0,0,0,0
2010,175,0,0,0,0,0,0,0,0,0,0,0,0,0,0
2010,176,0,0,0,0,0,0,0,0,0,0,0,0,0,0
2010,177,0,0,0,0,0,0,0,0,0,0,0,0,0,0
2010,178,0,0,0,0,0,0,0,0,0,0,0,0,0,0
2010,179,0,0,0,0,0,0,0,0,0,0,0,0,0,0
2010,180,0,0,0,0,0,0,0,0,0,0,0,0,0,0
2010,181,0,0,0,0,0,0,0,0,0,0,0,0,0,0
2010,182,0,0,0,0,0,0,0,0,0,0,0,0,0,0
2010,183,0,0,0,0,0,0,0,0,0,0,0,0,0,0
2010,184,0,0,0,0,0,0,0,0,0,0,0,0,0,0
2010,185,0,0,0,0,0,0,0,0,0,0,0,0,0,0
2010,186,0,0,0,0,0,0,0,0,0,0,0,0,0,0
2010,187,0,0,0,0,0,0,0,0,0,0,0,0,0,0
2010,188,0,0,0,0,0,0,0,0,0,0,0,0,0,0
2010,189,0,0,0,0,0,0,0,0,0,0,0,0,0,0
2010,190,0,0,0,0,0,0,0,0,0,0,0,0,0,0
2010,191,0,0,0,0,0,0,0,0,0,0,0,0,0,0
2010,192,0,0,0,0,0,0,0,0,0,0,0,0,0,0
2010,193,0,0,0,0,0,0,0,0,0,0,0,0,0,0
2010,194,0,0,0,0,0,0,0,0,0,0,0,0,0,0
2010,195,0,0,0,0,0,0,0,0,0,0,0,0,0,0
2010,196,0,0,0,0,0,0,0,0,0,0,0,0,0,0
2010,197,0,0,0,0,0,0,0,0,0,0,0,0,0,0
2010,198,0,0,0,0,0,0,0,0,0,0,0,0,0,0
2010,199,0,0,0,0,0,0,0,0,0,0,0,0,0,0
2010,200,0,0,0,0,0,0,0,0,0,0,0,0,0,0
2010,201,0,0,0,0,0,0,0,0,0,0,0,0,0,0
2010,202,0,0,0,0,0,0,0,0,0,0,0,0,0,0
2010,203,0,0,0,0,0,0,0,0,0,0,0,0,0,0
2010,204,0,0,0,0,0,0,0,0,0,0,0,0,0,0
2010,205,0,0,0,0,0,0,0,0,0,0,0,0,0,0
2010,206,0,0,0,0,0,0,0,0,0,0,0,0,0,0
2010,207,0,0,0,0,0,0,0,0,0,0,0,0,0,0
2010,208,0,0,0,0,0,0,0,0,0,0,0,0,0,0
2010,209,0,0,0,0,0,0,0,0,0,0,0,0,0,0
2010,210,0,0,0,0,0,0,0,0,0,0,0,0,0,0
2010,211,0,0,0,0,0,0,0,0,0,0,0,0,0,0
2010,212,0,0,0,0,0,0,0,0,0,0,0,0,0,0
2010,213,0,0,0,0,0,0,0,0,0,0,0,0,0,0
2010,214,0,0,0,0,0,0,0,0,0,0,0,0,0,0
2010,215,0,0,0,0,0,0,0,0,0,0,0,0,0,0
2010,216,0,0,0,0,0,0,0,0,0,0,0,0,0,0
2010,217,0,0,0,0,0,0,0,0,0,0,0,0,0,0
2010,218,0,0,0,0,0,0,0,0,0,0,0,0,0,0
2010,219,0,0,0,0,0,0,0,0,0,0,0,0,0,0
2010,220,0,0,0,0,0,0,0,0,0,0,0,0,0,0
2010,221,0,0,0,0,0,0,0,0,0,0,0,0,0,0
2010,222,0,0,0,0,0,0,0,0,0,0,0,0,0,0
2010,223,0,0,0,0,0,0,0,0,0,0,0,0,0,0
2010,224,0,0,0,0,0,0,0,0,0,0,0,0,0,0
2010,225,0,0,0,0,0,0,0,0,0,0,0,0,0,0
2010,226,0,0,0,0,0,0,0,0,0,0,0,0,0,0
2010,227,0,0,0,0,0,0,0,0,0,0,0,0,0,0
2010,228,0,0,0,0,0,0,0,0,0,0,0,0,0,0
2010,229,0,0,0,0,0,0,0,0,0,0,0,0,0,0
2010,230,0,0,0,0,0,0,0,0,0,0,0,0,0,0
2010,231,0,0,0,0,0,0,0,0,0,0,0,0,0,0
2010,232,0,0,0,0,0,0,0,0,0,0,0,0,0,0
2010,233,0,0,0,0,0,0,0,0,0,0,0,0,0,0
2010,234,0,0,0,0,0,0,0,0,0,0,0,0,0,0
2010,235,0,0,0,0,0,0,0,0,0,0,0,0,0,0
2010,236,0,0,0,0,0,0,0,0,0,0,0,0,0,0
2010,237,0,0,0,0,0,0,0,0,0,0,0,0,0,0
2010,238,0,0,0,0,0,0,0,0,0,0,0,0,0,0
2010,239,0,0,0,0,0,0,0,0,0,0,0,0,0,0
2010,240,0,0,0,0,0,0,0,0,0,0,0,0,0,0
2010,241,0,0,0,0,0,0,0,0,0,0,0,0,0,0
2010,242,0,0,0,0,0,0,0,0,0,0,0,0,0,0
2010,243,0,0,0,0,0,0,0,0,0,0,0,0,0,0
2010,244,0,0,0,0,0,0,0,0,0,0,0,0,0,0
2010,245,0,0,0,0,0,0,0,0,0,0,0,0,0,0
2010,246,0,0,0,0,0,0,0,0,0,0,0,0,0,0
2010,247,0,0,0,0,0,0,0,0,0,0,0,0,0,0
2010,248,0,0,0,0,0,0,0,0,0,0,0,0,0,0
2010,249,0,0,0,0,0,0,0,0,0,0,0,0,0,0
2010,250,0,0,0,0,0,0,0,0,0,0,0,0,0,0
2010,251,0,0,0,0,0,0,0,0,0,0,0,0,0,0
2010,252,0,0,0,0,0,0,0,0,0,0,0,0,0,0
2010,253,0,0,0,0,0,0,0,0,0,0,0,0,0,0
2010,254,0,0,0,0,0,0,0,0,0,0,0,0,0,0
2010,255,0,0,0,0,0,0,0,0,0,0,0,0,0,0
2010,256,0,0,0,0,0,0,0,0,0,0,0,0,0,0
2010,257,0,0,0,0,0,0,0,0,0,0,0,0,0,0
2010,258,0,0,0,0,0,0,0,0,0,0,0,0,0,0
2010,259,0,0,0,0,0,0,0,0,0,0,0,0,0,0
2010,260,0,0,0,0,0,0,0,0,0,0,0,0,0,0
2010,261,0,0,0,0,0,0,0,0,0,0,0,0,0,0
2010,262,0,0,0,0,0,0,0,0,0,0,0,0,0,0
2010,263,0,0,0,0,0,0,0,0,0,0,0,0,0,0
2010,264,0,0,0,0,0,0,0,0,0,0,0,0,0,0
2010,265,0,0,0,0,0,0,0,0,0,0,0,0,0,0
2010,266,0,0,0,0,0,0,0,0,0,0,0,0,0,0
2010,267,0,0,0,0,0,0,0,0,0,0,0,0,0,0
2010,268,0,0,0,0,0,0,0,0,0,0,0,0,0,0
2010,269,0,0,0,0,0,0,0,0,0,0,0,0,0,0
2010,270,0,0,0,0,0,0,0,0,0,0,0,0,0,0
2010,271,0,0,0,0,0,0,0,0,0,0,0,0,0,0
2010,272,0,0,0,0,0,0,0,0,0,0,0,0,0,0
2010,273,0,0,0,0,0,0,0,0,0,0,0,0,0,0
2010,274,0,0,0,0,0,0,0,0,0,0,0,0,0,0
2010,275,0,0,0,0,0,0,0,0,0,0,0,0,0,0
2010,276,0,0,0,0,0,0,0,0,0,0,0,0,0,0
2010,277,0,0,0,0,0,0,0,0,0,0,0,0,0,0
2010,278,0,0,0,0,0,0,0,0,0,0,0,0,0,0
2010,279,0,0,0,0,0,0,0,0,0,0,0,0,0,0
2010,280,0,0,0,0,0,0,0,0,0,0,0,0,0,0
2010,281,0,0,0,0,0,0,0,0,0,0,0,0,0,0
2010,282,0,0,0,0,0,0,0,0,0,0,0,0,0,0
2010,283,0,0,0,0,0,0,0,0,0,0,0,0,0,0
2010,284,0,0,0,0,0,0,0,0,0,0,0,0,0,0
2010,285,0,0,0,0,0,0,0,0,0,0,0,0,0,0
2010,286,0,0,0,0,0,0,0,0,0,0,0,0,0,0
2010,287,0,0,0,0,0,0,0,0,0,0,0,0,0,0
2010,288,0,0,0,0,0,0,0,0,0,0,0,0,0,0
2010,289,0,0,0,0,0,0,0,0,0,0,0,0,0,0
2010,290,0,0,0,0,0,0,0,0,0,0,0,0,0,0
2010,291,0,0,0,0,0,0,0,0,0,0,0,0,0,0
2010,292,0,0,0,0,0,0,0,0,0,0,0,0,0,0
2010,293,0,0,0,0,0,0,0,0,0,0,0,0,0,0
2010,294,0,0,0,0,0,0,0,0,0,0,0,0,0,0
2010,295,0,0,0,0,0,0,0,0,0,0,0,0,0,0
2010,296,0,0,0,0,0,0,0,0,0,0,0,0,0,0
2010,297,0,0,0,0,0,0,0,0,0,0,0,0,0,0
2010,298,0,0,0,0,0,0,0,0,0,0,0,0,0,0
2010,299,0,0,0,0,0,0,0,0,0,0,0,0,0,0
2010,300,0,0,0,0,0,0,0,0,0,0,0,0,0,0
2010,301,0,0,0,0,0,0,0,0,0,0,0,0,0,0
2010,302,0,0,0,0,0,0,0,0,0,0,0,0,0,0
2010,303,0,0,0,0,0,0,0,0,0,0,0,0,0,0
2010,304,0,0,0,0,0,0,0,0,0,0,0,0,0,0
2010,305,0,0,0,0,0,0,0,0,0,0,0,0,0,0
2010,306,0,0,0,0,0,0,0,0,0,0,0,0,0,0
2010,307,0,0,0,0,0,0,0,0,0,0,0,0,0,0
2010,308,0,0,0,0,0,0,0,0,0,0,0,0,0,0
2010,309,0,0,0,0,0,0,0,0,0,0,0,0,0,0
2010,310,0,0,0,0,0,0,0,0,0,0,0,0,0,0
2010,311,0,0,0,0,0,0,0,0,0,0,0,0,0,0
2010,312,0,0,0,0,0,0,0,0,0,0,0,0,0,0
2010,313,0,0,0,0,0,0,0,0,0,0,0,0,0,0
2010,314,0,0,0,0,0,0,0,0,0,0,0,0,0,0
2010,315,0,0,0,0,0,0,0,0,0,0,0,0,0,0
2010,316,0,0,0,0,0,0,0,0,0,0,0,0,0,0
2010,317,0,0,0,0,0,0,0,0,0,0,0,0,0,0
2010,318,0,0,0,0,0,0,0,0,0,0,0,0,0,0
2010,319,0,0,0,0,0,0,0,0,0,0,0,0,0,0
2010,320,0,0,0,0,0,0,0,0,0,0,0,0,0,0
2010,321,0,0,0,0,0,0,0,0,0,0,0,0,0,0
2010,322,0,0,0,0,0,0,0,0,0,0,0,0,0,0
2010,323,0,0,0,0,0,0,0,0,0,0,0,0,0,0
2010,324,0,0,0,0,0,0,0,0,0,0,0,0,0,0
2010,325,0,0,0,0,0,0,0,0,0,0,0,0,0,0
2010,326,0,0,0,0,0,0,0,0,0,0,0,0,0,0
2010,327,0,0,0,0,0,0,0,0,0,0,0,0,0,0
2010,328,0,0,0,0,0,0,0,0,0,0,0,0,0,0
2010,329,0,0,0,0,0,0,0,0,0,0,0,0,0,0
2010,330,0,0,0,0,0,0,0,0,0,0,0,0,0,0
2010,331,0,0,0,0,0,0,0,0,0,0,0,0,0,0
2010,332,0,0,0,0,0,0,0,0,0,0,0,0,0,0
2010,333,0,0,0,0,0,0,0,0,0,0,0,0,0,0
2010,334,0,0,0,0,0,0,0,0,0,0,0,0,0,0
2010,335,0,0,0,0,0,0,0,0,0,0,0,0,0,0
2010,336,0,0,0,0,0,0,0,0,0,0,0,0,0,0
2010,337,0,0,0,0,0,0,0,0,0,0,0,0,0,0
2010,338,0,0,0,0,0,0,0,0,0,0,0,0,0,0
2010,339,0,0,0,0,0,0,0,0,0,0,0,0,0,0
2010,340,0,0,0,0,0,0,0,0,0,0,0,0,0,0
2010,341,0,0,0,0,0,0,0,0,0,0,0,0,0,0
2010,342,0,0,0,0,0,0,0,0,0,0,0,0,0,0
2010,343,0,0,0,0,0,0,0,0,0,0,0,0,0,0
2010,344,0,0,0,0,0,0,0,0,0,0,0,0,0,0
2010,345,0,0,0,0,0,0,0,0,0,0,0,0,0,0
2010,346,0,0,0,0,0,0,0,0,0,0,0,0,0,0
2010,347,0,0,0,0,0,0,0,0,0,0,0,0,0,0
2010,348,0,0,0,0,0,0,0,0,0,0,0,0,0,0
2010,349,0,0,0,0,0,0,0,0,0,0,0,0,0,0
2010,350,0,0,0,0,0,0,0,0,0,0,0,0,0,0
2010,351,0,0,0,0,0,0,0,0,0,0,0,0,0,0
2010,352,0,0,0,0,0,0,0,0,0,0,0,0,0,0
2010,353,0,0,0,0,0,0,0,0,0,0,0,0,0,0
2010,354,0,0,0,0,0,0,0,0,0,0,0,0,0,0
2010,355,0,0,0,0,0,0,0,0,0,0,0,0,0,0
2010,356,0,0,0,0,0,0,0,0,0,0,0,0,0,0
2010,357,0,0,0,0,0,0,0,0,0,0,0,0,0,0
2010,358,0,0,0,0,0,0,0,0,0,0,0,0,0,0
2010,359,0,0,0,0,0,0,0,0,0,0,0,0,0,0
2010,360,0,0,0,0,0,0,0,0,0,0,0,0,0,0
2010,361,0,0,0,0,0,0,0,0,0,0,0,0,0,0
2010,362,0,0,0,0,0,0,0,0,0,0,0,0,0,0
2010,363,0,0,0,0,0,0,0,0,0,0,0,0,0,0
2010,364,0,0,0,0,0,0,0,0,0,0,0,0,0,0
2010,365,0,0,0,0,0,0,0,0,0,0,0,0,0,0
2011,1,0,0,0,0,0,0,0,0,0,0,0,0,0,0
2011,2,0,0,0,0,0,0,0,0,0,0,0,0,0,0
2011,3,0,0,0,0,0,0,0,0,0,0,0,0,0,0
2011,4,0,0,0,0,0,0,0,0,0,0,0,0,0,0
2011,5,0,0,0,0,0,0,0,0,0,0,0,0,0,0
2011,6,0,0,0,0,0,0,0,0,0,0,0,0,0,0
2011,7,0,0,0,0,0,0,0,0,0,0,0,0,0,0
2011,8,0,0,0,0,0,0,0,0,0,0,0,0,0,0
2011,9,0,0,0,0,0,0,0,0,0,0,0,0,0,0
2011,10,0,0,0,0,0,0,0,0,0,0,0,0,0,0
2011,11,0,0,0,0,0,0,0,0,0,0,0,0,0,0
2011,12,0,0,0,0,0,0,0,0,0,0,0,0,0,0
2011,13,0,0,0,0,0,0,0,0,0,0,0,0,0,0
2011,14,0,0,0,0,0,0,0,0,0,0,0,0,0,0
2011,15,0,0,0,0,0,0,0,0,0,0,0,0,0,0
2011,16,0,0,0,0,0,0,0,0,0,0,0,0,0,0
2011,17,0,0,0,0,0,0,0,0,0,0,0,0,0,0
2011,18,0,0,0,0,0,0,0,0,0,0,0,0,0,0
2011,19,0,0,0,0,0,0,0,0,0,0,0,0,0,0
2011,20,0,0,0,0,0,0,0,0,0,0,0,0,0,0
2011,21,0,0,0,0,0,0,0,0,0,0,0,0,0,0
2011,22,0,0,0,0,0,0,0,0,0,0,0,0,0,0
2011,23,0,0,0,0,0,0,0,0,0,0,0,0,0,0
2011,24,0,0,0,0,0,0,0,0,0,0,0,0,0,0
2011,25,0,0,0,0,0,0,0,0,0,0,0,0,0,0
2011,26,0,0,0,0,0,0,0,0,0,0,0,0,0,0
2011,27,0,0,0,0,0,0,0,0,0,0,0,0,0,0
2011,28,0,0,0,0,0,0,0,0,0,0,0,0,0,0
2011,29,0,0,0,0,0,0,0,0,0,0,0,0,0,0
2011,30,0,0,0,0,0,0,0,0,0,0,0,0,0,0
2011,31,0,0,0,0,0,0,0,0,0,0,0,0,0,0
2011,32,0,0,0,0,0,0,0,0,0,0,0,0,0,0
2011,33,0,0,0,0,0,0,0,0,0,0,0,0,0,0
2011,34,0,0,0,0,0,0,0,0,0,0,0,0,0,0
2011,35,0,0,0,0,0,0,0,0,0,0,0,0,0,0
2011,36,0,0,0,0,0,0,0,0,0,0,0,0,0,0
2011,37,0,0,0,0,0,0,0,0,0,0,0,0,0,0
2011,38,0,0,0,0,0,0,0,0,0,0,0,0,0,0
2011,39,0,0,0,0,0,0,0,0,0,0,0,0,0,0
2011,40,0,0,0,0,0,0,0,0,0,0,0,0,0,0
2011,41,0,0,0,0,0,0,0,0,0,0,0,0,0,0
2011,42,0,0,0,0,0,0,0,0,0,0,0,0,0,0
2011,43,0,0,0,0,0,0,0,0,0,0,0,0,0,0
2011,44,0,0,0,0,0,0,0,0,0,0,0,0,0,0
2011,45,0,0,0,0,0,0,0,0,0,0,0,0,0,0
2011,46,0,0,0,0,0,0,0,0,0,0,0,0,0,0
2011,47,0,0,0,0,0,0,0,0,0,0,0,0,0,0
2011,48,0,0,0,0,0,0,0,0,0,0,0,0,0,0
2011,49,0,0,0,0,0,0,0,0,0,0,0,0,0,0
2011,50,0,0,0,0,0,0,0,0,0,0,0,0,0,0
2011,51,0,0,0,0,0,0,0,0,0,0,0,0,0,0
2011,52,0,0,0,0,0,0,0,0,0,0,0,0,0,0
2011,53,0,0,0,0,0,0,0,0,0,0,0,0,0,0
2011,54,0,0,0,0,0,0,0,0,0,0,0,0,0,0
2011,55,0,0,0,0,0,0,0,0,0,0,0,0,0,0
2011,56,0,0,0,0,0,0,0,0,0,0,0,0,0,0
2011,57,0,0,0,0,0,0,0,0,0,0,0,0,0,0
2011,58,0,0,0,0,0,0,0,0,0,0,0,0,0,0
2011,59,0,0,0,0,0,0,0,0,0,0,0,0,0,0
2011,60,0,0,0,0,0,0,0,0,0,0,0,0,0,0
2011,61,0,0,0,0,0,0,0,0,0,0,0,0,0,0
2011,62,0,0,0,0,0,0,0,0,0,0,0,0,0,0
2011,63,0,0,0,0,0,0,0,0,0,0,0,0,0,0
2011,64,0,0,0,0,0,0,0,0,0,0,0,0,0,0
2011,65,0,0,0,0,0,0,0,0,0,0,0,0,0,0
2011,66,0,0,0,0,0,0,0,0,0,0,0,0,0,0
2011,67,0,0,0,0,0,0,0,0,0,0,0,0,0,0
2011,68,0,0,0,0,0,0,0,0,0,0,0,0,0,0
2011,69,0,0,0,0,0,0,0,0,0,0,0,0,0,0
2011,70,0,0,0,0,0,0,0,0,0,0,0,0,0,0
2011,71,0,0,0,0,0,0,0,0,0,0,0,0,0,0
2011,72,0,0,0,0,0,0,0,0,0,0,0,0,0,0
2011,73,0,0,0,0,0,0,0,0,0,0,0,0,0,0
2011,74,0,0,0,0,0,0,0,0,0,0,0,0,0,0
2011,75,0,0,0,0,0,0,0,0,0,0,0,0,0,0
2011,76,0,0,0,0,0,0,0,0,0,0,0,0,0,0
2011,77,0,0,0,0,0,0,0,0,0,0,0,0,0,0
2011,78,0,0,0,0,0,0,0,0,0,0,0,0,0,0
2011,79,0,0,0,0,0,0,0,0,0,0,0,0,0,0
2011,80,0,0,0,0,0,0,0,0,0,0,0,0,0,0
2011,81,0,0,0,0,0,0,0,0,0,0,0,0,0,0
2011,82,0,0,0,0,0,0,0,0,0,0,0,0,0,0
2011,83,0,0,0,0,0,0,0,0,0,0,0,0,0,0
2011,84,0,0,0,0,0,0,0,0,0,0,0,0,0,0
2011,85,0,0,0,0,0,0,0,0,0,0,0,0,0,0
2011,86,0,0,0,0,0,0,0,0,0,0,0,0,0,0
2011,87,0,0,0,0,0,0,0,0,0,0,0,0,0,0
2011,88,0,0,0,0,0,0,0,0,0,0,0,0,0,0
2011,89,0,0,0,0,0,0,0,0,0,0,0,0,0,0
2011,90,0,0,0,0,0,0,0,0,0,0,0,0,0,0
2011,91,0,0,0,0,0,0,0,0,0,0,0,0,0,0
2011,92,0,0,0,0,0,0,0,0,0,0,0,0,0,0
2011,93,0,0,0,0,0,0,0,0,0,0,0,0,0,0
2011,94,0,0,0,0,0,0,0,0,0,0,0,0,0,0
2011,95,0,0,0,0,0,0,0,0,0,0,0,0,0,0
2011,96,0,0,0,0,0,0,0,0,0,0,0,0,0,0
2011,97,0,0,0,0,0,0,0,0,0,0,0,0,0,0
2011,98,0,0,0,0,0,0,0,0,0,0,0,0,0,0
2011,99,0,0,0,0,0,0,0,0,0,0,0,0,0,0
2011,100,0,0,0,0,0,0,0,0,0,0,0,0,0,0
2011,101,0,0,0,0,0,0,0,0,0,0,0,0,0,0
2011,102,0,0,0,0,0,0,0,0,0,0,0,0,0,0
2011,103,0,0,0,0,0,0,0,0,0,0,0,0,0,0
2011,104,0,0,0,0,0,0,0,0,0,0,0,0,0,0
2011,105,0,0,0,0,0,0,0,0,0,0,0,0,0,0
2011,106,0,0,0,0,0,0,0,0,0,0,0,0,0,0
2011,107,0,0,0,0,0,0,0,0,0,0,0,0,0,0
2011,108,0,0,0,0,0,0,0,0,0,0,0,0,0,0
2011,109,0,0,0,0,0,0,0,0,0,0,0,0,0,0
2011,110,0,0,0,0,0,0,0,0,0,0,0,0,0,0
2011,111,0,0,0,0,0,0,0,0,0,0,0,0,0,0
2011,112,0,0,0,0,0,0,0,0,0,0,0,0,0,0
2011,113,0,0,0,0,0,0,0,0,0,0,0,0,0,0
2011,114,0,0,0,0,0,0,0,0,0,0,0,0,0,0
2011,115,0,0,0,0,0,0,0,0,0,0,0,0,0,0
2011,116,0,0,0,0,0,0,0,0,0,0,0,0,0,0
2011,117,0,0,0,0,0,0,0,0,0,0,0,0,0,0
2011,118,0,0,0,0,0,0,0,0,0,0,0,0,0,0
2011,119,0,0,0,0,0,0,0,0,0,0,0,0,0,0
2011,120,0,0,0,0,0,0,0,0,0,0,0,0,0,0
2011,121,0,0,0,0,0,0,0,0,0,0,0,0,0,0
2011,122,0,0,0,0,0,0,0,0,0,0,0,0,0,0
2011,123,0,0,0,0,0,0,0,0,0,0,0,0,0,0
2011,124,0,0,0,0,0,0,0,0,0,0,0,0,0,0
2011,125,0,0,0,0,0,0,0,0,0,0,0,0,0,0
2011,126,0,0,0,0,0,0,0,0,0,0,0,0,0,0
2011,127,0,0,0,0,0,0,0,0,0,0,0,0,0,0
2011,128,0,0,0,0,0,0,0,0,0,0,0,0,0,0
2011,129,0,0,0,0,0,0,0,0,0,0,0,0,0,0
2011,130,0,0,0,0,0,0,0,0,0,0,0,0,0,0
2011,131,0,0,0,0,0,0,0,0,0,0,0,0,0,0
2011,132,0,0,0,0,0,0,0,0,0,0,0,0,0,0
2011,133,0,0,0,0,0,0,0,0,0,0,0,0,0,0
2011,134,0,0,0,0,0,0,0,0,0,0,0,0,0,0
2011,135,0,0,0,0,0,0,0,0,0,0,0,0,0,0
2011,136,0,0,0,0,0,0,0,0,0,0,0,0,0,0
2011,137,0,0,0,0,0,0,0,0,0,0,0,0,0,0
2011,138,0,0,0,0,0,0,0,0,0,0,0,0,0,0
2011,139,0,0,0,0,0,0,0,0,0,0,0,0,0,0
2011,140,0,0,0,0,0,0,0,0,0,0,0,0,0,0
2011,141,0,0,0,0,0,0,0,0,0,0,0,0,0,0
2011,142,0,0,0,0,0,0,0,0,0,0,0,0,0,0
2011,143,0,0,0,0,0,0,0,0,0,0,0,0,0,0
2011,144,0,0,0,0,0,0,0,0,0,0,0,0,0,0
2011,145,0,0,0,0,0,0,0,0,0,0,0,0,0,0
2011,146,0,0,0,0,0,0,0,0,0,0,0,0,0,0
2011,147,0,0,0,0,0,0,0,0,0,0,0,0,0,0
2011,148,0,0,0,0,0,0,0,0,0,0,0,0,0,0
2011,149,0,0,0,0,0,0,0,0,0,0,0,0,0,0
2011,150,0,0,0,0,0,0,0,0,0,0,0,0,0,0
2011,151,0,0,0,0,0,0,0,0,0,0,0,0,0,0
2011,152,0,0,0,0,0,0,0,0,0,0,0,0,0,0
2011,153,0,0,0,0,0,0,0,0,0,0,0,0,0,0
2011,154,0,0,0,0,0,0,0,0,0,0,0,0,0,0
2011,155,0,0,0,0,0,0,0,0,0,0,0,0,0,0
2011,156,0,0,0,0,0,0,0,0,0,0,0,0,0,0
2011,157,0,0,0,0,0,0,0,0,0,0,0,0,0,0
2011,158,0,0,0,0,0,0,0,0,0,0,0,0,0,0
2011,159,0,0,0,0,0,0,0,0,0,0,0,0,0,0
2011,160,0,0,0,0,0,0,0,0,0,0,0,0,0,0
2011,161,0,0,0,0,0,0,0,0,0,0,0,0,0,0
2011,162,0,0,0,0,0,0,0,0,0,0,0,0,0,0
2011,163,0,0,0,0,0,0,0,0,0,0,0,0,0,0
2011,164,0,0,0,0,0,0,0,0,0,0,0,0,0,0
2011,165,0,0,0,0,0,0,0,0,0,0,0,0,0,0
2011,166,0,0,0,0,0,0,0,0,0,0,0,0,0,0
2011,167,0,0,0,0,0,0,0,0,0,0,0,0,0,0
2011,168,0,0,0,0,0,0,0,0,0,0,0,0,0,0
2011,169,0,0,0,0,0,0,0,0,0,0,0,0,0,0
2011,170,0,0,0,0,0,0,0,0,0,0,0,0,0,0
2011,171,0,0,0,0,0,0,0,0,0,0,0,0,0,0
2011,172,0,0,0,0,0,0,0,0,0,0,0,0,0,0
2011,173,0,0,0,0,0,0,0,0,0,0,0,0,0,0
2011,174,0,0,0,0,0,0,0,0,0,0,0,0,0,0
2011,175,0,0,0,0,0,0,0,0,0,0,0,0,0,0
2011,176,0,0,0,0,0,0,0,0,0,0,0,0,0,0
2011,177,0,0,0,0,0,0,0,0,0,0,0,0,0,0
2011,178,0,0,0,0,0,0,0,0,0,0,0,0,0,0
2011,179,0,0,0,0,0,0,0,0,0,0,0,0,0,0
2011,180,0,0,0,0,0,0,0,0,0,0,0,0,0,0
2011,181,0,0,0,0,0,0,0,0,0,0,0,0,0,0
2011,182,0,0,0,0,0,0,0,0,0,0,0,0,0,0
2011,183,0,0,0,0,0,0,0,0,0,0,0,0,0,0
2011,184,0,0,0,0,0,0,0,0,0,0,0,0,0,0
2011,185,0,0,0,0,0,0,0,0,0,0,0,0,0,0
2011,186,0,0,0,0,0,0,0,0,0,0,0,0,0,0
2011,187,0,0,0,0,0,0,0,0,0,0,0,0,0,0
2011,188,0,0,0,0,0,0,0,0,0,0,0,0,0,0
2011,189,0,0,0,0,0,0,0,0,0,0,0,0,0,0
2011,190,0,0,0,0,0,0,0,0,0,0,0,0,0,0
2011,191,0,0,0,0,0,0,0,0,0,0,0,0,0,0
2011,192,0,0,0,0,0,0,0,0,0,0,0,0,0,0
2011,193,0,0,0,0,0,0,0,0,0,0,0,0,0,0
2011,194,0,0,0,0,0,0,0,0,0,0,0,0,0,0
2011,195,0,0,0,0,0,0,0,0,0,0,0,0,0,0
2011,196,0,0,0,0,0,0,0,0,0,0,0,0,0,0
2011,197,0,0,0,0,0,0,0,0,0,0,0,0,0,0
2011,198,0,0,0,0,0,0,0,0,0,0,0,0,0,0
2011,199,0,0,0,0,0,0,0,0,0,0,0,0,0,0
2011,200,0,0,0,0,0,0,0,0,0,0,0,0,0,0
2011,201,0,0,0,0,0,0,0,0,0,0,0,0,0,0
2011,202,0,0,0,0,0,0,0,0,0,0,0,0,0,0
2011,203,0,0,0,0,0,0,0,0,0,0,0,0,0,0
2011,204,0,0,0,0,0,0,0,0,0,0,0,0,0,0
2011,205,0,0,0,0,0,0,0,0,0,0,0,0,0,0
2011,206,0,0,0,0,0,0,0,0,0,0,0,0,0,0
2011,207,0,0,0,0,0,0,0,0,0,0,0,0,0,0
2011,208,0,0,0,0,0,0,0,0,0,0,0,0,0,0
2011,209,0,0,0,0,0,0,0,0,0,0,0,0,0,0
2011,210,0,0,0,0,0,0,0,0,0,0,0,0,0,0
2011,211,0,0,0,0,0,0,0,0,0,0,0,0,0,0
2011,212,0,0,0,0,0,0,0,0,0,0,0,0,0,0
2011,213,0,0,0,0,0,0,0,0,0,0,0,0,0,0
2011,214,0,0,0,0,0,0,0,0,0,0,0,0,0,0
2011,215,0,0,0,0,0,0,0,0,0,0,0,0,0,0
2011,216,0,0,0,0,0,0,0,0,0,0,0,0,0,0
2011,217,0,0,0,0,0,0,0,0,0,0,0,0,0,0
2011,218,0,0,0,0,0,0,0,0,0,0,0,0,0,0
2011,219,0,0,0,0,0,0,0,0,0,0,0,0,0,0
2011,220,0,0,0,0,0,0,0,0,0,0,0,0,0,0
2011,221,0,0,0,0,0,0,0,0,0,0,0,0,0,0
2011,222,0,0,0,0,0,0,0,0,0,0,0,0,0,0
2011,223,0,0,0,0,0,0,0,0,0,0,0,0,0,0
2011,224,0,0,0,0,0,0,0,0,0,0,0,0,0,0
2011,225,0,0,0,0,0,0,0,0,0,0,0,0,0,0
2011,226,0,0,0,0,0,0,0,0,0,0,0,0,0,0
2011,227,0,0,0,0,0,0,0,0,0,0,0,0,0,0
2011,228,0,0,0,0,0,0,0,0,0,0,0,0,0,0
2011,229,0,0,0,0,0,0,0,0,0,0,0,0,0,0
2011,230,0,0,0,0,0,0,0,0,0,0,0,0,0,0
2011,231,0,0,0,0,0,0,0,0,0,0,0,0,0,0
2011,232,0,0,0,0,0,0,0,0,0,0,0,0,0,0
2011,233,0,0,0,0,0,0,0,0,0,0,0,0,0,0
2011,234,0,0,0,0,0,0,0,0,0,0,0,0,0,0
2011,235,0,0,0,0,0,0,0,0,0,0,0,0,0,0
2011,236,0,0,0,0,0,0,0,0,0,0,0,0,0,0
2011,237,0,0,0,0,0,0,0,0,0,0,0,0,0,0
2011,238,0,0,0,0,0,0,0,0,0,0,0,0,0,0
2011,239,0,0,0,0,0,0,0,0,0,0,0,0,0,0
2011,240,0,0,0,0,0,0,0,0,0,0,0,0,0,0
2011,241,0,0,0,0,0,0,0,0,0,0,0,0,0,0
2011,242,0,0,0,0,0,0,0,0,0,0,0,0,0,0
2011,243,0,0,0,0,0,0,0,0,0,0,0,0,0,0
2011,244,0,0,0,0,0,0,0,0,0,0,0,0,0,0
2011,245,0,0,0,0,0,0,0,0,0,0,0,0,0,0
2011,246,0,0,0,0,0,0,0,0,0,0,0,0,0,0
2011,247,0,0,0,0,0,0,0,0,0,0,0,0,0,0
2011,248,0,0,0,0,0,0,0,0,0,0,0,0,0,0
2011,249,0,0,0,0,0,0,0,0,0,0,0,0,0,0
2011,250,0,0,0,0,0,0,0,0,0,0,0,0,0,0
2011,251,0,0,0,0,0,0,0,0,0,0,0,0,0,0
2011,252,0,0,0,0,0,0,0,0,0,0,0,0,0,0
2011,253,0,0,0,0,0,0,0,0,0,0,0,0,0,0
2011,254,0,0,0,0,0,0,0,0,0,0,0,0,0,0
2011,255,0,0,0,0,0,0,0,0,0,0,0,0,0,0
2011,256,0,0,0,0,0,0,0,0,0,0,0,0,0,0
2011,257,0,0,0,0,0,0,0,0,0,0,0,0,0,0
2011,258,0,0,0,0,0,0,0,0,0,0,0,0,0,0
2011,259,0,0,0,0,0,0,0,0,0,0,0,0,0,0
2011,260,0,0,0,0,0,0,0,0,0,0,0,0,0,0
2011,261,0,0,0,0,0,0,0,0,0,0,0,0,0,0
2011,262,0,0,0,0,0,0,0,0,0,0,0,0,0,0
2011,263,0,0,0,0,0,0,0,0,0,0,0,0,0,0
2011,264,0,0,0,0,0,0,0,0,0,0,0,0,0,0
2011,265,0,0,0,0,0,0,0,0,0,0,0,0,0,0
2011,266,0,0,0,0,0,0,0,0,0,0,0,0,0,0
2011,267,0,0,0,0,0,0,0,0,0,0,0,0,0,0
2011,268,0,0,0,0,0,0,0,0,0,0,0,0,0,0
2011,269,0,0,0,0,0,0,0,0,0,0,0,0,0,0
2011,270,0,0,0,0,0,0,0,0,0,0,0,0,0,0
2011,271,0,0,0,0,0,0,0,0,0,0,0,0,0,0
2011,272,0,0,0,0,0,0,0,0,0,0,0,0,0,0
2011,273,0,0,0,0,0,0,0,0,0,0,0,0,0,0
2011,274,0,0,0,0,0,0,0,0,0,0,0,0,0,0
2011,275,0,0,0,0,0,0,0,0,0,0,0,0,0,0
2011,276,0,0,0,0,0,0,0,0,0,0,0,0,0,0
2011,277,0,0,0,0,0,0,0,0,0,0,0,0,0,0
2011,278,0,0,0,0,0,0,0,0,0,0,0,0,0,0
2011,279,0,0,0,0,0,0,0,0,0,0,0,0,0,0
2011,280,0,0,0,0,0,0,0,0,0,0,0,0,0,0
2011,281,0,0,0,0,0,0,0,0,0,0,0,0,0,0
2011,282,0,0,0,0,0,0,0,0,0,0,0,0,0,0
2011,283,0,0,0,0,0,0,0,0,0,0,0,0,0,0
2011,284,0,0,0,0,0,0,0,0,0,0,0,0,0,0
2011,285,0,0,0,0,0,0,0,0,0,0,0,0,0,0
2011,286,0,0,0,0,0,0,0,0,0,0,0,0,0,0
2011,287,0,0,0,0,0,0,0,0,0,0,0,0,0,0
2011,288,0,0,0,0,0,0,0,0,0,0,0,0,0,0
2011,289,0,0,0,0,0,0,0,0,0,0,0,0,0,0
2011,290,0,0,0,0,0,0,0,0,0,0,0,0,0,0
2011,291,0,0,0,0,0,0,0,0,0,0,0,0,0,0
2011,292,0,0,0,0,0,0,0,0,0,0,0,0,0,0
2011,293,0,0,0,0,0,0,0,0,0,0,0,0,0,0
2011,294,0,0,0,0,0,0,0,0,0,0,0,0,0,0
2011,295,0,0,0,0,0,0,0,0,0,0,0,0,0,0
2011,296,0,0,0,0,0,0,0,0,0,0,0,0,0,0
2011,297,0,0,0,0,0,0,0,0,0,0,0,0,0,0
2011,298,0,0,0,0,0,0,0,0,0,0,0,0,0,0
2011,299,0,0,0,0,0,0,0,0,0,0,0,0,0,0
2011,300,0,0,0,0,0,0,0,0,0,0,0,0,0,0
2011,301,0,0,0,0,0,0,0,0,0,0,0,0,0,0
2011,302,0,0,0,0,0,0,0,0,0,0,0,0,0,0
2011,303,0,0,0,0,0,0,0,0,0,0,0,0,0,0
2011,304,0,0,0,0,0,0,0,0,0,0,0,0,0,0
2011,305,0,0,0,0,0,0,0,0,0,0,0,0,0,0
2011,306,0,0,0,0,0,0,0,0,0,0,0,0,0,0
2011,307,0,0,0,0,0,0,0,0,0,0,0,0,0,0
2011,308,0,0,0,0,0,0,0,0,0,0,0,0,0,0
2011,309,0,0,0,0,0,0,0,0,0,0,0,0,0,0
2011,310,0,0,0,0,0,0,0,0,0,0,0,0,0,0
2011,311,0,0,0,0,0,0,0,0,0,0,0,0,0,0
2011,312,0,0,0,0,0,0,0,0,0,0,0,0,0,0
2011,313,0,0,0,0,0,0,0,0,0,0,0,0,0,0
2011,314,0,0,0,0,0,0,0,0,0,0,0,0,0,0
2011,315,0,0,0,0,0,0,0,0,0,0,0,0,0,0
2011,316,0,0,0,0,0,0,0,0,0,0,0,0,0,0
2011,317,0,0,0,0,0,0,0,0,0,0,0,0,0,0
2011,318,0,0,0,0,0,0,0,0,0,0,0,0,0,0
2011,319,0,0,0,0,0,0,0,0,0,0,0,0,0,0
2011,320,0,0,0,0,0,0,0,0,0,0,0,0,0,0
2011,321,0,0,0,0,0,0,0,0,0,0,0,0,0,0
2011,322,0,0,0,0,0,0,0,0,0,0,0,0,0,0
2011,323,0,0,0,0,0,0,0,0,0,0,0,0,0,0
2011,324,0,0,0,0,0,0,0,0,0,0,0,0,0,0
2011,325,0,0,0,0,0,0,0,0,0,0,0,0,0,0
2011,326,0,0,0,0,0,0,0,0,0,0,0,0,0,0
2011,327,0,0,0,0,0,0,0,0,0,0,0,0,0,0
2011,328,0,0,0,0,0,0,0,0,0,0,0,0,0,0
2011,329,0,0,0,0,0,0,0,0,0,0,0,0,0,0
2011,330,0,0,0,0,0,0,0,0,0,0,0,0,0,0
2011,331,0,0,0,0,0,0,0,0,0,0,0,0,0,0
2011,332,0,0,0,0,0,0,0,0,0,0,0,0,0,0
2011,333,0,0,0,0,0,0,0,0,0,0,0,0,0,0
2011,334,0,0,0,0,0,0,0,0,0,0,0,0,0,0
2011,335,0,0,0,0,0,0,0,0,0,0,0,0,0,0
2011,336,0,0,0,0,0,0,0,0,0,0,0,0,0,0
2011,337,0,0,0,0,0,0,0,0,0,0,0,0,0,0
2011,338,0,0,0,0,0,0,0,0,0,0,0,0,0,0
2011,339,0,0,0,0,0,0,0,0,0,0,0,0,0,0
2011,340,0,0,0,0,0,0,0,0,0,0,0,0,0,0
2011,341,0,0,0,0,0,0,0,0,0,0,0,0,0,0
2011,342,0,0,0,0,0,0,0,0,0,0,0,0,0,0
2011,343,0,0,0,0,0,0,0,0,0,0,0,0,0,0
2011,344,0,0,0,0,0,0,0,0,0,0,0,0,0,0
2011,345,0,0,0,0,0,0,0,0,0,0,0,0,0,0
2011,346,0,0,0,0,0,0,0,0,0,0,0,0,0,0
2011,347,0,0,0,0,0,0,0,0,0,0,0,0,0,0
2011,348,0,0,0,0,0,0,0,0,0,0,0,0,0,0
2011,349,0,0,0,0,0,0,0,0,0,0,0,0,0,0
2011,350,0,0,0,0,0,0,0,0,0,0,0,0,0,0
2011,351,0,0,0,0,0,0,0,0,0,0,0,0,0,0
2011,352,0,0,0,0,0,0,0,0,0,0,0,0,0,0
2011,353,0,0,0,0,0,0,0,0,0,0,0,0,0,0
2011,354,0,0,0,0,0,0,0,0,0,0,0,0,0,0
2011,355,0,0,0,0,0,0,0,0,0,0,0,0,0,0
2011,356,0,0,0,0,0,0,0,0,0,0,0,0,0,0
2011,357,0,0,0,0,0,0,0,0,0,0,0,0,0,0
2011,358,0,0,0,0,0,0,0,0,0,0,0,0,0,0
2011,359,0,0,0,0,0,0,0,0,0,0,0,0,0,0
2011,360,0,0,0,0,0,0,0,0,0,0,0,0,0,0
2011,361,0,0,0,0,0,0,0,0,0,0,0,0,0,0
2011,362,0,0,0,0,0,0,0,0,0,0,0,0,0,0
2011,363,0,0,0,0,0,0,0,0,0,0,0,0,0,0
2011,364,0,0,0,0,0,0,0,0,0,0,0,0,0,0
2011,365,0,0,0,0,0,0,0,0,0,0,0,0,0,0
2012,1,0,0,0,0,0,0,0,0,0,0,0,0,0,0
2012,2,0,0,0,0,0,0,0,0,0,0,0,0,0,0
2012,3,0,0,0,0,0,0,0,0,0,0,0,0,0,0
2012,4,0,0,0,0,0,0,0,0,0,0,0,0,0,0
2012,5,0,0,0,0,0,0,0,0,0,0,0,0,0,0
2012,6,0,0,0,0,0,0,0,0,0,0,0,0,0,0
2012,7,0,0,0,0,0,0,0,0,0,0,0,0,0,0
2012,8,0,0,0,0,0,0,0,0,0,0,0,0,0,0
2012,9,0,0,0,0,0,0,0,0,0,0,0,0,0,0
2012,10,0,0,0,0,0,0,0,0,0,0,0,0,0,0
2012,11,0,0,0,0,0,0,0,0,0,0,0,0,0,0
2012,12,0,0,0,0,0,0,0,0,0,0,0,0,0,0
2012,13,0,0,0,0,0,0,0,0,0,0,0,0,0,0
2012,14,0,0,0,0,0,0,0,0,0,0,0,0,0,0
2012,15,0,0,0,0,0,0,0,0,0,0,0,0,0,0
2012,16,0,0,0,0,0,0,0,0,0,0,0,0,0,0
2012,17,0,0,0,0,0,0,0,0,0,0,0,0,0,0
2012,18,0,0,0,0,0,0,0,0,0,0,0,0,0,0
2012,19,0,0,0,0,0,0,0,0,0,0,0,0,0,0
2012,20,0,0,0,0,0,0,0,0,0,0,0,0,0,0
2012,21,0,0,0,0,0,0,0,0,0,0,0,0,0,0
2012,22,0,0,0,0,0,0,0,0,0,0,0,0,0,0
2012,23,0,0,0,0,0,0,0,0,0,0,0,0,0,0
2012,24,0,0,0,0,0,0,0,0,0,0,0,0,0,0
2012,25,0,0,0,0,0,0,0,0,0,0,0,0,0,0
2012,26,0,0,0,0,0,0,0,0,0,0,0,0,0,0
2012,27,0,0,0,0,0,0,0,0,0,0,0,0,0,0
2012,28,0,0,0,0,0,0,0,0,0,0,0,0,0,0
2012,29,0,0,0,0,0,0,0,0,0,0,0,0,0,0
2012,30,0,0,0,0,0,0,0,0,0,0,0,0,0,0
2012,31,0,0,0,0,0,0,0,0,0,0,0,0,0,0
2012,32,0,0,0,0,0,0,0,0,0,0,0,0,0,0
2012,33,0,0,0,0,0,0,0,0,0,0,0,0,0,0
2012,34,0,0,0,0,0,0,0,0,0,0,0,0,0,0
2012,35,0,0,0,0,0,0,0,0,0,0,0,0,0,0
2012,36,0,0,0,0,0,0,0,0,0,0,0,0,0,0
2012,37,0,0,0,0,0,0,0,0,0,0,0,0,0,0
2012,38,0,0,0,0,0,0,0,0,0,0,0,0,0,0
2012,39,0,0,0,0,0,0,0,0,0,0,0,0,0,0
2012,40,0,0,0,0,0,0,0,0,0,0,0,0,0,0
2012,41,0,0,0,0,0,0,0,0,0,0,0,0,0,0
2012,42,0,0,0,0,0,0,0,0,0,0,0,0,0,0
2012,43,0,0,0,0,0,0,0,0,0,0,0,0,0,0
2012,44,0,0,0,0,0,0,0,0,0,0,0,0,0,0
2012,45,0,0,0,0,0,0,0,0,0,0,0,0,0,0
2012,46,0,0,0,0,0,0,0,0,0,0,0,0,0,0
2012,47,0,0,0,0,0,0,0,0,0,0,0,0,0,0
2012,48,0,0,0,0,0,0,0,0,0,0,0,0,0,0
2012,49,0,0,0,0,0,0,0,0,0,0,0,0,0,0
2012,50,0,0,0,0,0,0,0,0,0,0,0,0,0,0
2012,51,0,0,0,0,0,0,0,0,0,0,0,0,0,0
2012,52,0,0,0,0,0,0,0,0,0,0,0,0,0,0
2012,53,0,0,0,0,0,0,0,0,0,0,0,0,0,0
2012,54,0,0,0,0,0,0,0,0,0,0,0,0,0,0
2012,55,0,0,0,0,0,0,0,0,0,0,0,0,0,0
2012,56,0,0,0,0,0,0,0,0,0,0,0,0,0,0
2012,57,0,0,0,0,0,0,0,0,0,0,0,0,0,0
2012,58,0,0,0,0,0,0,0,0,0,0,0,0,0,0
2012,59,0,0,0,0,0,0,0,0,0,0,0,0,0,0
2012,60,0,0,0,0,0,0,0,0,0,0,0,0,0,0
2012,61,0,0,0,0,0,0,0,0,0,0,0,0,0,0
2012,62,0,0,0,0,0,0,0,0,0,0,0,0,0,0
2012,63,0,0,0,0,0,0,0,0,0,0,0,0,0,0
2012,64,0,0,0,0,0,0,0,0,0,0,0,0,0,0
2012,65,0,0,0,0,0,0,0,0,0,0,0,0,0,0
2012,66,0,0,0,0,0,0,0,0,0,0,0,0,0,0
2012,67,0,0,0,0,0,0,0,0,0,0,0,0,0,0
2012,68,0,0,0,0,0,0,0,0,0,0,0,0,0,0
2012,69,0,0,0,0,0,0,0,0,0,0,0,0,0,0
2012,70,0,0,0,0,0,0,0,0,0,0,0,0,0,0
2012,71,0,0,0,0,0,0,0,0,0,0,0,0,0,0
2012,72,0,0,0,0,0,0,0,0,0,0,0,0,0,0
2012,73,0,0,0,0,0,0,0,0,0,0,0,0,0,0
2012,74,0,0,0,0,0,0,0,0,0,0,0,0,0,0
2012,75,0,0,0,0,0,0,0,0,0,0,0,0,0,0
2012,76,0,0,0,0,0,0,0,0,0,0,0,0,0,0
2012,77,0,0,0,0,0,0,0,0,0,0,0,0,0,0
2012,78,0,0,0,0,0,0,0,0,0,0,0,0,0,0
2012,79,0,0,0,0,0,0,0,0,0,0,0,0,0,0
2012,80,0,0,0,0,0,0,0,0,0,0,0,0,0,0
2012,81,0,0,0,0,0,0,0,0,0,0,0,0,0,0
2012,82,0,0,0,0,0,0,0,0,0,0,0,0,0,0
2012,83,0,0,0,0,0,0,0,0,0,0,0,0,0,0
2012,84,0,0,0,0,0,0,0,0,0,0,0,0,0,0
2012,85,0,0,0,0,0,0,0,0,0,0,0,0,0,0
2012,86,0,0,0,0,0,0,0,0,0,0,0,0,0,0
2012,87,0,0,0,0,0,0,0,0,0,0,0,0,0,0
2012,88,0,0,0,0,0,0,0,0,0,0,0,0,0,0
2012,89,0,0,0,0,0,0,0,0,0,0,0,0,0,0
2012,90,0,0,0,0,0,0,0,0,0,0,0,0,0,0
2012,91,0,0,0,0,0,0,0,0,0,0,0,0,0,0
2012,92,0,0,0,0,0,0,0,0,0,0,0,0,0,0
2012,93,0,0,0,0,0,0,0,0,0,0,0,0,0,0
2012,94,0,0,0,0,0,0,0,0,0,0,0,0,0,0
2012,95,0,0,0,0,0,0,0,0,0,0,0,0,0,0
2012,96,0,0,0,0,0,0,0,0,0,0,0,0,0,0
2012,97,0,0,0,0,0,0,0,0,0,0,0,0,0,0
2012,98,0,0,0,0,0,0,0,0,0,0,0,0,0,0
2012,99,0,0,0,0,0,0,0,0,0,0,0,0,0,0
2012,100,0,0,0,0,0,0,0,0,0,0,0,0,0,0
2012,101,0,0,0,0,0,0,0,0,0,0,0,0,0,0
2012,102,0,0,0,0,0,0,0,0,0,0,0,0,0,0
2012,103,0,0,0,0,0,0,0,0,0,0,0,0,0,0
2012,104,0,0,0,0,0,0,0,0,0,0,0,0,0,0
2012,105,0,0,0,0,0,0,0,0,0,0,0,0,0,0
2012,106,0,0,0,0,0,0,0,0,0,0,0,0,0,0
2012,107,0,0,0,0,0,0,0,0,0,0,0,0,0,0
2012,108,0,0,0,0,0,0,0,0,0,0,0,0,0,0
2012,109,0,0,0,0,0,0,0,0,0,0,0,0,0,0
2012,110,0,0,0,0,0,0,0,0,0,0,0,0,0,0
2012,111,0,0,0,0,0,0,0,0,0,0,0,0,0,0
2012,112,0,0,0,0,0,0,0,0,0,0,0,0,0,0
2012,113,0,0,0,0,0,0,0,0,0,0,0,0,0,0
2012,114,0,0,0,0,0,0,0,0,0,0,0,0,0,0
2012,115,0,0,0,0,0,0,0,0,0,0,0,0,0,0
2012,116,0,0,0,0,0,0,0,0,0,0,0,0,0,0
2012,117,0,0,0,0,0,0,0,0,0,0,0,0,0,0
2012,118,0,0,0,0,0,0,0,0,0,0,0,0,0,0
2012,119,0,0,0,0,0,0,0,0,0,0,0,0,0,0
2012,120,0,0,0,0,0,0,0,0,0,0,0,0,0,0
2012,121,0,0,0,0,0,0,0,0,0,0,0,0,0,0
2012,122,0,0,0,0,0,0,0,0,0,0,0,0,0,0
2012,123,0,0,0,0,0,0,0,0,0,0,0,0,0,0
2012,124,0,0,0,0,0,0,0,0,0,0,0,0,0,0
2012,125,0,0,0,0,0,0,0,0,0,0,0,0,0,0
2012,126,0,0,0,0,0,0,0,0,0,0,0,0,0,0
2012,127,0,0,0,0,0,0,0,0,0,0,0,0,0,0
2012,128,0,0,0,0,0,0,0,0,0,0,0,0,0,0
2012,129,0,0,0,0,0,0,0,0,0,0,0,0,0,0
2012,130,0,0,0,0,0,0,0,0,0,0,0,0,0,0
2012,131,0,0,0,0,0,0,0,0,0,0,0,0,0,0
2012,132,0,0,0,0,0,0,0,0,0,0,0,0,0,0
2012,133,0,0,0,0,0,0,0,0,0,0,0,0,0,0
2012,134,0,0,0,0,0,0,0,0,0,0,0,0,0,0
2012,135,0,0,0,0,0,0,0,0,0,0,0,0,0,0
2012,136,0,0,0,0,0,0,0,0,0,0,0,0,0,0
2012,137,0,0,0,0,0,0,0,0,0,0,0,0,0,0
2012,138,0,0,0,0,0,0,0,0,0,0,0,0,0,0
2012,139,0,0,0,0,0,0,0,0,0,0,0,0,0,0
2012,140,0,0,0,0,0,0,0,0,0,0,0,0,0,0
2012,141,0,0,0,0,0,0,0,0,0,0,0,0,0,0
2012,142,0,0,0,0,0,0,0,0,0,0,0,0,0,0
2012,143,0,0,0,0,0,0,0,0,0,0,0,0,0,0
2012,144,0,0,0,0,0,0,0,0,0,0,0,0,0,0
2012,145,0,0,0,0,0,0,0,0,0,0,0,0,0,0
2012,146,0,0,0,0,0,0,0,0,0,0,0,0,0,0
2012,147,0,0,0,0,0,0,0,0,0,0,0,0,0,0
2012,148,0,0,0,0,0,0,0,0,0,0,0,0,0,0
2012,149,0,0,0,0,0,0,0,0,0,0,0,0,0,0
2012,150,0,0,0,0,0,0,0,0,0,0,0,0,0,0
2012,151,0,0,0,0,0,0,0,0,0,0,0,0,0,0
2012,152,0,0,0,0,0,0,0,0,0,0,0,0,0,0
2012,153,0,0,0,0,0,0,0,0,0,0,0,0,0,0
2012,154,0,0,0,0,0,0,0,0,0,0,0,0,0,0
2012,155,0,0,0,0,0,0,0,0,0,0,0,0,0,0
2012,156,0,0,0,0,0,0,0,0,0,0,0,0,0,0
2012,157,0,0,0,0,0,0,0,0,0,0,0,0,0,0
2012,158,0,0,0,0,0,0,0,0,0,0,0,0,0,0
2012,159,0,0,0,0,0,0,0,0,0,0,0,0,0,0
2012,160,0,0,0,0,0,0,0,0,0,0,0,0,0,0
2012,161,0,0,0,0,0,0,0,0,0,0,0,0,0,0
2012,162,0,0,0,0,0,0,0,0,0,0,0,0,0,0
2012,163,0,0,0,0,0,0,0,0,0,0,0,0,0,0
2012,164,0,0,0,0,0,0,0,0,0,0,0,0,0,0
2012,165,0,0,0,0,0,0,0,0,0,0,0,0,0,0
2012,166,0,0,0,0,0,0,0,0,0,0,0,0,0,0
2012,167,0,0,0,0,0,0,0,0,0,0,0,0,0,0
2012,168,0,0,0,0,0,0,0,0,0,0,0,0,0,0
2012,169,0,0,0,0,0,0,0,0,0,0,0,0,0,0
2012,170,0,0,0,0,0,0,0,0,0,0,0,0,0,0
2012,171,0,0,0,0,0,0,0,0,0,0,0,0,0,0
2012,172,0,0,0,0,0,0,0,0,0,0,0,0,0,0
2012,173,0,0,0,0,0,0,0,0,0,0,0,0,0,0
2012,174,0,0,0,0,0,0,0,0,0,0,0,0,0,0
2012,175,0,0,0,0,0,0,0,0,0,0,0,0,0,0
2012,176,0,0,0,0,0,0,0,0,0,0,0,0,0,0
2012,177,0,0,0,0,0,0,0,0,0,0,0,0,0,0
2012,178,0,0,0,0,0,0,0,0,0,0,0,0,0,0
2012,179,0,0,0,0,0,0,0,0,0,0,0,0,0,0
2012,180,0,0,0,0,0,0,0,0,0,0,0,0,0,0
2012,181,0,0,0,0,0,0,0,0,0,0,0,0,0,0
2012,182,0,0,0,0,0,0,0,0,0,0,0,0,0,0
2012,183,0,0,0,0,0,0,0,0,0,0,0,0,0,0
2012,184,0,0,0,0,0,0,0,0,0,0,0,0,0,0
2012,185,0,0,0,0,0,0,0,0,0,0,0,0,0,0
2012,186,0,0,0,0,0,0,0,0,0,0,0,0,0,0
2012,187,0,0,0,0,0,0,0,0,0,0,0,0,0,0
2012,188,0,0,0,0,0,0,0,0,0,0,0,0,0,0
2012,189,0,0,0,0,0,0,0,0,0,0,0,0,0,0
2012,190,0,0,0,0,0,0,0,0,0,0,0,0,0,0
2012,191,0,0,0,0,0,0,0,0,0,0,0,0,0,0
2012,192,0,0,0,0,0,0,0,0,0,0,0,0,0,0
2012,193,0,0,0,0,0,0,0,0,0,0,0,0,0,0
2012,194,0,0,0,0,0,0,0,0,0,0,0,0,0,0
2012,195,0,0,0,0,0,0,0,0,0,0,0,0,0,0
2012,196,0,0,0,0,0,0,0,0,0,0,0,0,0,0
2012,197,0,0,0,0,0,0,0,0,0,0,0,0,0,0
2012,198,0,0,0,0,0,0,0,0,0,0,0,0,0,0
2012,199,0,0,0,0,0,0,0,0,0,0,0,0,0,0
2012,200,0,0,0,0,0,0,0,0,0,0,0,0,0,0
2012,201,0,0,0,0,0,0,0,0,0,0,0,0,0,0
2012,202,0,0,0,0,0,0,0,0,0,0,0,0,0,0
2012,203,0,0,0,0,0,0,0,0,0,0,0,0,0,0
2012,204,0,0,0,0,0,0,0,0,0,0,0,0,0,0
2012,205,0,0,0,0,0,0,0,0,0,0,0,0,0,0
2012,206,0,0,0,0,0,0,0,0,0,0,0,0,0,0
2012,207,0,0,0,0,0,0,0,0,0,0,0,0,0,0
2012,208,0,0,0,0,0,0,0,0,0,0,0,0,0,0
2012,209,0,0,0,0,0,0,0,0,0,0,0,0,0,0
2012,210,0,0,0,0,0,0,0,0,0,0,0,0,0,0
2012,211,0,0,0,0,0,0,0,0,0,0,0,0,0,0
2012,212,0,0,0,0,0,0,0,0,0,0,0,0,0,0
2012,213,0,0,0,0,0,0,0,0,0,0,0,0,0,0
2012,214,0,0,0,0,0,0,0,0,0,0,0,0,0,0
2012,215,0,0,0,0,0,0,0,0,0,0,0,0,0,0
2012,216,0,0,0,0,0,0,0,0,0,0,0,0,0,0
2012,217,0,0,0,0,0,0,0,0,0,0,0,0,0,0
2012,218,0,0,0,0,0,0,0,0,0,0,0,0,0,0
2012,219,0,0,0,0,0,0,0,0,0,0,0,0,0,0
2012,220,0,0,0,0,0,0,0,0,0,0,0,0,0,0
2012,221,0,0,0,0,0,0,0,0,0,0,0,0,0,0
2012,222,0,0,0,0,0,0,0,0,0,0,0,0,0,0
2012,223,0,0,0,0,0,0,0,0,0,0,0,0,0,0
2012,224,0,0,0,0,0,0,0,0,0,0,0,0,0,0
2012,225,0,0,0,0,0,0,0,0,0,0,0,0,0,0
2012,226,0,0,0,0,0,0,0,0,0,0,0,0,0,0
2012,227,0,0,0,0,0,0,0,0,0,0,0,0,0,0
2012,228,0,0,0,0,0,0,0,0,0,0,0,0,0,0
2012,229,0,0,0,0,0,0,0,0,0,0,0,0,0,0
2012,230,0,0,0,0,0,0,0,0,0,0,0,0,0,0
2012,231,0,0,0,0,0,0,0,0,0,0,0,0,0,0
2012,232,0,0,0,0,0,0,0,0,0,0,0,0,0,0
2012,233,0,0,0,0,0,0,0,0,0,0,0,0,0,0
2012,234,0,0,0,0,0,0,0,0,0,0,0,0,0,0
2012,235,0,0,0,0,0,0,0,0,0,0,0,0,0,0
2012,236,0,0,0,0,0,0,0,0,0,0,0,0,0,0
2012,237,0,0,0,0,0,0,0,0,0,0,0,0,0,0
2012,238,0,0,0,0,0,0,0,0,0,0,0,0,0,0
2012,239,0,0,0,0,0,0,0,0,0,0,0,0,0,0
2012,240,0,0,0,0,0,0,0,0,0,0,0,0,0,0
2012,241,0,0,0,0,0,0,0,0,0,0,0,0,0,0
2012,242,0,0,0,0,0,0,0,0,0,0,0,0,0,0
2012,243,0,0,0,0,0,0,0,0,0,0,0,0,0,0
2012,244,0,0,0,0,0,0,0,0,0,0,0,0,0,0
2012,245,0,0,0,0,0,0,0,0,0,0,0,0,0,0
2012,246,0,0,0,0,0,0,0,0,0,0,0,0,0,0
