year,j_day,precip,runoff,soil_runoff_DRP,manure_runoff_DRP,fert_runoff_DRP,runoff_DIP,manure_runoff_DOP,manure_runoff_NH4,PSP,Labile_P1,Labile_P2,Labile_P3,Available_Fert_P,Released_Fert_P,manure_WIP,manure_WOP,manure_SIP,manure_SOP,manure_NH4,manure_SON,manure_mass,manure_cover
,,mmH2O,mmH2O,mgL,mgL,mgL,mgL,mgL,mgL,,kg HA,kg HA,kg HA,kg,kg,kg,kg,kg,kg,kg,kg,kg,HA
2012,102,1.6,0,0,0,0,0,0,0,0.221,7.6749,16.2302,78.4814,0,0,0,0,0,0,0,0,0,0
2012,103,2.4,0,0,0,0,0,0,0,0.221,12.1624,16.2878,78.9856,0,0,1.834,0.133,0.316,0.947,0,0,1046.4575,0.4707
2012,104,2.8,0,0,0,0,0,0,0,0.22,11.6303,16.3268,79.501,0,0,1.502,0.093,0.314,0.941,0,0,1039.1709,0.4674
2012,105,0,0,0,0,0,0,0,0,0.22,11.2114,16.2952,80.0006,0,0,1.495,0.092,0.312,0.936,0,0,1033.2357,0.4648
2012,106,0,0,0,0,0,0,0,0,0.22,10.9309,16.2773,80.5089,0,0,1.486,0.091,0.31,0.929,0,0,1025.5382,0.4613
2012,107,10.5,0,0,0,0,0,0,0,0.219,10.4907,16.4147,81.0744,0,0,0.777,0.019,0.306,0.917,0,0,1012.2072,0.4553
2012,108,4.3,0,0,0,0,0,0,0,0.219,10.2879,16.408,81.5859,0,0,0.576,0.011,0.303,0.905,0,0,999.3832,0.4495
2012,109,0,0,0,0,0,0,0,0,0.218,10.0986,16.3638,82.0806,0,0,0.572,0.011,0.3,0.897,0,0,989.825,0.4452
2012,110,0.4,0,0,0,0,0,0,0,0.218,9.9752,16.344,82.5758,0,0,0.551,0.011,0.297,0.888,0,0,979.803,0.4407
2012,111,2.8,0,0,0,0,0,0,0,0.218,9.9303,16.3456,83.0738,0,0,0.448,0.008,0.293,0.873,0,0,964.1578,0.4337
2012,112,4.8,0,0,0,0,0,0,0,0.217,9.9098,16.3492,83.5664,0,0,0.323,0.004,0.29,0.864,0,0,953.9097,0.4291
2012,113,3.4,0,0,0,0,0,0,0,0.217,9.869,16.3411,84.0473,0,0,0.253,0.003,0.285,0.85,0,0,938.8035,0.4223
2012,114,11.6,0.05,0.153,0.314,0,0.467,0.006,0,0.217,9.867,16.3464,84.5255,0,0,0.126,0.001,0.282,0.84,0,0,927.1067,0.417
2012,115,12,0,0,0,0,0,0,0,0.216,9.8329,16.3366,84.9904,0,0,0.061,0,0.278,0.829,0,0,914.734,0.4115
2012,116,5.9,0,0,0,0,0,0,0,0.216,9.7791,16.3198,85.4446,0,0,0.042,0,0.274,0.815,0,0,900.341,0.405
2012,117,0.8,0,0,0,0,0,0,0,0.216,9.7192,16.3022,85.8903,0,0,0.04,0.001,0.271,0.804,0,0,887.6081,0.3993
2012,118,0,0,0,0,0,0,0,0,0.216,9.6593,16.2857,86.3281,0,0,0.04,0.001,0.268,0.797,0,0,880.3356,0.396
2012,119,3.6,0,0,0,0,0,0,0,0.215,9.6081,16.2731,86.7593,0,0,0.031,0.001,0.266,0.791,0,0,872.9998,0.3927
2012,120,2.9,0,0,0,0,0,0,0,0.215,9.5592,16.2611,87.1828,0,0,0.026,0.001,0.264,0.782,0,0,863.5082,0.3884
2012,121,0.2,0,0,0,0,0,0,0,0.215,9.5201,16.2526,87.5996,0,0,0.027,0.001,0.255,0.755,0,0,833.9437,0.3751
2012,122,0,0,0,0,0,0,0,0,0.215,9.4781,16.2419,88.0078,0,0,0.027,0.001,0.249,0.735,0,0,813.0096,0.3657
2012,123,0,0,0,0,0,0,0,0,0.214,9.4373,16.2312,88.4083,0,0,0.028,0.002,0.243,0.717,0,0,793.1203,0.3568
2012,124,1.6,0,0,0,0,0,0,0,0.214,9.4021,16.2222,88.8018,0,0,0.026,0.002,0.236,0.694,0,0,769.1718,0.346
2012,125,0.2,0,0,0,0,0,0,0,0.214,9.3582,16.2089,89.1861,0,0,0.025,0.002,0.233,0.687,0,0,761.0693,0.3423
2012,126,0,0,0,0,0,0,0,0,0.214,9.3142,16.1955,89.563,0,0,0.026,0.002,0.232,0.682,0,0,755.1271,0.3397
2012,127,7,0,0,0,0,0,0,0,0.213,9.2778,16.1851,89.9335,0,0,0.017,0.001,0.23,0.676,0,0,748.7809,0.3368
2012,128,3.7,0,0,0,0,0,0,0,0.213,9.2401,16.1735,90.2964,0,0,0.013,0.001,0.227,0.668,0,0,739.3047,0.3325
2012,129,0,0,0,0,0,0,0,0,0.213,9.2007,16.1608,90.6518,0,0,0.014,0.001,0.225,0.66,0,0,730.7429,0.3287
2012,130,5,0,0,0,0,0,0,0,0.213,9.1663,16.15,91.0008,0,0,0.01,0.001,0.221,0.649,0,0,718.7887,0.3233
2012,131,2.9,0,0,0,0,0,0,0,0.213,9.1305,16.138,91.3427,0,0,0.009,0.001,0.218,0.64,0,0,708.7252,0.3188
2012,132,0.3,0,0,0,0,0,0,0,0.212,9.0944,16.1256,91.6776,0,0,0.009,0.001,0.215,0.63,0,0,698.4133,0.3142
2012,133,1,0,0,0,0,0,0,0,0.212,9.0631,16.115,92.0066,0,0,0.009,0.001,0.21,0.614,0,0,680.8424,0.3063
2012,134,4.4,0,0,0,0,0,0,0,0.212,9.0329,16.1042,92.3291,0,0,0.008,0.001,0.205,0.599,0,0,664.6741,0.299
2012,135,3.7,0,0,0,0,0,0,0,0.212,9.0017,16.0926,92.6449,0,0,0.007,0.001,0.201,0.586,0,0,650.3184,0.2925
2012,136,0.2,0,0,0,0,0,0,0,0.212,8.9675,16.0794,92.954,0,0,0.007,0.001,0.198,0.577,0,0,640.8215,0.2882
2012,137,3.4,0,0,0,0,0,0,0,0.212,8.9434,16.0703,93.2584,0,0,0.007,0.001,0.19,0.553,0,0,614.754,0.2765
2012,138,3.6,0,0,0,0,0,0,0,0.211,8.9178,16.0599,93.5564,0,0,0.007,0.001,0.183,0.532,0,0,592.3091,0.2664
2012,139,1.4,0,0,0,0,0,0,0,0.211,8.8971,16.0511,93.8491,0,0,0.008,0.001,0.174,0.502,0,0,560.0352,0.2519
2012,140,0,0,0,0,0,0,0,0,0.211,8.8711,16.0395,94.1351,0,0,0.009,0.002,0.167,0.481,0,0,537.55,0.2418
2012,141,0,0,0,0,0,0,0,0,0.211,8.8483,16.029,94.4159,0,0,0.01,0.002,0.158,0.455,0,0,509.628,0.2292
2012,142,0,0,0,0,0,0,0,0,0.211,8.8222,16.0167,94.6906,0,0,0.012,0.002,0.152,0.435,0,0,488.3737,0.2197
2012,143,0,0,0,0,0,0,0,0,0.211,8.7955,16.0041,94.9598,0,0,0.013,0.003,0.146,0.417,0,0,469.0636,0.211
2012,144,0,0,0,0,0,0,0,0,0.21,8.7676,15.9908,95.2234,0,0,0.013,0.003,0.141,0.401,0,0,452.6448,0.2036
2012,145,0,0,0,0,0,0,0,0,0.21,8.7402,15.9777,95.482,0,0,0.014,0.003,0.136,0.386,0,0,435.9868,0.1961
2012,146,0,0,0,0,0,0,0,0,0.21,8.7146,15.9639,95.7352,0,0,0.015,0.003,0.132,0.373,0,0,422.5981,0.1901
2012,147,0,0,0,0,0,0,0,0,0.21,8.6972,15.9514,95.984,0,0,0.016,0.003,0.126,0.356,0,0,404.0233,0.1817
2012,148,0,0,0,0,0,0,0,0,0.21,8.6805,15.9384,96.2276,0,0,0.018,0.003,0.121,0.34,0,0,387.5375,0.1743
2012,149,0,0,0,0,0,0,0,0,0.21,8.6637,15.9247,96.4663,0,0,0.018,0.004,0.117,0.327,0,0,374.1367,0.1683
2012,150,0.2,0,0,0,0,0,0,0,0.21,8.6472,15.9107,96.7003,0,0,0.019,0.004,0.114,0.317,0,0,362.9324,0.1633
2012,151,5.7,0,0,0,0,0,0,0,0.21,8.6349,15.899,96.9304,0,0,0.014,0.002,0.11,0.305,0,0,349.8014,0.1573
2012,152,0.6,0,0,0,0,0,0,0,0.21,8.6185,15.8848,97.1553,0,0,0.014,0.002,0.106,0.295,0,0,338.9315,0.1525
2012,153,0.2,0,0,0,0,0,0,0,0.209,8.6023,15.8703,97.3757,0,0,0.014,0.002,0.103,0.285,0,0,329.0603,0.148
2012,154,1,0,0,0,0,0,0,0,0.209,8.5863,15.8557,97.5918,0,0,0.014,0.002,0.101,0.279,0,0,321.612,0.1447
2012,155,0,0,0,0,0,0,0,0,0.209,8.5703,15.8408,97.8036,0,0,0.015,0.002,0.099,0.272,0,0,314.2401,0.1413
2012,156,4,0,0,0,0,0,0,0,0.209,8.5566,15.8271,98.0117,0,0,0.012,0.001,0.097,0.265,0,0,307.0372,0.1381
2012,157,2,0,0,0,0,0,0,0,0.209,8.5414,15.8125,98.2155,0,0,0.011,0.001,0.095,0.259,0,0,300.9599,0.1354
2012,158,29.4,0,0,0,0,0,0,0,0.209,8.5306,15.8002,98.4162,0,0,0.003,0,0.093,0.252,0,0,293.2752,0.1319
2012,159,14.8,0,0,0,0,0,0,0,0.209,8.5155,15.7855,98.6123,0,0,0.002,0,0.09,0.246,0,0,286.4878,0.1289
2012,160,8.3,0,0,0,0,0,0,0,0.209,8.5007,15.7708,98.8046,0,0,0.002,0,0.088,0.24,0,0,278.9003,0.1255
2012,161,0,0,0,0,0,0,0,0,0.209,8.4854,15.7556,98.9931,0,0,0.002,0,0.086,0.234,0,0,272.7615,0.1227
2012,162,12.8,0,0,0,0,0,0,0,0.209,8.4724,15.7416,99.1784,0,0,0.001,0,0.083,0.226,0,0,263.745,0.1186
2012,163,16.8,0.05,0.13,0.001,0,0.132,0,0,0.208,8.4594,15.7274,99.3601,0,0,0.001,0,0.081,0.218,0,0,254.6702,0.1146
2012,164,3.2,0,0,0,0,0,0,0,0.208,8.4466,15.7133,99.5385,0,0,0.001,0,0.077,0.209,0,0,244.3324,0.1099
2012,165,8.4,0,0,0,0,0,0,0,0.208,8.4337,15.699,99.7134,0,0,0.001,0,0.075,0.201,0,0,235.1697,0.1058
2012,166,27.8,0.5,0.13,0.002,0,0.131,0,0,0.208,8.4199,15.6845,99.885,0,0,0.001,0,0.072,0.194,0,0,227.7769,0.1025
2012,167,7.5,0,0,0,0,0,0,0,0.208,8.4063,15.6695,100.0532,0,0,0.001,0,0.07,0.188,0,0,220.9847,0.0994
2012,168,0.3,0,0,0,0,0,0,0,0.208,8.3943,15.6554,100.2185,0,0,0.001,0,0.067,0.179,0,0,210.4181,0.0946
2012,169,7.8,0,0,0,0,0,0,0,0.208,8.3818,15.6409,100.3807,0,0,0.001,0,0.064,0.172,0,0,202.19,0.0909
2012,170,8.5,0,0,0,0,0,0,0,0.208,8.3707,15.6271,100.5401,0,0,0.001,0,0.061,0.161,0,0,190.7052,0.0858
2012,171,0.1,0,0,0,0,0,0,0,0.208,8.3583,15.6126,100.6963,0,0,0.002,0,0.058,0.153,0,0,181.1487,0.0815
2012,172,2.1,0,0,0,0,0,0,0,0.208,8.346,15.5981,100.8496,0,0,0.002,0,0.055,0.145,0,0,172.3141,0.0775
2012,173,13,1.58,0.128,0.005,0,0.134,0.002,0,0.208,8.3326,15.5837,101.0002,0,0,0.001,0,0.052,0.138,0,0,163.8423,0.0737
2012,174,2.2,0,0,0,0,0,0,0,0.208,8.3206,15.5689,101.148,0,0,0.002,0,0.05,0.13,0,0,155.4696,0.0699
2012,175,1.8,0,0,0,0,0,0,0,0.208,8.307,15.5533,101.2927,0,0,0.002,0,0.048,0.127,0,0,151.3329,0.0681
2012,176,0.2,0,0,0,0,0,0,0,0.208,15.6135,15.6004,101.4516,0,0,3.527,0.283,0.564,1.669,0,0,1794.0511,0.5274
2012,177,0.4,0,0,0,0,0,0,0,0.208,14.5121,15.629,101.6033,0,0,3.414,0.265,0.555,1.64,0,0,1764.1836,0.5186
2012,178,1.4,0,0,0,0,0,0,0,0.208,14.0428,15.7001,101.7683,0,0,3.141,0.227,0.543,1.603,0,0,1726.3497,0.5075
2012,179,8.7,0,0,0,0,0,0,0,0.208,14.1964,15.9327,101.997,0,0,2.152,0.108,0.54,1.591,0,0,1713.3031,0.5037
2012,180,5.3,0,0,0,0,0,0,0,0.209,14.1567,15.9965,102.1698,0,0,1.643,0.066,0.518,1.523,0,0,1644.8047,0.4835
2012,181,1.8,0,0,0,0,0,0,0,0.209,13.9625,15.986,102.3025,0,0,1.475,0.055,0.504,1.477,0,0,1597.3259,0.4696
2012,182,1.1,0,0,0,0,0,0,0,0.209,13.7995,15.9749,102.4307,0,0,1.356,0.048,0.485,1.417,0,0,1535.7125,0.4515
2012,183,0.7,0,0,0,0,0,0,0,0.209,13.6538,15.9582,102.5549,0,0,1.271,0.043,0.467,1.358,0,0,1475.9205,0.4339
2012,184,2.4,0,0,0,0,0,0,0,0.209,13.5766,15.9639,102.6845,0,0,1.107,0.034,0.452,1.311,0,0,1427.78,0.4197
2012,185,3.2,0,0,0,0,0,0,0,0.209,13.5264,15.9555,102.8137,0,0,0.931,0.026,0.437,1.264,0,0,1380.1351,0.4057
2012,186,6.1,0.02,0.211,1.018,0,1.229,0.047,0,0.209,13.5397,15.9711,102.9487,0,0,0.687,0.016,0.418,1.203,0,0,1317.7604,0.3874
2012,187,3.4,0,0,0,0,0,0,0,0.209,13.4775,15.9598,103.0679,0,0,0.572,0.012,0.402,1.156,0,0,1268.644,0.373
2012,188,13.3,0.24,0.21,0.73,0,0.94,0.026,0,0.209,13.4996,15.9753,103.1974,0,0,0.326,0.005,0.389,1.114,0,0,1225.6359,0.3603
2012,189,3,0,0,0,0,0,0,0,0.209,13.4047,15.944,103.3053,0,0,0.28,0.004,0.379,1.082,0,0,1192.3422,0.3505
2012,190,4.1,0,0,0,0,0,0,0,0.209,13.3227,15.9328,103.4135,0,0,0.229,0.004,0.368,1.049,0,0,1157.7814,0.3404
2012,191,3.7,0,0,0,0,0,0,0,0.209,13.2389,15.9191,103.5195,0,0,0.191,0.003,0.359,1.02,0,0,1126.9766,0.3313
2012,192,0.9,0,0,0,0,0,0,0,0.21,13.1417,15.9004,103.6216,0,0,0.182,0.004,0.352,0.997,0,0,1102.9321,0.3242
2012,193,0.8,0,0,0,0,0,0,0,0.21,13.0522,15.8845,103.7233,0,0,0.174,0.004,0.343,0.971,0,0,1075.7766,0.3163
2012,194,0,0,0,0,0,0,0,0,0.21,12.966,15.869,103.8239,0,0,0.172,0.005,0.334,0.943,0,0,1046.1293,0.3075
2012,195,0,0,0,0,0,0,0,0,0.21,12.8794,15.8524,103.9228,0,0,0.171,0.005,0.328,0.923,0,0,1025.6722,0.3015
2012,196,0.5,0,0,0,0,0,0,0,0.21,12.8059,15.84,104.022,0,0,0.166,0.005,0.318,0.894,0,0,995.3799,0.2926
2012,197,0.5,0.06,0.197,0.486,0,0.684,0.026,0,0.21,12.7366,15.8278,104.1202,0,0,0.161,0.006,0.309,0.864,0,0,963.9816,0.2834
2012,198,5.4,0,0,0,0,0,0,0,0.21,12.6887,15.8223,104.2199,0,0,0.126,0.004,0.299,0.835,0,0,934.0089,0.2746
2012,199,9.6,0.06,0.196,0.141,0,0.337,0.008,0,0.21,12.6479,15.8171,104.3188,0,0,0.084,0.003,0.29,0.805,0,0,903.1888,0.2655
2012,200,2,0,0,0,0,0,0,0,0.21,12.5839,15.8009,104.4123,0,0,0.077,0.003,0.283,0.783,0,0,879.9285,0.2587
2012,201,0,0,0,0,0,0,0,0,0.21,12.5143,15.783,104.5032,0,0,0.077,0.003,0.277,0.768,0,0,863.346,0.2538
2012,202,0,0,0,0,0,0,0,0,0.21,12.4539,15.7692,104.5942,0,0,0.078,0.004,0.269,0.741,0,0,834.8936,0.2454
2012,203,0.5,0,0,0,0,0,0,0,0.21,12.3936,15.755,104.6836,0,0,0.077,0.004,0.261,0.719,0,0,812.2969,0.2388
2012,204,18.6,0.03,0.191,0.049,0,0.24,0.004,0,0.21,12.3608,15.7513,104.7757,0,0,0.039,0.001,0.253,0.695,0,0,786.3403,0.2312
2012,205,5.8,0,0,0,0,0,0,0,0.21,12.3102,15.7384,104.8633,0,0,0.032,0.002,0.245,0.669,0,0,759.041,0.2231
2012,206,0,0,0,0,0,0,0,0,0.21,12.2515,15.7221,104.9482,0,0,0.033,0.002,0.239,0.651,0,0,739.9499,0.2175
2012,207,0,0,0,0,0,0,0,0,0.21,12.1975,15.7079,105.0325,0,0,0.035,0.003,0.231,0.627,0,0,715.3602,0.2103
2012,208,0.2,0,0,0,0,0,0,0,0.21,12.1414,15.6928,105.115,0,0,0.035,0.003,0.226,0.611,0,0,697.9495,0.2052
2012,209,7.6,0,0,0,0,0,0,0,0.21,12.0935,15.681,105.1975,0,0,0.027,0.002,0.22,0.594,0,0,680.09,0.1999
2012,210,3.6,0,0,0,0,0,0,0,0.21,12.0415,15.6669,105.2779,0,0,0.024,0.002,0.215,0.58,0,0,664.7842,0.1954
2012,211,0.5,0,0,0,0,0,0,0,0.21,11.9877,15.6519,105.3568,0,0,0.024,0.002,0.211,0.567,0,0,650.9633,0.1914
2012,212,5.8,0,0,0,0,0,0,0,0.21,11.9409,15.6397,105.4354,0,0,0.02,0.002,0.205,0.55,0,0,632.3179,0.1859
2012,213,3.6,0,0,0,0,0,0,0,0.21,11.8924,15.6263,105.5126,0,0,0.018,0.002,0.2,0.535,0,0,615.7587,0.181
2012,214,1.7,0,0,0,0,0,0,0,0.21,11.8456,15.6133,105.5887,0,0,0.018,0.002,0.194,0.516,0,0,595.8458,0.1752
2012,215,2.4,0,0,0,0,0,0,0,0.21,11.799,15.6002,105.6637,0,0,0.018,0.002,0.188,0.5,0,0,577.9853,0.1699
2012,216,1.2,0,0,0,0,0,0,0,0.21,11.7539,15.5874,105.7376,0,0,0.018,0.002,0.182,0.481,0,0,557.908,0.164
2012,217,2.4,0,0,0,0,0,0,0,0.21,11.708,15.5739,105.8103,0,0,0.017,0.002,0.177,0.467,0,0,542.3881,0.1594
2012,218,2.2,0,0,0,0,0,0,0,0.21,11.6627,15.5604,105.882,0,0,0.017,0.002,0.172,0.453,0,0,527.0319,0.1549
2012,219,0.7,0,0,0,0,0,0,0,0.21,11.618,15.547,105.9526,0,0,0.018,0.002,0.167,0.437,0,0,510.4485,0.1501
2012,220,0.1,0,0,0,0,0,0,0,0.21,11.5731,15.5333,106.0221,0,0,0.019,0.003,0.162,0.423,0,0,495.0941,0.1455
2012,221,0,0,0,0,0,0,0,0,0.21,11.5283,15.5195,106.0905,0,0,0.02,0.003,0.157,0.41,0,0,480.7547,0.1413
2012,222,0,0,0,0,0,0,0,0,0.21,11.4837,15.5057,106.158,0,0,0.022,0.003,0.153,0.397,0,0,467.388,0.1374
2012,223,0,0,0,0,0,0,0,0,0.21,11.4389,15.4916,106.2244,0,0,0.023,0.004,0.149,0.386,0,0,455.7985,0.134
2012,224,5.4,0,0,0,0,0,0,0,0.21,11.3981,15.4791,106.2904,0,0,0.019,0.002,0.146,0.376,0,0,444.6321,0.1307
2012,225,6.7,0,0,0,0,0,0,0,0.21,11.36,15.4673,106.3558,0,0,0.015,0.002,0.141,0.362,0,0,428.925,0.1261
2012,226,0.8,0,0,0,0,0,0,0,0.21,16.1806,15.5517,106.4528,0,0,2.295,0.176,0.48,1.378,0,0,1405.2322,0.5661
2012,227,12,0.06,0.262,2.762,0,3.024,0.353,0,0.21,15.9627,15.8347,106.6373,0,0,1.14,0.034,0.453,1.295,0,0,1324.5732,0.5336
2012,228,7.4,0.07,0.25,1.888,0,2.138,0.093,0,0.21,15.6653,15.8984,106.7337,0,0,0.708,0.014,0.427,1.217,0,0,1248.1754,0.5028
2012,229,4.8,0.04,0.243,1.224,0,1.467,0.041,0,0.21,15.4001,15.9001,106.8037,0,0,0.51,0.009,0.407,1.154,0,0,1186.1483,0.4778
2012,230,1.9,0,0,0,0,0,0,0,0.21,15.1653,15.875,106.8622,0,0,0.433,0.008,0.385,1.088,0,0,1122.0088,0.452
2012,231,0,0,0,0,0,0,0,0,0.21,14.9508,15.8343,106.9143,0,0,0.418,0.008,0.368,1.036,0,0,1070.2665,0.4312
2012,232,0,0,0,0,0,0,0,0,0.211,14.7826,15.7994,106.9679,0,0,0.401,0.009,0.349,0.979,0,0,1014.4227,0.4087
2012,233,5.6,0,0,0,0,0,0,0,0.211,14.6962,15.7933,107.0305,0,0,0.28,0.005,0.335,0.939,0,0,974.912,0.3927
2012,234,4.4,0,0,0,0,0,0,0,0.211,14.5997,15.7732,107.088,0,0,0.209,0.004,0.322,0.899,0,0,935.0787,0.3767
2012,235,4.7,0,0,0,0,0,0,0,0.211,14.5179,15.7537,107.1455,0,0,0.153,0.003,0.304,0.846,0,0,882.3679,0.3555
2012,236,1.5,0,0,0,0,0,0,0,0.211,14.429,15.739,107.1998,0,0,0.134,0.003,0.285,0.788,0,0,824.9406,0.3323
2012,237,2.2,0,0,0,0,0,0,0,0.211,14.3397,15.7241,107.2525,0,0,0.114,0.003,0.272,0.751,0,0,787.8705,0.3174
2012,238,0.2,0,0,0,0,0,0,0,0.211,14.2576,15.711,107.3051,0,0,0.11,0.004,0.255,0.701,0,0,738.3768,0.2975
2012,239,6.6,0.04,0.22,0.164,0,0.384,0.01,0,0.211,14.1825,15.6986,107.3576,0,0,0.074,0.002,0.25,0.685,0,0,722.0281,0.2909
2012,240,1.6,0,0,0,0,0,0,0,0.211,14.1006,15.6825,107.408,0,0,0.067,0.002,0.242,0.662,0,0,698.784,0.2815
2012,241,3.1,0.12,0.217,0.183,0,0.4,0.01,0,0.211,14.0233,15.6677,107.4583,0,0,0.055,0.002,0.236,0.645,0,0,681.033,0.2744
2012,242,7.5,0,0,0,0,0,0,0,0.211,13.9598,15.6571,107.5099,0,0,0.036,0.001,0.228,0.62,0,0,656.0831,0.2643
2012,243,1.8,0,0,0,0,0,0,0,0.211,13.89,15.6426,107.5596,0,0,0.033,0.001,0.22,0.597,0,0,632.5209,0.2548
2012,244,1.5,0,0,0,0,0,0,0,0.211,13.8244,15.6292,107.6093,0,0,0.031,0.002,0.211,0.572,0,0,607.0239,0.2445
2012,245,0.6,0,0,0,0,0,0,0,0.211,13.7579,15.6147,107.658,0,0,0.03,0.002,0.204,0.553,0,0,587.0266,0.2365
2012,246,0,0,0,0,0,0,0,0,0.211,13.6901,15.5993,107.7059,0,0,0.03,0.002,0.2,0.539,0,0,573.2644,0.2309
2012,247,0.5,0,0,0,0,0,0,0,0.211,13.6243,15.5843,107.7535,0,0,0.03,0.002,0.196,0.528,0,0,561.9655,0.2264
2012,248,0,0,0,0,0,0,0,0,0.211,13.5631,15.5708,107.8011,0,0,0.03,0.002,0.19,0.512,0,0,545.7559,0.2199
2012,249,0,0,0,0,0,0,0,0,0.211,13.5031,15.5572,107.8483,0,0,0.031,0.003,0.185,0.498,0,0,531.1161,0.214
2012,250,0,0,0,0,0,0,0,0,0.211,13.4405,15.5419,107.8943,0,0,0.031,0.003,0.183,0.492,0,0,524.7004,0.2114
2012,251,0.2,0,0,0,0,0,0,0,0.211,13.3805,15.5274,107.9402,0,0,0.031,0.003,0.181,0.485,0,0,517.4455,0.2084
2012,252,3.8,0,0,0,0,0,0,0,0.211,13.3289,15.516,107.9868,0,0,0.025,0.002,0.177,0.473,0,0,505.3835,0.2036
2012,253,6,0,0,0,0,0,0,0,0.211,13.2776,15.5038,108.0328,0,0,0.018,0.001,0.174,0.464,0,0,496.2969,0.1999
2012,254,9,0,0,0,0,0,0,0,0.211,13.2279,15.4916,108.0784,0,0,0.011,0.001,0.17,0.455,0,0,486.0862,0.1958
2012,255,8.9,0.09,0.204,0.018,0,0.222,0.002,0,0.211,13.1783,15.4791,108.1234,0,0,0.008,0,0.166,0.443,0,0,474.1731,0.191
2012,256,0.5,0,0,0,0,0,0,0,0.211,13.127,15.4653,108.1676,0,0,0.008,0.001,0.163,0.432,0,0,462.8122,0.1864
2012,257,2.8,0,0,0,0,0,0,0,0.211,13.0769,15.4519,108.2114,0,0,0.007,0.001,0.159,0.422,0,0,452.4475,0.1823
2012,258,0.2,0,0,0,0,0,0,0,0.211,13.0277,15.4386,108.2547,0,0,0.008,0.001,0.155,0.411,0,0,441.004,0.1777
2012,259,1.6,0,0,0,0,0,0,0,0.211,12.9793,15.4254,108.2977,0,0,0.008,0.001,0.152,0.401,0,0,430.5393,0.1734
2012,260,0.9,0,0,0,0,0,0,0,0.211,12.9315,15.4122,108.3402,0,0,0.008,0.001,0.148,0.391,0,0,420.1793,0.1693
2012,261,4.4,0,0,0,0,0,0,0,0.211,12.8837,15.3988,108.3822,0,0,0.007,0.001,0.146,0.384,0,0,413.3049,0.1665
2012,262,3.6,0,0,0,0,0,0,0,0.211,12.8359,15.3851,108.4237,0,0,0.006,0.001,0.144,0.379,0,0,407.1557,0.164
2012,263,2.6,0,0,0,0,0,0,0,0.211,12.788,15.3713,108.4647,0,0,0.005,0.001,0.142,0.374,0,0,401.8014,0.1619
2012,264,5.5,0,0,0,0,0,0,0,0.211,12.7417,15.3581,108.5055,0,0,0.004,0,0.14,0.368,0,0,395.5912,0.1594
2012,265,0,0,0,0,0,0,0,0,0.211,12.6959,15.3448,108.5459,0,0,0.005,0.001,0.137,0.36,0,0,387.7818,0.1562
2012,266,0,0,0,0,0,0,0,0,0.211,12.6499,15.3313,108.5858,0,0,0.005,0.001,0.135,0.354,0,0,381.4994,0.1537
2012,267,6.9,1.4,0.195,0.017,0,0.211,0.004,0,0.211,12.6021,15.318,108.6254,0,0,0.004,0,0.133,0.35,0,0,376.6797,0.1517
2012,268,14.2,0.69,0.194,0.007,0,0.201,0.001,0,0.211,12.5566,15.3049,108.6647,0,0,0.002,0,0.132,0.345,0,0,371.6636,0.1497
2012,269,8.5,0.1,0.193,0.003,0,0.197,0,0,0.211,12.5157,15.293,108.704,0,0,0.002,0,0.128,0.334,0,0,359.8232,0.145
2012,270,0.8,0,0,0,0,0,0,0,0.211,12.472,15.2796,108.7425,0,0,0.002,0,0.126,0.328,0,0,353.4578,0.1424
2012,271,4,0,0,0,0,0,0,0,0.211,12.4285,15.2662,108.7806,0,0,0.002,0,0.124,0.323,0,0,348.1868,0.1403
2012,272,3.2,0,0,0,0,0,0,0,0.211,12.3854,15.2528,108.8183,0,0,0.002,0,0.122,0.318,0,0,342.9944,0.1382
2012,273,3.8,0.01,0.191,0.003,0,0.194,0.001,0,0.211,12.3415,15.239,108.8556,0,0,0.002,0,0.121,0.315,0,0,340.0273,0.137
2012,274,2.2,0,0,0,0,0,0,0,0.211,12.2983,15.2255,108.8925,0,0,0.002,0,0.12,0.312,0,0,336.2875,0.1355
2012,275,3,0.01,0.189,0.003,0,0.192,0.001,0,0.211,12.2607,15.2118,108.9291,0,0,0.002,0,0.119,0.309,0,0,333.842,0.1345
2012,276,6.8,0.1,0.189,0.003,0,0.192,0.001,0,0.211,12.2339,15.1991,108.9657,0,0,0.002,0,0.117,0.303,0,0,327.6253,0.132
2012,277,5,0.05,0.188,0.003,0,0.191,0.001,0,0.211,12.2096,15.1865,109.002,0,0,0.002,0,0.115,0.297,0,0,321.057,0.1293
2012,278,5.8,0.02,0.188,0.002,0,0.19,0.001,0,0.211,12.1862,15.1736,109.0379,0,0,0.001,0,0.113,0.292,0,0,315.4683,0.1271
2012,279,3.7,0,0,0,0,0,0,0,0.211,12.163,15.1604,109.0734,0,0,0.001,0,0.111,0.288,0,0,311.3923,0.1254
2012,280,0,0,0,0,0,0,0,0,0.211,12.1409,15.1475,109.1086,0,0,0.002,0,0.109,0.283,0,0,305.8132,0.1232
2012,281,0.2,0,0,0,0,0,0,0,0.211,12.119,15.1346,109.1436,0,0,0.002,0,0.108,0.278,0,0,300.5132,0.1211
2012,282,0,0,0,0,0,0,0,0,0.211,12.0985,15.1224,109.1785,0,0,0.003,0.001,0.105,0.27,0,0,292.7628,0.1179
2012,283,0.2,0,0,0,0,0,0,0,0.211,17.4368,15.1305,109.2176,0,0,3.33,0.275,0.594,1.737,0,0,2066.001,0.5903
2012,284,25.5,1.35,0.289,4.041,0,4.33,0.556,0,0.211,17.6512,15.6222,109.4562,0,0,1.325,0.001,0.589,1.72,0,0,2045.5281,0.5845
2012,285,10,0.02,0.276,1.139,0,1.415,0.001,0,0.211,17.2708,15.6518,109.5153,0,0,0.877,0,0.588,1.717,0,0,2040.9956,0.5832
2012,286,0.8,0,0,0,0,0,0,0,0.211,16.8601,15.5892,109.5358,0,0,0.842,0.001,0.585,1.708,0,0,2030.4409,0.5802
2012,287,6.2,0.11,0.261,1.294,0,1.555,0.002,0,0.211,16.6547,15.5856,109.5739,0,0,0.641,0.001,0.58,1.693,0,0,2012.9639,0.5752
2012,288,3.2,0.01,0.257,0.674,0,0.931,0.001,0,0.211,16.453,15.5573,109.6028,0,0,0.552,0.001,0.574,1.673,0,0,1989.8118,0.5686
2012,289,8.2,0.36,0.255,0.968,0,1.223,0.003,0,0.212,16.3359,15.5538,109.6397,0,0,0.388,0.001,0.566,1.65,0,0,1962.3884,0.5607
2012,290,12.2,0.84,0.253,0.676,0,0.929,0.004,0,0.212,16.2318,15.545,109.6746,0,0,0.237,0.001,0.562,1.637,0,0,1946.7823,0.5563
2012,291,26.1,0,0,0,0,0,0,0,0.212,16.1481,15.5361,109.7094,0,0,0.094,0,0.559,1.627,0,0,1935.0746,0.5529
2012,292,1.5,0,0,0,0,0,0,0,0.212,15.9993,15.4878,109.7316,0,0,0.088,0,0.557,1.621,0,0,1927.7682,0.5508
2012,293,0.5,0,0,0,0,0,0,0,0.212,15.8655,15.4415,109.755,0,0,0.086,0.001,0.555,1.612,0,0,1916.7629,0.5477
2012,294,0,0,0,0,0,0,0,0,0.212,15.7426,15.4214,109.7792,0,0,0.087,0.001,0.552,1.604,0,0,1906.7294,0.5448
2012,295,0.2,0,0,0,0,0,0,0,0.212,15.6315,15.4028,109.8045,0,0,0.086,0.001,0.549,1.594,0,0,1894.4813,0.5413
2012,296,0.5,0,0,0,0,0,0,0,0.212,15.5334,15.3872,109.8313,0,0,0.085,0.002,0.543,1.576,0,0,1874.0441,0.5355
2012,297,0.2,0,0,0,0,0,0,0,0.212,15.4414,15.3722,109.8585,0,0,0.085,0.002,0.538,1.559,0,0,1853.9934,0.5297
2012,298,0,0,0,0,0,0,0,0,0.212,15.3595,15.3595,109.8868,0,0,0.086,0.003,0.53,1.533,0,0,1824.3353,0.5213
2012,299,0,0,0,0,0,0,0,0,0.212,15.2712,15.3429,109.9137,0,0,0.087,0.003,0.528,1.528,0,0,1817.9888,0.5195
2012,300,1.2,0,0,0,0,0,0,0,0.212,15.192,15.3291,109.9417,0,0,0.082,0.003,0.526,1.52,0,0,1808.0034,0.5166
2012,301,3.2,0,0,0,0,0,0,0,0.212,15.1252,15.3188,109.9712,0,0,0.072,0.003,0.52,1.503,0,0,1788.3007,0.511
2012,302,0.4,0,0,0,0,0,0,0,0.212,15.0583,15.3071,110.0004,0,0,0.072,0.003,0.513,1.481,0,0,1763.093,0.5038
2012,303,1.2,0,0,0,0,0,0,0,0.212,14.9962,15.2962,110.0299,0,0,0.07,0.003,0.506,1.459,0,0,1737.0356,0.4963
2012,304,6.3,0.05,0.231,0.088,0,0.319,0.007,0,0.212,14.9438,15.288,110.0607,0,0,0.055,0.003,0.499,1.437,0,0,1712.3617,0.4893
2012,305,1.6,0,0,0,0,0,0,0,0.212,14.8823,15.275,110.0895,0,0,0.052,0.003,0.495,1.422,0,0,1694.4403,0.4842
2012,306,2.5,0,0,0,0,0,0,0,0.212,14.8245,15.2631,110.1187,0,0,0.047,0.003,0.489,1.406,0,0,1675.2544,0.4787
2012,307,0.2,0,0,0,0,0,0,0,0.212,14.762,15.2489,110.1468,0,0,0.048,0.003,0.486,1.395,0,0,1663.0283,0.4752
2012,308,1.8,0,0,0,0,0,0,0,0.212,14.7064,15.2375,110.1757,0,0,0.045,0.003,0.481,1.38,0,0,1644.5255,0.4699
2012,309,0.2,0,0,0,0,0,0,0,0.212,14.6519,15.226,110.2046,0,0,0.046,0.003,0.475,1.361,0,0,1622.7089,0.4637
2012,310,1.2,0,0,0,0,0,0,0,0.212,14.5955,15.2132,110.2328,0,0,0.044,0.003,0.472,1.35,0,0,1610.5179,0.4602
2012,311,1,0,0,0,0,0,0,0,0.212,14.5423,15.2016,110.2613,0,0,0.043,0.003,0.467,1.336,0,0,1593.7692,0.4554
2012,312,0.7,0,0,0,0,0,0,0,0.212,14.4876,15.1889,110.2893,0,0,0.043,0.003,0.464,1.326,0,0,1581.6764,0.4519
2012,313,3.5,0,0,0,0,0,0,0,0.212,14.4345,15.1767,110.3173,0,0,0.037,0.003,0.462,1.321,0,0,1575.536,0.4502
2012,314,0.8,0,0,0,0,0,0,0,0.212,14.3794,15.1634,110.3447,0,0,0.036,0.003,0.461,1.316,0,0,1569.2056,0.4484
2012,315,1.1,0,0,0,0,0,0,0,0.212,14.3263,15.1508,110.3722,0,0,0.035,0.003,0.459,1.31,0,0,1561.142,0.4461
2012,316,4.5,0.03,0.221,0.046,0,0.266,0.006,0,0.212,14.276,15.1392,110.4,0,0,0.029,0.002,0.457,1.305,0,0,1555.3158,0.4444
2012,317,7.8,0,0,0,0,0,0,0,0.212,14.2269,15.1277,110.4277,0,0,0.021,0.001,0.456,1.302,0,0,1551.5302,0.4433
2012,318,9.6,0,0,0,0,0,0,0,0.212,14.1771,15.1155,110.455,0,0,0.014,0.001,0.456,1.3,0,0,1549.0112,0.4426
2012,319,2.7,0,0,0,0,0,0,0,0.212,14.1249,15.1022,110.4817,0,0,0.013,0.001,0.455,1.298,0,0,1546.1763,0.4418
2012,320,1,0,0,0,0,0,0,0,0.212,14.0731,15.089,110.5083,0,0,0.012,0.001,0.454,1.295,0,0,1542.3802,0.4407
2012,321,1.1,0,0,0,0,0,0,0,0.212,14.0213,15.0758,110.5347,0,0,0.012,0.001,0.454,1.294,0,0,1540.3927,0.4401
2012,322,8.8,0.16,0.216,0.017,0,0.233,0.001,0,0.212,13.9725,15.0638,110.5614,0,0,0.009,0,0.453,1.291,0,0,1536.7686,0.4391
2012,323,15.1,0.47,0.215,0.012,0,0.227,0.001,0,0.212,13.9243,15.0522,110.5881,0,0,0.005,0,0.452,1.287,0,0,1531.8245,0.4377
2012,324,0.6,0,0,0,0,0,0,0,0.212,13.8738,15.0389,110.6141,0,0,0.005,0,0.451,1.286,0,0,1530.4053,0.4373
2012,325,0.2,0,0,0,0,0,0,0,0.212,13.8242,15.026,110.6401,0,0,0.005,0,0.451,1.285,0,0,1528.198,0.4367
2012,326,16.6,0.72,0.213,0.007,0,0.22,0.001,0,0.212,13.7761,15.0143,110.6663,0,0,0.003,0,0.45,1.281,0,0,1523.7925,0.4354
2012,327,0.2,0,0,0,0,0,0,0,0.212,13.7287,15.0019,110.6922,0,0,0.003,0,0.448,1.277,0,0,1518.9957,0.434
2012,328,2.8,0,0,0,0,0,0,0,0.212,13.6855,14.9913,110.7187,0,0,0.004,0,0.445,1.267,0,0,1506.5785,0.4305
2012,329,2.6,0.03,0.211,0.006,0,0.216,0.001,0,0.212,13.6387,14.9787,110.7443,0,0,0.004,0,0.444,1.264,0,0,1503.1041,0.4295
2012,330,0,0,0,0,0,0,0,0,0.212,13.5908,14.9657,110.7695,0,0,0.004,0,0.444,1.264,0,0,1502.3219,0.4293
2012,331,0,0,0,0,0,0,0,0,0.212,13.5484,14.9527,110.7947,0,0,0.004,0,0.444,1.264,0,0,1501.8882,0.4291
2012,332,0.2,0,0,0,0,0,0,0,0.212,13.5168,14.94,110.8198,0,0,0.004,0,0.444,1.264,0,0,1501.519,0.429
2012,333,0.2,0,0,0,0,0,0,0,0.212,13.4892,14.9281,110.845,0,0,0.004,0.001,0.443,1.26,0,0,1497.0131,0.4277
2012,334,0,0,0,0,0,0,0,0,0.212,13.4638,14.9169,110.8705,0,0,0.005,0.001,0.441,1.253,0,0,1488.8862,0.4254
2012,335,0.2,0,0,0,0,0,0,0,0.212,13.4384,14.9054,110.8956,0,0,0.005,0.001,0.439,1.248,0,0,1482.2382,0.4235
2012,336,9.8,0.17,0.207,0.007,0,0.214,0.002,0,0.212,13.4161,14.8956,110.9213,0,0,0.004,0.001,0.436,1.237,0,0,1469.8531,0.42
2012,337,9.7,0.09,0.206,0.005,0,0.212,0.001,0,0.212,13.3902,14.8834,110.9461,0,0,0.003,0,0.435,1.236,0,0,1467.5848,0.4193
2012,338,0.6,0,0,0,0,0,0,0,0.212,13.3647,14.871,110.9706,0,0,0.003,0,0.434,1.234,0,0,1464.4615,0.4184
2012,339,0.9,0,0,0,0,0,0,0,0.212,13.3418,14.8599,110.9955,0,0,0.004,0.001,0.432,1.226,0,0,1455.6882,0.4159
2012,340,10.8,0.33,0.205,0.006,0,0.211,0.001,0,0.212,13.3184,14.8488,111.0202,0,0,0.003,0,0.43,1.221,0,0,1448.7457,0.414
2012,341,2,0.04,0.205,0.005,0,0.21,0.001,0,0.212,13.2967,14.8382,111.0451,0,0,0.004,0.001,0.427,1.211,0,0,1437.0658,0.4106
2012,342,0.2,0,0,0,0,0,0,0,0.212,13.279,14.8299,111.0707,0,0,0.005,0.001,0.42,1.19,0,0,1413.8351,0.404
2012,343,0.5,0,0,0,0,0,0,0,0.212,13.2554,14.8184,111.0951,0,0,0.006,0.001,0.418,1.183,0,0,1404.2948,0.4013
2012,344,0.2,0,0,0,0,0,0,0,0.212,13.2314,14.8064,111.1192,0,0,0.006,0.001,0.416,1.177,0,0,1397.4293,0.3993
2012,345,0,0,0,0,0,0,0,0,0.212,13.207,14.7942,111.143,0,0,0.007,0.002,0.415,1.173,0,0,1392.5796,0.3979
2012,346,3.8,0,0,0,0,0,0,0,0.212,13.1844,14.7827,111.167,0,0,0.006,0.001,0.413,1.168,0,0,1386.4799,0.3962
2012,347,4.8,0.03,0.203,0.008,0,0.211,0.003,0,0.212,13.164,14.7724,111.1914,0,0,0.006,0.001,0.41,1.158,0,0,1374.6017,0.3928
2012,348,15.6,0.7,0.203,0.009,0,0.211,0.003,0,0.212,13.1463,14.7643,111.2164,0,0,0.005,0.001,0.404,1.141,0,0,1354.5516,0.387
2012,349,0.2,0,0,0,0,0,0,0,0.212,13.1222,14.752,111.2398,0,0,0.005,0.001,0.403,1.136,0,0,1348.6172,0.3853
2012,350,2,0,0,0,0,0,0,0,0.212,13.1025,14.742,111.264,0,0,0.006,0.001,0.398,1.123,0,0,1333.1603,0.3809
2012,351,3,0,0,0,0,0,0,0,0.212,13.0798,14.7304,111.2875,0,0,0.006,0.001,0.396,1.116,0,0,1325.3495,0.3787
2012,352,0.2,0,0,0,0,0,0,0,0.211,13.057,14.7186,111.3108,0,0,0.006,0.001,0.394,1.11,0,0,1317.6313,0.3765
2012,353,4.8,0,0,0,0,0,0,0,0.211,13.0406,14.7103,111.3353,0,0,0.007,0.001,0.388,1.091,0,0,1296.1539,0.3704
2012,354,9.3,0,0,0,0,0,0,0,0.211,13.0245,14.7022,111.3598,0,0,0.006,0.001,0.382,1.071,0,0,1273.5126,0.3639
2012,355,8.8,0,0,0,0,0,0,0,0.211,13.0052,14.6925,111.3837,0,0,0.006,0.001,0.377,1.057,0,0,1256.8339,0.3591
2012,356,4,0,0,0,0,0,0,0,0.211,12.9828,14.6811,111.4069,0,0,0.006,0.001,0.374,1.048,0,0,1246.2561,0.3561
2012,357,4.8,0,0,0,0,0,0,0,0.211,12.9689,14.6741,111.4315,0,0,0.007,0.001,0.365,1.021,0,0,1215.7423,0.3474
2012,358,1.4,0,0,0,0,0,0,0,0.211,12.9473,14.6631,111.4547,0,0,0.008,0.002,0.361,1.008,0,0,1201.058,0.3432
2012,359,1,0,0,0,0,0,0,0,0.211,12.9217,14.6499,111.477,0,0,0.008,0.001,0.36,1.006,0,0,1197.8308,0.3423
2012,360,11.2,0,0,0,0,0,0,0,0.211,12.8979,14.6374,111.4994,0,0,0.005,0.001,0.36,1.005,0,0,1196.5212,0.3419
2012,361,0.6,0,0,0,0,0,0,0,0.211,12.8733,14.6244,111.5214,0,0,0.005,0.001,0.36,1.004,0,0,1194.7271,0.3414
2012,362,11.1,0,0,0,0,0,0,0,0.211,12.8505,14.6123,111.5436,0,0,0.003,0,0.359,1.002,0,0,1192.6279,0.3408
2012,363,4.9,0,0,0,0,0,0,0,0.211,12.8273,14.6,111.5657,0,0,0.003,0,0.359,1.001,0,0,1190.6532,0.3402
2012,364,3.8,0,0,0,0,0,0,0,0.211,12.8071,14.5892,111.5881,0,0,0.003,0,0.356,0.993,0,0,1181.7256,0.3377
2012,365,2.4,0,0,0,0,0,0,0,0.211,12.7858,14.5778,111.6103,0,0,0.003,0,0.354,0.988,0,0,1175.4106,0.3359
2013,1,0.8,0,0,0,0,0,0,0,0.211,12.7715,14.5757,111.6341,0,0,0.003,0,0.354,0.986,0,0,1172.2419,0.3349
2013,2,0.2,0,0,0,0,0,0,0,0.211,12.7567,14.5727,111.6578,0,0,0.004,0.001,0.352,0.982,0,0,1167.5911,0.3336
2013,3,0.2,0,0,0,0,0,0,0,0.211,12.7408,14.5687,111.6813,0,0,0.004,0.001,0.351,0.979,0,0,1163.2445,0.3324
2013,4,0,0,0,0,0,0,0,0,0.211,12.7236,14.5635,111.7045,0,0,0.004,0.001,0.351,0.977,0,0,1160.7754,0.3317
2013,5,1,0,0,0,0,0,0,0,0.211,12.7059,14.5577,111.7276,0,0,0.004,0.001,0.35,0.975,0,0,1158.8784,0.3311
2013,6,1,0,0,0,0,0,0,0,0.211,12.6883,14.5516,111.7506,0,0,0.004,0.001,0.35,0.973,0,0,1156.3605,0.3304
2013,7,11.3,0.32,0.195,0.006,0,0.201,0.002,0,0.211,12.6699,14.5451,111.7735,0,0,0.003,0,0.35,0.973,0,0,1156.1439,0.3303
2013,8,5.9,0,0,0,0,0,0,0,0.211,12.6515,14.538,111.7961,0,0,0.002,0,0.349,0.973,0,0,1155.6383,0.3302
2013,9,0,0,0,0,0,0,0,0,0.211,12.6332,14.5308,111.8187,0,0,0.002,0,0.349,0.972,0,0,1153.7379,0.3297
2013,10,0.2,0,0,0,0,0,0,0,0.211,12.6156,14.5238,111.8413,0,0,0.002,0,0.348,0.969,0,0,1149.9503,0.3286
2013,11,0.2,0,0,0,0,0,0,0,0.211,12.5968,14.5161,111.8637,0,0,0.002,0,0.348,0.968,0,0,1148.8418,0.3283
2013,12,0.9,0,0,0,0,0,0,0,0.211,12.5785,14.5084,111.886,0,0,0.002,0,0.347,0.967,0,0,1147.0201,0.3277
2013,13,1.4,0,0,0,0,0,0,0,0.211,12.5618,14.5016,111.9085,0,0,0.003,0,0.346,0.962,0,0,1141.0752,0.326
2013,14,2.4,0.02,0.193,0.004,0,0.197,0.001,0,0.211,12.5467,14.4955,111.9313,0,0,0.003,0.001,0.343,0.953,0,0,1130.6404,0.3231
2013,15,3.6,0,0,0,0,0,0,0,0.211,12.5336,14.4904,111.9544,0,0,0.004,0.001,0.338,0.939,0,0,1114.8607,0.3185
2013,16,1.5,0.04,0.193,0.008,0,0.201,0.003,0,0.211,12.516,14.483,111.9766,0,0,0.004,0.001,0.336,0.934,0,0,1108.1665,0.3166
2013,17,4.8,0,0,0,0,0,0,0,0.211,12.4981,14.4754,111.9988,0,0,0.004,0.001,0.335,0.93,0,0,1103.3342,0.3153
2013,18,5.6,0.24,0.192,0.007,0,0.2,0.002,0,0.211,12.4791,14.4673,112.0207,0,0,0.003,0.001,0.335,0.928,0,0,1100.6437,0.3145
2013,19,13.3,0,0,0,0,0,0,0,0.211,12.4601,14.4589,112.0424,0,0,0.002,0,0.335,0.928,0,0,1100.6273,0.3145
2013,20,0.7,0,0,0,0,0,0,0,0.211,12.4448,14.4524,112.0647,0,0,0.003,0,0.331,0.918,0,0,1089.5314,0.3113
2013,21,0.7,0,0,0,0,0,0,0,0.211,12.4251,14.4435,112.0861,0,0,0.003,0,0.331,0.918,0,0,1089.2642,0.3112
2013,22,6.6,0,0,0,0,0,0,0,0.211,12.406,14.435,112.1075,0,0,0.002,0,0.331,0.918,0,0,1089.2642,0.3112
2013,23,10.1,0,0,0,0,0,0,0,0.211,12.3877,14.4267,112.129,0,0,0.001,0,0.331,0.917,0,0,1087.7355,0.3108
2013,24,9.8,0,0,0,0,0,0,0,0.211,12.3692,14.4184,112.1504,0,0,0.001,0,0.331,0.916,0,0,1086.5903,0.3105
2013,25,5.3,0,0,0,0,0,0,0,0.211,12.3525,14.411,112.172,0,0,0.001,0,0.329,0.912,0,0,1080.8817,0.3088
2013,26,9.8,0.01,0.19,0.001,0,0.191,0,0,0.211,12.337,14.4042,112.1938,0,0,0.001,0,0.327,0.904,0,0,1072.5367,0.3065
2013,27,4.3,0,0,0,0,0,0,0,0.211,12.3193,14.3962,112.2151,0,0,0.001,0,0.326,0.901,0,0,1068.735,0.3054
2013,28,9,0.22,0.19,0.002,0,0.192,0.001,0,0.211,12.3008,14.388,112.2363,0,0,0.001,0,0.325,0.9,0,0,1066.7922,0.3048
2013,29,7.8,0,0,0,0,0,0,0,0.211,12.2825,14.3797,112.2574,0,0,0.001,0,0.325,0.899,0,0,1065.4811,0.3044
2013,30,4.6,0,0,0,0,0,0,0,0.211,12.2674,14.373,112.279,0,0,0.001,0,0.323,0.891,0,0,1056.4164,0.3019
2013,31,7.1,0.21,0.189,0.002,0,0.191,0.001,0,0.211,12.2514,14.366,112.3004,0,0,0.002,0,0.32,0.885,0,0,1048.576,0.2996
2013,32,0.8,0,0,0,0,0,0,0,0.211,12.2358,14.359,112.3218,0,0,0.002,0.001,0.318,0.877,0,0,1039.7451,0.2971
2013,33,0.2,0,0,0,0,0,0,0,0.211,12.2231,14.3535,112.3437,0,0,0.004,0.001,0.313,0.863,0,0,1023.6763,0.2925
2013,34,5.6,0.03,0.188,0.004,0,0.192,0.002,0,0.21,12.2062,14.346,112.3649,0,0,0.003,0.001,0.312,0.858,0,0,1017.5488,0.2907
2013,35,6.4,0.05,0.188,0.004,0,0.192,0.001,0,0.21,12.1871,14.3373,112.3856,0,0,0.003,0,0.311,0.858,0,0,1017.2551,0.2907
2013,36,7,0.43,0.187,0.005,0,0.192,0.001,0,0.21,12.1678,14.3287,112.4062,0,0,0.002,0,0.311,0.858,0,0,1016.6312,0.2905
2013,37,0,0,0,0,0,0,0,0,0.21,12.1492,14.32,112.4267,0,0,0.002,0,0.311,0.857,0,0,1016.0079,0.2903
2013,38,3.8,0.01,0.187,0.002,0,0.189,0,0,0.21,12.1308,14.3115,112.4472,0,0,0.002,0,0.311,0.857,0,0,1015.7982,0.2902
2013,39,3.9,0,0,0,0,0,0,0,0.21,12.1127,14.3031,112.4677,0,0,0.001,0,0.311,0.857,0,0,1015.5043,0.2902
2013,40,6.5,0.13,0.186,0.002,0,0.189,0,0,0.21,12.0949,14.2949,112.4882,0,0,0.001,0,0.311,0.856,0,0,1014.4364,0.2899
2013,41,6.5,0.77,0.186,0.003,0,0.189,0,0,0.21,12.0765,14.2869,112.5087,0,0,0.001,0,0.31,0.855,0,0,1012.4886,0.2893
2013,42,11.7,0.05,0.186,0.001,0,0.187,0,0,0.21,12.0592,14.2787,112.5291,0,0,0.001,0,0.31,0.854,0,0,1011.6567,0.2891
2013,43,0,0,0,0,0,0,0,0,0.21,12.0422,14.2707,112.5495,0,0,0.001,0,0.31,0.853,0,0,1009.8247,0.2885
2013,44,9.1,0.92,0.185,0.002,0,0.187,0,0,0.21,12.0239,14.2628,112.5699,0,0,0.001,0,0.309,0.852,0,0,1007.9932,0.288
2013,45,8.8,0,0.185,0,0,0.185,0,0,0.21,12.0072,14.2549,112.5902,0,0,0.001,0,0.309,0.85,0,0,1006.2167,0.2875
2013,46,0.8,0,0,0,0,0,0,0,0.21,15.8281,14.2803,112.6205,0,0,1.703,0.137,0.569,1.629,0,0,1998.9587,0.7597
2013,47,0.3,0,0,0,0,0,0,0,0.211,15.2428,14.2884,112.6455,0,0,1.662,0.131,0.564,1.617,0,0,1983.2673,0.7538
2013,48,0,0,0,0,0,0,0,0,0.211,14.9065,14.2829,112.6662,0,0,1.655,0.13,0.562,1.608,0,0,1972.7393,0.7498
2013,49,0,0,0,0,0,0,0,0,0.211,14.6726,14.273,112.6853,0,0,1.655,0.13,0.562,1.608,0,0,1972.505,0.7497
2013,50,0.2,0,0,0,0,0,0,0,0.211,14.5141,14.2717,112.7075,0,0,1.631,0.127,0.56,1.604,0,0,1966.8678,0.7476
2013,51,0.2,0,0,0,0,0,0,0,0.211,14.3986,14.274,112.731,0,0,1.601,0.123,0.556,1.591,0,0,1950.8074,0.7414
2013,52,0,0,0,0,0,0,0,0,0.211,14.309,14.2773,112.755,0,0,1.579,0.119,0.547,1.563,0,0,1916.4976,0.7284
2013,53,0,0,0,0,0,0,0,0,0.211,14.2156,14.2708,112.7757,0,0,1.57,0.118,0.543,1.552,0,0,1902.6908,0.7232
2013,54,0,0,0,0,0,0,0,0,0.211,14.1292,14.2622,112.7955,0,0,1.565,0.117,0.541,1.545,0,0,1894.2831,0.72
2013,55,0,0,0,0,0,0,0,0,0.211,14.0468,14.2516,112.8146,0,0,1.563,0.117,0.54,1.543,0,0,1891.5558,0.7189
2013,56,0,0,0,0,0,0,0,0,0.211,13.9703,14.2408,112.8335,0,0,1.563,0.117,0.54,1.543,0,0,1890.6373,0.7186
2013,57,0.2,0,0,0,0,0,0,0,0.211,13.9143,14.2374,112.8549,0,0,1.542,0.115,0.539,1.54,0,0,1887.1508,0.7173
2013,58,0,0,0,0,0,0,0,0,0.211,13.8528,14.2292,112.8745,0,0,1.538,0.114,0.538,1.535,0,0,1880.6759,0.7148
2013,59,0,0,0,0,0,0,0,0,0.211,13.7972,14.2222,112.8945,0,0,1.533,0.113,0.536,1.528,0,0,1871.8778,0.7114
2013,60,0,0,0,0,0,0,0,0,0.211,13.7439,14.2149,112.9144,0,0,1.528,0.113,0.534,1.522,0,0,1864.1873,0.7085
2013,61,0,0,0,0,0,0,0,0,0.211,13.6902,14.2064,112.9338,0,0,1.525,0.112,0.533,1.519,0,0,1859.804,0.7069
2013,62,0,0,0,0,0,0,0,0,0.211,13.6382,14.1978,112.953,0,0,1.524,0.112,0.532,1.516,0,0,1856.2861,0.7055
2013,63,0,0,0,0,0,0,0,0,0.211,13.5901,14.1903,112.9726,0,0,1.52,0.111,0.53,1.512,0,0,1850.7097,0.7034
2013,64,0,0,0,0,0,0,0,0,0.211,13.5412,14.1818,112.9918,0,0,1.519,0.111,0.53,1.511,0,0,1848.1713,0.7024
2013,65,4.6,0,0,0,0,0,0,0,0.211,13.5118,14.2797,113.0484,0,0,1.164,0.068,0.528,1.505,0,0,1840.6912,0.6996
2013,66,9.4,0.08,0.213,1.654,0,1.867,0.161,0,0.211,13.6521,14.3926,113.1119,0,0,0.705,0.023,0.527,1.503,0,0,1838.595,0.6988
2013,67,9.8,0.35,0.213,1.38,0,1.593,0.076,0,0.211,13.7054,14.4331,113.1535,0,0,0.419,0.008,0.527,1.503,0,0,1837.438,0.6984
2013,68,10,0.26,0.212,0.756,0,0.969,0.023,0,0.211,13.7096,14.4419,113.1829,0,0,0.247,0.002,0.526,1.5,0,0,1834.2173,0.6971
2013,69,10.4,0.11,0.212,0.361,0,0.573,0.006,0,0.211,13.6872,14.4332,113.2055,0,0,0.143,0.001,0.525,1.497,0,0,1830.4132,0.6957
2013,70,0,0,0,0,0,0,0,0,0.211,13.6148,14.4158,113.2184,0,0,0.143,0.001,0.525,1.496,0,0,1828.0275,0.6948
2013,71,0,0,0,0,0,0,0,0,0.211,13.5514,14.4006,113.232,0,0,0.143,0.001,0.524,1.494,0,0,1825.5493,0.6938
2013,72,0.2,0,0,0,0,0,0,0,0.211,13.4951,14.3875,113.2464,0,0,0.141,0.001,0.524,1.493,0,0,1823.2673,0.693
2013,73,3,0,0,0,0,0,0,0,0.211,13.4559,14.3796,113.2634,0,0,0.118,0.001,0.523,1.49,0,0,1820.1782,0.6918
2013,74,0.2,0,0,0,0,0,0,0,0.211,13.4081,14.3676,113.2789,0,0,0.117,0.001,0.522,1.486,0,0,1815.1268,0.6899
2013,75,2,0,0,0,0,0,0,0,0.211,13.3693,14.3588,113.2959,0,0,0.104,0.001,0.521,1.484,0,0,1811.4921,0.6885
2013,76,7.9,0.08,0.206,0.163,0,0.369,0.002,0,0.211,13.3467,14.3554,113.3155,0,0,0.068,0,0.519,1.479,0,0,1805.2903,0.6861
2013,77,0.9,0,0,0,0,0,0,0,0.211,13.3065,14.3441,113.3322,0,0,0.064,0,0.518,1.474,0,0,1798.8143,0.6837
2013,78,2.1,0,0,0,0,0,0,0,0.211,13.2692,14.3343,113.3494,0,0,0.057,0,0.517,1.471,0,0,1794.4772,0.682
2013,79,9,0.36,0.204,0.117,0,0.321,0.001,0,0.211,13.2407,14.3283,113.3682,0,0,0.035,0,0.516,1.467,0,0,1789.6154,0.6802
2013,80,0.9,0.02,0.204,0.089,0,0.293,0.001,0,0.211,13.2029,14.3178,113.3854,0,0,0.034,0,0.514,1.462,0,0,1783.3441,0.6778
2013,81,16.4,0.02,0.203,0.024,0,0.227,0,0,0.211,13.1805,14.3137,113.4051,0,0,0.016,0,0.51,1.449,0,0,1767.0571,0.6716
2013,82,27.5,0.49,0.203,0.016,0,0.219,0,0,0.211,13.1479,14.3051,113.4233,0,0,0.005,0,0.509,1.446,0,0,1762.7771,0.67
2013,83,17.1,0.35,0.202,0.007,0,0.209,0,0,0.211,13.1158,14.2968,113.4416,0,0,0.003,0,0.505,1.434,0,0,1748.2552,0.6645
2013,84,3.8,0.04,0.202,0.005,0,0.207,0.001,0,0.211,13.0823,14.2877,113.4595,0,0,0.003,0,0.502,1.425,0,0,1737.0334,0.6602
2013,85,5.2,0,0,0,0,0,0,0,0.211,13.0505,14.2796,113.4777,0,0,0.003,0,0.498,1.415,0,0,1723.8073,0.6552
2013,86,1.6,0,0,0,0,0,0,0,0.211,13.0196,14.2718,113.4962,0,0,0.004,0.001,0.494,1.402,0,0,1708.9226,0.6495
2013,87,0.2,0,0,0,0,0,0,0,0.211,12.9967,14.2637,113.5145,0,0,0.004,0.001,0.491,1.392,0,0,1696.1793,0.6447
2013,88,0,0,0,0,0,0,0,0,0.211,12.9754,14.2554,113.5327,0,0,0.005,0.001,0.488,1.384,0,0,1685.3738,0.6406
2013,89,0,0,0,0,0,0,0,0,0.211,12.963,14.2525,113.5529,0,0,0.007,0.002,0.478,1.352,0,0,1648.2924,0.6265
2013,90,0,0,0,0,0,0,0,0,0.211,12.9536,14.2513,113.5741,0,0,0.01,0.002,0.464,1.31,0,0,1598.6357,0.6076
2013,91,0,0,0,0,0,0,0,0,0.211,12.942,14.2486,113.595,0,0,0.013,0.003,0.451,1.271,0,0,1552.5662,0.5901
2013,92,0,0,0,0,0,0,0,0,0.211,12.9252,14.2427,113.6147,0,0,0.015,0.004,0.442,1.244,0,0,1520.9937,0.5781
2013,93,0,0,0,0,0,0,0,0,0.211,12.9087,14.2364,113.6342,0,0,0.016,0.004,0.434,1.219,0,0,1491.6418,0.5669
2013,94,0,0,0,0,0,0,0,0,0.211,12.8906,14.2289,113.6532,0,0,0.018,0.004,0.427,1.2,0,0,1468.9503,0.5583
2013,95,0,0,0,0,0,0,0,0,0.211,12.8736,14.222,113.6722,0,0,0.019,0.005,0.421,1.181,0,0,1445.7467,0.5495
2013,96,0,0,0,0,0,0,0,0,0.211,12.8589,14.2162,113.6916,0,0,0.021,0.005,0.413,1.157,0,0,1417.5837,0.5388
2013,97,0,0,0,0,0,0,0,0,0.211,12.8434,14.21,113.7109,0,0,0.022,0.006,0.406,1.136,0,0,1391.8665,0.529
2013,98,0,0,0,0,0,0,0,0,0.211,12.831,14.2055,113.7308,0,0,0.024,0.006,0.396,1.107,0,0,1357.832,0.5161
2013,99,0,0,0,0,0,0,0,0,0.211,12.8178,14.2006,113.7505,0,0,0.026,0.006,0.387,1.079,0,0,1325.2133,0.5037
2013,100,0,0,0,0,0,0,0,0,0.211,12.7994,14.1929,113.7692,0,0,0.028,0.007,0.382,1.063,0,0,1305.8654,0.4963
2013,101,8.4,0.01,0.197,0.028,0,0.225,0.011,0,0.211,12.7875,14.1887,113.789,0,0,0.019,0.003,0.377,1.048,0,0,1288.2305,0.4896
2013,102,1,0,0.197,0.034,0,0.23,0.009,0,0.211,12.767,14.1799,113.8072,0,0,0.018,0.003,0.374,1.038,0,0,1276.5137,0.4852
2013,103,1.6,0,0,0,0,0,0,0,0.211,12.7512,14.1735,113.8261,0,0,0.018,0.003,0.368,1.022,0,0,1256.3474,0.4775
2013,104,4.8,0.05,0.196,0.032,0,0.229,0.008,0,0.211,12.7364,14.1676,113.8452,0,0,0.015,0.002,0.363,1.006,0,0,1237.693,0.4704
2013,105,2.3,0,0,0,0,0,0,0,0.211,12.7181,14.1598,113.8635,0,0,0.013,0.002,0.36,0.996,0,0,1224.7273,0.4655
2013,106,1.9,0,0,0,0,0,0,0,0.211,12.7028,14.1536,113.8824,0,0,0.013,0.002,0.354,0.979,0,0,1204.7782,0.4579
2013,107,9.7,0.42,0.196,0.027,0,0.223,0.006,0,0.211,12.6883,14.1482,113.9014,0,0,0.009,0.001,0.349,0.964,0,0,1186.8302,0.4511
2013,108,8.3,0.19,0.195,0.017,0,0.212,0.003,0,0.211,12.6785,14.145,113.9214,0,0,0.008,0.001,0.34,0.936,0,0,1153.719,0.4385
2013,109,4.1,0,0,0,0,0,0,0,0.211,12.6629,14.1387,113.9402,0,0,0.007,0.001,0.334,0.918,0,0,1132.3754,0.4304
2013,110,0.4,0,0,0,0,0,0,0,0.211,12.6521,14.1349,113.9599,0,0,0.009,0.002,0.323,0.888,0,0,1096.9412,0.4169
2013,111,1.3,0,0,0,0,0,0,0,0.211,12.6421,14.1316,113.9798,0,0,0.011,0.002,0.312,0.856,0,0,1058.7513,0.4024
2013,112,1,0,0,0,0,0,0,0,0.211,12.6268,14.1256,113.9987,0,0,0.012,0.002,0.305,0.834,0,0,1032.5432,0.3924
2013,113,0,0,0,0,0,0,0,0,0.211,12.6157,14.1218,114.0183,0,0,0.014,0.003,0.294,0.803,0,0,995.5488,0.3784
2013,114,5.6,0,0,0,0,0,0,0,0.211,12.5984,14.1147,114.0368,0,0,0.011,0.002,0.29,0.79,0,0,979.678,0.3723
2013,115,10.8,0.08,0.194,0.015,0,0.209,0.004,0,0.211,12.5842,14.1091,114.0557,0,0,0.007,0.001,0.284,0.772,0,0,958.4998,0.3643
2013,116,2.8,0,0,0,0,0,0,0,0.211,12.5674,14.1022,114.0741,0,0,0.008,0.001,0.278,0.755,0,0,938.4995,0.3567
2013,117,0,0,0,0,0,0,0,0,0.211,12.5482,14.0939,114.0919,0,0,0.008,0.001,0.274,0.744,0,0,924.5645,0.3514
2013,118,3.6,0,0,0,0,0,0,0,0.211,12.5305,14.0864,114.1099,0,0,0.007,0.001,0.271,0.733,0,0,911.4224,0.3464
2013,119,2.5,0,0,0,0,0,0,0,0.211,12.5123,14.0785,114.1276,0,0,0.007,0.001,0.267,0.724,0,0,900.1326,0.3421
2013,120,0.8,0,0,0,0,0,0,0,0.211,12.4964,14.0718,114.1457,0,0,0.008,0.001,0.263,0.71,0,0,883.3392,0.3357
2013,121,0.1,0,0,0,0,0,0,0,0.211,12.4783,14.064,114.1633,0,0,0.008,0.001,0.26,0.701,0,0,872.1548,0.3315
2013,122,0,0,0,0,0,0,0,0,0.211,12.4602,14.0562,114.1808,0,0,0.009,0.002,0.257,0.693,0,0,862.2432,0.3277
2013,123,3.6,0,0,0,0,0,0,0,0.211,12.4488,14.0518,114.1996,0,0,0.009,0.001,0.25,0.674,0,0,839.0334,0.3189
2013,124,0,0,0,0,0,0,0,0,0.211,12.4334,14.0454,114.2176,0,0,0.01,0.002,0.245,0.659,0,0,821.9498,0.3124
2013,125,0,0,0,0,0,0,0,0,0.211,12.4204,14.0403,114.236,0,0,0.011,0.002,0.239,0.64,0,0,798.9185,0.3036
2013,126,0.5,0,0,0,0,0,0,0,0.211,12.4054,14.0341,114.2541,0,0,0.012,0.002,0.233,0.625,0,0,780.9517,0.2968
2013,127,0,0,0,0,0,0,0,0,0.211,12.3901,14.0278,114.2721,0,0,0.013,0.003,0.228,0.61,0,0,763.441,0.2902
2013,128,6.3,0,0,0,0,0,0,0,0.211,12.3755,14.0218,114.2902,0,0,0.01,0.002,0.225,0.6,0,0,750.6387,0.2853
2013,129,8.5,0.37,0.191,0.022,0,0.212,0.006,0,0.211,12.3602,14.0158,114.3082,0,0,0.007,0.001,0.221,0.589,0,0,737.3271,0.2802
2013,130,12.1,0.12,0.19,0.01,0,0.2,0.002,0,0.211,12.3451,14.0096,114.3261,0,0,0.005,0,0.217,0.578,0,0,724.1123,0.2752
2013,131,6.3,0.04,0.19,0.007,0,0.197,0.001,0,0.21,12.3338,14.0053,114.3447,0,0,0.005,0.001,0.21,0.557,0,0,698.5121,0.2655
2013,132,2,0.02,0.19,0.01,0,0.2,0.002,0,0.21,12.3205,13.9999,114.363,0,0,0.006,0.001,0.203,0.538,0,0,675.8455,0.2569
2013,133,6.3,0,0,0,0,0,0,0,0.21,12.3031,13.9925,114.3804,0,0,0.005,0.001,0.2,0.529,0,0,665.2755,0.2529
2013,134,0.2,0,0,0,0,0,0,0,0.21,12.288,13.9861,114.3982,0,0,0.005,0.001,0.195,0.515,0,0,647.52,0.2461
2013,135,0.3,0,0,0,0,0,0,0,0.21,12.2756,13.9812,114.4164,0,0,0.007,0.001,0.188,0.494,0,0,623.3556,0.2369
2013,136,0.2,0,0,0,0,0,0,0,0.21,12.2609,13.9751,114.4342,0,0,0.008,0.002,0.182,0.479,0,0,604.3082,0.2297
2013,137,0,0,0,0,0,0,0,0,0.21,12.2434,13.9676,114.4515,0,0,0.009,0.002,0.179,0.469,0,0,592.501,0.2252
2013,138,16,0.17,0.189,0.011,0,0.199,0.004,0,0.21,12.2315,13.963,114.4697,0,0,0.005,0.001,0.174,0.454,0,0,575.0029,0.2185
2013,139,0,0,0,0,0,0,0,0,0.21,12.2175,13.9572,114.4875,0,0,0.006,0.001,0.168,0.437,0,0,554.6003,0.2108
2013,140,0.2,0,0,0,0,0,0,0,0.21,12.2031,13.9512,114.5052,0,0,0.008,0.001,0.162,0.421,0,0,535.3786,0.2035
2013,141,0,0,0,0,0,0,0,0,0.21,12.1879,13.9448,114.5227,0,0,0.009,0.002,0.157,0.407,0,0,518.1436,0.1969
2013,142,0.4,0,0,0,0,0,0,0,0.21,12.1725,13.9382,114.5401,0,0,0.01,0.002,0.152,0.394,0,0,502.3047,0.1909
2013,143,0.5,0,0,0,0,0,0,0,0.21,12.157,13.9316,114.5575,0,0,0.011,0.002,0.148,0.381,0,0,487.4246,0.1853
2013,144,0.6,0,0,0,0,0,0,0,0.21,12.1416,13.925,114.5748,0,0,0.011,0.002,0.144,0.369,0,0,473.1144,0.1798
2013,145,0,0,0,0,0,0,0,0,0.21,12.125,13.9178,114.5918,0,0,0.012,0.002,0.14,0.359,0,0,461.2852,0.1753
2013,146,1,0,0,0,0,0,0,0,0.21,12.1095,13.9111,114.609,0,0,0.013,0.002,0.137,0.349,0,0,449.0329,0.1707
2013,147,12.7,0.06,0.186,0.014,0,0.201,0.004,0,0.21,12.0977,13.9064,114.6268,0,0,0.008,0.001,0.133,0.338,0,0,436.3245,0.1658
2013,148,8.5,0,0,0,0,0,0,0,0.21,12.0827,13.8999,114.644,0,0,0.006,0.001,0.13,0.329,0,0,425.085,0.1616
2013,149,0,0,0,0,0,0,0,0,0.21,12.066,13.8926,114.6609,0,0,0.006,0.001,0.126,0.32,0,0,413.9573,0.1573
2013,150,0,0,0,0,0,0,0,0,0.21,12.0487,13.885,114.6776,0,0,0.007,0.001,0.124,0.313,0,0,405.5407,0.1541
2013,151,0.6,0,0,0,0,0,0,0,0.21,12.032,13.8776,114.6943,0,0,0.007,0.001,0.121,0.306,0,0,396.9348,0.1509
2013,152,0.4,0,0,0,0,0,0,0,0.21,12.0154,13.8703,114.7109,0,0,0.008,0.001,0.119,0.299,0,0,388.8145,0.1478
2013,153,0.2,0,0,0,0,0,0,0,0.21,11.9991,13.8631,114.7276,0,0,0.009,0.001,0.116,0.292,0,0,380.3866,0.1446
2013,154,0.2,0,0,0,0,0,0,0,0.21,11.9831,13.856,114.7442,0,0,0.009,0.002,0.114,0.285,0,0,371.9573,0.1414
2013,155,0,0,0,0,0,0,0,0,0.21,16.4297,13.8998,114.7772,0,0,2.133,0.17,0.416,1.188,0,0,1557.7661,0.5849
2013,156,0.2,0,0,0,0,0,0,0,0.21,15.8007,13.9357,114.8089,0,0,2.029,0.154,0.398,1.133,0,0,1489.0121,0.5591
2013,157,0,0,0,0,0,0,0,0,0.211,15.4712,13.9582,114.8368,0,0,1.952,0.141,0.38,1.079,0,0,1421.2611,0.5337
2013,158,0,0,0,0,0,0,0,0,0.211,15.2526,13.9694,114.8613,0,0,1.892,0.132,0.366,1.036,0,0,1368.17,0.5137
2013,159,0,0,0,0,0,0,0,0,0.211,15.0996,13.9781,114.8851,0,0,1.833,0.123,0.353,0.995,0,0,1316.9078,0.4945
2013,160,0,0,0,0,0,0,0,0,0.211,14.9623,13.974,114.9044,0,0,1.798,0.118,0.345,0.971,0,0,1286.2628,0.483
2013,161,0,0,0,0,0,0,0,0,0.211,14.8541,13.971,114.9239,0,0,1.762,0.113,0.337,0.946,0,0,1254.7052,0.4711
2013,162,10.2,0,0,0,0,0,0,0,0.211,14.6242,14.1566,115.0188,0,0,1.006,0.034,0.325,0.913,0,0,1212.1279,0.4551
2013,163,11.5,0,0,0,0,0,0,0,0.211,14.619,14.215,115.0751,0,0,0.548,0.009,0.318,0.891,0,0,1184.7584,0.4449
2013,164,7,0,0,0,0,0,0,0,0.211,14.5538,14.22,115.1025,0,0,0.365,0.005,0.308,0.861,0,0,1146.4547,0.4305
2013,165,7.2,0.05,0.225,0.539,0,0.764,0.011,0,0.211,14.5016,14.2163,115.1243,0,0,0.241,0.003,0.298,0.829,0,0,1105.7552,0.4152
2013,166,11.2,0.13,0.224,0.345,0,0.57,0.006,0,0.211,14.4712,14.215,115.1457,0,0,0.132,0.002,0.284,0.787,0,0,1052.0809,0.395
2013,167,3.4,0,0,0,0,0,0,0,0.211,14.4032,14.1894,115.1583,0,0,0.107,0.002,0.273,0.756,0,0,1012.211,0.3801
2013,168,2.3,0,0,0,0,0,0,0,0.211,14.3425,14.1638,115.1708,0,0,0.092,0.002,0.262,0.724,0,0,971.4608,0.3648
2013,169,0.3,0,0,0,0,0,0,0,0.211,14.2812,14.1495,115.1823,0,0,0.09,0.002,0.253,0.697,0,0,936.6453,0.3517
2013,170,0,0,0,0,0,0,0,0,0.211,14.2253,14.1383,115.1942,0,0,0.089,0.003,0.244,0.671,0,0,903.5493,0.3393
2013,171,0,0,0,0,0,0,0,0,0.211,14.1763,14.1295,115.207,0,0,0.088,0.003,0.235,0.642,0,0,867.1816,0.3256
2013,172,2.2,0,0,0,0,0,0,0,0.211,14.1363,14.1231,115.2211,0,0,0.077,0.003,0.226,0.617,0,0,834.5089,0.3133
2013,173,5.4,0,0,0,0,0,0,0,0.211,14.114,14.1223,115.238,0,0,0.057,0.003,0.212,0.575,0,0,781.4888,0.2934
2013,174,14.5,0.01,0.218,0.043,0,0.26,0.003,0,0.211,14.0946,14.1209,115.2553,0,0,0.029,0.001,0.2,0.541,0,0,737.0825,0.2768
2013,175,3.6,0,0,0,0,0,0,0,0.211,14.0653,14.115,115.2709,0,0,0.025,0.002,0.186,0.5,0,0,685.5192,0.2574
2013,176,0.2,0,0,0,0,0,0,0,0.211,14.0297,14.1068,115.2855,0,0,0.026,0.002,0.176,0.469,0,0,645.3253,0.2423
2013,177,0,0,0,0,0,0,0,0,0.211,13.9922,14.0984,115.2998,0,0,0.027,0.003,0.167,0.444,0,0,612.905,0.2301
2013,178,15.6,0,0,0,0,0,0,0,0.211,13.9687,14.0956,115.3165,0,0,0.014,0.001,0.156,0.414,0,0,573.5829,0.2154
2013,179,0.2,0,0,0,0,0,0,0,0.211,13.934,14.0879,115.3313,0,0,0.016,0.002,0.147,0.388,0,0,540.1032,0.2028
2013,180,0.3,0,0,0,0,0,0,0,0.211,13.8937,14.0782,115.3453,0,0,0.017,0.002,0.143,0.375,0,0,523.0014,0.1964
2013,181,2,0,0,0,0,0,0,0,0.211,13.8574,14.0706,115.36,0,0,0.016,0.002,0.137,0.358,0,0,501.7724,0.1884
2013,182,0,0,0,0,0,0,0,0,0.211,13.821,14.063,115.3748,0,0,0.017,0.002,0.131,0.342,0,0,480.1086,0.1803
2013,183,13.4,0.03,0.213,0.015,0,0.228,0.003,0,0.211,13.7927,14.0587,115.3909,0,0,0.01,0.001,0.124,0.322,0,0,454.8112,0.1708
2013,184,0,0,0,0,0,0,0,0,0.211,13.7576,14.0511,115.4059,0,0,0.011,0.001,0.119,0.306,0,0,433.6063,0.1628
2013,185,2,0,0,0,0,0,0,0,0.211,13.7241,14.0443,115.4212,0,0,0.011,0.001,0.113,0.29,0,0,412.4614,0.1549
2013,186,0,0,0,0,0,0,0,0,0.211,13.69,14.0371,115.4364,0,0,0.013,0.002,0.108,0.274,0,0,392.2869,0.1473
2013,187,0,0,0,0,0,0,0,0,0.211,13.6543,14.0293,115.4514,0,0,0.014,0.002,0.104,0.263,0,0,377.4493,0.1417
2013,188,0,0,0,0,0,0,0,0,0.211,13.6175,14.0212,115.4662,0,0,0.014,0.002,0.101,0.255,0,0,366.547,0.1376
2013,189,0,0,0,0,0,0,0,0,0.211,13.5818,14.0136,115.4812,0,0,0.015,0.002,0.098,0.245,0,0,354.5819,0.1331
2013,190,0,0,0,0,0,0,0,0,0.211,13.546,14.0059,115.4962,0,0,0.016,0.003,0.095,0.237,0,0,344.2971,0.1293
2013,191,0,0,0,0,0,0,0,0,0.211,13.5101,13.9983,115.5112,0,0,0.017,0.003,0.092,0.23,0,0,335.1101,0.1258
2013,192,0,0,0,0,0,0,0,0,0.211,13.474,13.9905,115.5261,0,0,0.018,0.003,0.09,0.225,0,0,327.7625,0.1231
2013,193,0,0,0,0,0,0,0,0,0.211,13.4381,13.9828,115.5411,0,0,0.019,0.003,0.089,0.22,0,0,321.0482,0.1205
2013,194,0,0,0,0,0,0,0,0,0.211,13.4143,13.9752,115.5561,0,0,0.019,0.003,0.087,0.215,0,0,314.9542,0.1183
2013,195,0,0,0,0,0,0,0,0,0.211,13.3918,13.9676,115.5711,0,0,0.02,0.003,0.086,0.211,0,0,309.1073,0.1161
2013,196,0,0,0,0,0,0,0,0,0.211,13.3698,13.9599,115.586,0,0,0.02,0.003,0.084,0.207,0,0,304.7402,0.1144
2013,197,0,0,0,0,0,0,0,0,0.211,13.3485,13.9523,115.601,0,0,0.021,0.003,0.083,0.205,0,0,300.8248,0.113
2013,198,0,0,0,0,0,0,0,0,0.211,13.3277,13.9448,115.616,0,0,0.021,0.003,0.083,0.202,0,0,297.0307,0.1115
2013,199,0,0,0,0,0,0,0,0,0.211,13.3074,13.9374,115.631,0,0,0.021,0.003,0.082,0.199,0,0,293.0263,0.11
2013,200,0,0,0,0,0,0,0,0,0.211,13.2872,13.93,115.646,0,0,0.021,0.003,0.081,0.196,0,0,289.408,0.1087
2013,201,0,0,0,0,0,0,0,0,0.211,13.2672,13.9225,115.661,0,0,0.022,0.003,0.08,0.194,0,0,286.3888,0.1075
2013,202,0,0,0,0,0,0,0,0,0.211,13.2473,13.9152,115.676,0,0,0.022,0.003,0.079,0.192,0,0,283.2755,0.1064
2013,203,4.2,0,0,0,0,0,0,0,0.211,13.2306,13.9095,115.6916,0,0,0.018,0.002,0.078,0.189,0,0,278.8538,0.1047
2013,204,0,0,0,0,0,0,0,0,0.211,13.2111,13.9023,115.7067,0,0,0.018,0.002,0.077,0.185,0,0,273.8591,0.1028
2013,205,0.4,0,0,0,0,0,0,0,0.211,13.1915,13.895,115.7217,0,0,0.018,0.002,0.076,0.183,0,0,270.552,0.1016
2013,206,18.4,0,0,0,0,0,0,0,0.211,13.1784,13.8912,115.7381,0,0,0.008,0,0.074,0.178,0,0,264.4463,0.0993
2013,207,0,0,0,0,0,0,0,0,0.211,13.1582,13.8837,115.7531,0,0,0.009,0,0.073,0.174,0,0,259.1972,0.0973
2013,208,0,0,0,0,0,0,0,0,0.211,13.1383,13.8761,115.768,0,0,0.009,0.001,0.072,0.171,0,0,255.0381,0.0958
2013,209,0.2,0,0,0,0,0,0,0,0.211,13.1187,13.8687,115.7829,0,0,0.01,0.001,0.071,0.168,0,0,251.3595,0.0944
2013,210,7.4,0,0,0,0,0,0,0,0.211,13.1015,13.8624,115.7982,0,0,0.007,0,0.069,0.165,0,0,246.3075,0.0925
2013,211,1.8,0,0,0,0,0,0,0,0.211,13.0827,13.8553,115.8132,0,0,0.007,0.001,0.068,0.161,0,0,241.6227,0.0907
2013,212,21.6,0,0,0,0,0,0,0,0.211,13.0669,13.8498,115.8287,0,0,0.003,0,0.066,0.155,0,0,233.8008,0.0878
2013,213,7.8,0,0,0,0,0,0,0,0.211,13.0494,13.8434,115.8439,0,0,0.003,0,0.064,0.149,0,0,224.892,0.0844
2013,214,5.6,0,0,0,0,0,0,0,0.211,13.0319,13.837,115.8591,0,0,0.003,0,0.061,0.142,0,0,215.5662,0.0809
2013,215,2.6,0,0,0,0,0,0,0,0.211,13.0133,13.8299,115.874,0,0,0.003,0,0.059,0.138,0,0,209.5448,0.0787
2013,216,2.2,0,0,0,0,0,0,0,0.211,12.9952,13.8231,115.889,0,0,0.003,0,0.057,0.133,0,0,202.5403,0.076
2013,217,0,0,0,0,0,0,0,0,0.211,12.9767,13.8161,115.9038,0,0,0.003,0.001,0.056,0.129,0,0,196.3912,0.0737
2013,218,0,0,0,0,0,0,0,0,0.211,12.9585,13.8091,115.9186,0,0,0.003,0.001,0.054,0.125,0,0,190.517,0.0715
2013,219,5.2,0,0,0,0,0,0,0,0.211,12.9418,13.8029,115.9337,0,0,0.003,0,0.052,0.119,0,0,181.6954,0.0682
2013,220,2.6,0,0,0,0,0,0,0,0.211,12.9243,13.7963,115.9486,0,0,0.003,0,0.05,0.114,0,0,174.4099,0.0655
2013,221,0.2,0,0,0,0,0,0,0,0.211,12.9059,13.7893,115.9633,0,0,0.003,0.001,0.048,0.11,0,0,169.1175,0.0635
2013,222,0.2,0,0,0,0,0,0,0,0.211,12.8874,13.7821,115.9779,0,0,0.003,0.001,0.047,0.107,0,0,165.0361,0.062
2013,223,0.2,0,0,0,0,0,0,0,0.211,12.8692,13.7751,115.9925,0,0,0.004,0.001,0.046,0.104,0,0,160.4807,0.0603
2013,224,3.2,0,0,0,0,0,0,0,0.211,12.8515,13.7683,116.0071,0,0,0.003,0.001,0.045,0.101,0,0,156.2237,0.0587
2013,225,0.4,0,0,0,0,0,0,0,0.211,12.8331,13.7611,116.0216,0,0,0.004,0.001,0.044,0.099,0,0,153.1516,0.0575
2013,226,2,0,0,0,0,0,0,0,0.211,12.8153,13.7542,116.0361,0,0,0.003,0.001,0.043,0.096,0,0,149.6304,0.0562
2013,227,20.6,0,0,0,0,0,0,0,0.211,12.7987,13.7479,116.0508,0,0,0.002,0,0.042,0.094,0,0,145.5216,0.0546
2013,228,0,0,0,0,0,0,0,0,0.211,12.7804,13.7408,116.0652,0,0,0.002,0,0.041,0.091,0,0,142.4078,0.0535
2013,229,0.8,0,0,0,0,0,0,0,0.211,12.7624,13.7338,116.0796,0,0,0.002,0,0.04,0.089,0,0,139.1866,0.0523
2013,230,1,0,0,0,0,0,0,0,0.211,12.7444,13.7268,116.0939,0,0,0.002,0,0.039,0.087,0,0,136.2168,0.0511
2013,231,0,0,0,0,0,0,0,0,0.211,12.7269,13.7199,116.1083,0,0,0.002,0,0.038,0.085,0,0,132.3087,0.0497
2013,232,2.2,0,0,0,0,0,0,0,0.211,12.709,13.7129,116.1226,0,0,0.002,0,0.037,0.083,0,0,130.0409,0.0488
2013,233,0.4,0,0,0,0,0,0,0,0.211,12.6911,13.7059,116.1368,0,0,0.002,0,0.037,0.081,0,0,127.7766,0.048
2013,234,0.2,0,0,0,0,0,0,0,0.211,12.673,13.6988,116.151,0,0,0.002,0,0.036,0.081,0,0,126.4905,0.0475
2013,235,4.8,0,0,0,0,0,0,0,0.211,12.6557,13.692,116.1652,0,0,0.002,0,0.036,0.079,0,0,124.2011,0.0466
2013,236,0.4,0,0,0,0,0,0,0,0.211,12.638,13.6851,116.1794,0,0,0.002,0,0.035,0.078,0,0,122.2275,0.0459
2013,237,0,0,0,0,0,0,0,0,0.211,12.6203,13.678,116.1935,0,0,0.002,0,0.035,0.077,0,0,120.7011,0.0453
2013,238,0,0,0,0,0,0,0,0,0.211,12.6027,13.6711,116.2076,0,0,0.002,0,0.034,0.075,0,0,118.9218,0.0447
2013,239,1,0,0,0,0,0,0,0,0.211,12.5855,13.6643,116.2217,0,0,0.002,0,0.034,0.074,0,0,116.5856,0.0438
2013,240,0,0,0,0,0,0,0,0,0.211,12.5682,13.6575,116.2357,0,0,0.003,0,0.033,0.072,0,0,114.2056,0.0429
2013,241,0.6,0,0,0,0,0,0,0,0.211,17.7348,13.702,116.2663,0,0,2.295,0.183,0.377,1.102,0,0,1476.3563,0.5049
2013,242,0.4,0,0,0,0,0,0,0,0.211,16.9722,13.7271,116.2917,0,0,2.203,0.169,0.369,1.076,0,0,1443.5885,0.4937
2013,243,0,0,0,0,0,0,0,0,0.211,16.5586,13.7385,116.313,0,0,2.151,0.16,0.358,1.044,0,0,1402.1235,0.4795
2013,244,0,0,0,0,0,0,0,0,0.211,16.2787,13.7403,116.3311,0,0,2.115,0.155,0.351,1.022,0,0,1373.4893,0.4698
2013,245,0.2,0,0,0,0,0,0,0,0.211,16.0869,13.746,116.3508,0,0,2.061,0.147,0.345,1.003,0,0,1348.8289,0.4613
2013,246,0,0,0,0,0,0,0,0,0.212,15.9206,13.7408,116.3666,0,0,2.037,0.143,0.341,0.988,0,0,1329.3251,0.4546
2013,247,0,0,0,0,0,0,0,0,0.212,15.796,13.7408,116.3841,0,0,2.003,0.138,0.334,0.967,0,0,1302.0697,0.4453
2013,248,2.6,0,0,0,0,0,0,0,0.212,15.2996,13.8112,116.4274,0,0,1.718,0.105,0.328,0.95,0,0,1279.4994,0.4376
2013,249,1.2,0,0,0,0,0,0,0,0.212,15.1556,13.8341,116.4554,0,0,1.572,0.089,0.32,0.923,0,0,1244.887,0.4258
2013,250,19.2,0,0,0,0,0,0,0,0.212,15.2249,14.0295,116.5609,0,0,0.665,0.005,0.312,0.897,0,0,1211.5549,0.4144
2013,251,3,0,0,0,0,0,0,0,0.212,15.103,14.0089,116.5786,0,0,0.555,0.004,0.304,0.873,0,0,1179.816,0.4035
2013,252,0.2,0,0,0,0,0,0,0,0.212,15.0001,13.9737,116.5874,0,0,0.538,0.005,0.296,0.85,0,0,1150.8938,0.3936
2013,253,0,0,0,0,0,0,0,0,0.212,14.9302,13.9457,116.5974,0,0,0.524,0.005,0.287,0.821,0,0,1113.5232,0.3808
2013,254,3.6,0,0,0,0,0,0,0,0.212,14.9239,13.9448,116.6161,0,0,0.423,0.004,0.278,0.794,0,0,1078.6827,0.3689
2013,255,2.2,0,0,0,0,0,0,0,0.212,14.8982,13.9315,116.6305,0,0,0.367,0.004,0.27,0.769,0,0,1045.7749,0.3577
2013,256,0,0,0,0,0,0,0,0,0.212,14.8497,13.9185,116.6404,0,0,0.359,0.004,0.263,0.745,0,0,1015.438,0.3473
2013,257,0,0,0,0,0,0,0,0,0.212,14.8063,13.909,116.6508,0,0,0.352,0.005,0.255,0.722,0,0,986.0101,0.3372
2013,258,4.4,0,0,0,0,0,0,0,0.212,14.696,13.915,116.6686,0,0,0.274,0.003,0.248,0.699,0,0,955.5031,0.3268
2013,259,3,0,0,0,0,0,0,0,0.212,14.6535,13.9116,116.6831,0,0,0.229,0.003,0.24,0.677,0,0,927.4098,0.3172
2013,260,2.1,0,0,0,0,0,0,0,0.212,14.6191,13.9048,116.696,0,0,0.201,0.003,0.234,0.658,0,0,902.2396,0.3086
2013,261,0.5,0,0,0,0,0,0,0,0.212,14.5839,13.8959,116.7077,0,0,0.192,0.003,0.227,0.636,0,0,873.6912,0.2988
2013,262,9.2,0,0,0,0,0,0,0,0.212,14.5513,13.9025,116.7258,0,0,0.12,0.002,0.219,0.613,0,0,843.2643,0.2884
2013,263,0,0,0,0,0,0,0,0,0.212,14.5104,13.8902,116.7367,0,0,0.119,0.002,0.213,0.595,0,0,819.8611,0.2804
2013,264,0,0,0,0,0,0,0,0,0.212,14.4744,13.879,116.7475,0,0,0.118,0.002,0.209,0.582,0,0,803.1672,0.2747
2013,265,0,0,0,0,0,0,0,0,0.212,14.449,13.8727,116.7598,0,0,0.116,0.003,0.201,0.557,0,0,770.807,0.2636
2013,266,0.2,0,0,0,0,0,0,0,0.212,14.4233,13.8653,116.7719,0,0,0.113,0.003,0.195,0.539,0,0,747.5001,0.2557
2013,267,0,0,0,0,0,0,0,0,0.212,14.3993,13.8561,116.7831,0,0,0.113,0.003,0.192,0.53,0,0,735.6267,0.2516
2013,268,0.2,0,0,0,0,0,0,0,0.212,14.3773,13.8477,116.7946,0,0,0.111,0.003,0.19,0.523,0,0,725.7006,0.2482
2013,269,1.6,0,0,0,0,0,0,0,0.212,14.3581,13.8411,116.8068,0,0,0.101,0.003,0.188,0.518,0,0,719.6324,0.2461
2013,270,0,0,0,0,0,0,0,0,0.212,14.335,13.8322,116.8183,0,0,0.101,0.003,0.187,0.514,0,0,714.0402,0.2442
2013,271,0.2,0,0,0,0,0,0,0,0.212,14.3148,13.8251,116.8303,0,0,0.1,0.003,0.185,0.507,0,0,704.4549,0.2409
2013,272,0,0,0,0,0,0,0,0,0.212,14.2946,13.818,116.8425,0,0,0.099,0.003,0.182,0.499,0,0,694.273,0.2375
2013,273,3,0,0,0,0,0,0,0,0.212,18.5112,13.9107,116.8933,0,0,1.673,0.117,0.456,1.32,0,0,1909.4259,0.7265
2013,274,5.1,0,0,0,0,0,0,0,0.212,18.0685,13.9952,116.9503,0,0,1.239,0.066,0.45,1.303,0,0,1884.8521,0.7171
2013,275,11.2,0,0,0,0,0,0,0,0.213,17.9916,14.0885,117.0185,0,0,0.678,0.017,0.44,1.27,0,0,1838.798,0.6996
2013,276,15.2,0,0,0,0,0,0,0,0.213,17.9086,14.1446,117.0633,0,0,0.312,0.003,0.426,1.228,0,0,1780.8035,0.6775
2013,277,0.6,0,0,0,0,0,0,0,0.213,17.6922,14.1109,117.0727,0,0,0.295,0.003,0.412,1.185,0,0,1720.6331,0.6546
2013,278,0,0,0,0,0,0,0,0,0.213,17.5076,14.0761,117.0798,0,0,0.291,0.004,0.404,1.161,0,0,1686.3047,0.6416
2013,279,0.2,0,0,0,0,0,0,0,0.213,17.366,14.0506,117.0892,0,0,0.282,0.004,0.393,1.125,0,0,1637.046,0.6228
2013,280,1.8,0,0,0,0,0,0,0,0.213,17.256,14.0318,117.1006,0,0,0.25,0.004,0.384,1.099,0,0,1600.4623,0.6089
2013,281,2.1,0,0,0,0,0,0,0,0.213,17.1619,14.0176,117.1124,0,0,0.218,0.004,0.376,1.075,0,0,1565.6107,0.5957
2013,282,0.2,0,0,0,0,0,0,0,0.213,17.0551,14.0036,117.1205,0,0,0.214,0.004,0.373,1.065,0,0,1551.282,0.5902
2013,283,0,0,0,0,0,0,0,0,0.213,16.9672,13.9957,117.1306,0,0,0.212,0.004,0.365,1.04,0,0,1516.0002,0.5768
2013,284,0,0,0,0,0,0,0,0,0.213,16.8823,13.9871,117.1402,0,0,0.21,0.004,0.359,1.023,0,0,1492.0427,0.5677
2013,285,0,0,0,0,0,0,0,0,0.213,16.8071,13.9804,117.1507,0,0,0.208,0.005,0.353,1.002,0,0,1462.0685,0.5563
2013,286,0,0,0,0,0,0,0,0,0.213,16.7367,13.9739,117.1616,0,0,0.206,0.005,0.346,0.982,0,0,1433.697,0.5455
2013,287,0,0,0,0,0,0,0,0,0.213,16.6661,13.9659,117.1719,0,0,0.204,0.005,0.342,0.97,0,0,1416.2596,0.5388
2013,288,0,0,0,0,0,0,0,0,0.213,16.5968,13.9576,117.1822,0,0,0.204,0.005,0.339,0.962,0,0,1404.7883,0.5345
2013,289,14,0,0,0,0,0,0,0,0.213,16.2692,13.9743,117.2035,0,0,0.1,0.001,0.335,0.947,0,0,1383.7844,0.5265
2013,290,0.2,0,0,0,0,0,0,0,0.213,16.1298,13.9626,117.2145,0,0,0.099,0.001,0.33,0.933,0,0,1363.1498,0.5186
2013,291,25.6,0,0,0,0,0,0,0,0.213,16.0734,13.9662,117.2313,0,0,0.031,0,0.328,0.927,0,0,1353.8942,0.5151
2013,292,1.4,0,0,0,0,0,0,0,0.213,16.0012,13.9537,117.242,0,0,0.029,0,0.325,0.919,0,0,1342.2999,0.5107
2013,293,10,0,0,0,0,0,0,0,0.213,15.9449,13.9449,117.2536,0,0,0.018,0,0.324,0.914,0,0,1334.7148,0.5078
2013,294,20.2,0.43,0.245,0.022,0,0.268,0,0,0.213,15.8938,13.9369,117.2653,0,0,0.007,0,0.322,0.909,0,0,1327.3193,0.505
2013,295,20.5,0.15,0.245,0.007,0,0.252,0,0,0.213,15.8463,13.9288,117.2768,0,0,0.003,0,0.319,0.9,0,0,1315.1189,0.5004
2013,296,1.3,0,0,0,0,0,0,0,0.213,15.802,13.9213,117.2884,0,0,0.004,0,0.315,0.889,0,0,1298.0884,0.4939
2013,297,0.2,0,0,0,0,0,0,0,0.213,15.7596,13.9139,117.3001,0,0,0.005,0.001,0.312,0.878,0,0,1282.6277,0.488
2013,298,16.4,0.25,0.243,0.006,0,0.249,0.001,0,0.213,15.7184,13.907,117.312,0,0,0.003,0,0.309,0.871,0,0,1271.8215,0.4839
2013,299,4,0,0,0,0,0,0,0,0.213,15.6775,13.8996,117.3236,0,0,0.002,0,0.307,0.864,0,0,1262.3713,0.4803
2013,300,4.7,0,0,0,0,0,0,0,0.213,15.6378,13.8925,117.3354,0,0,0.002,0,0.305,0.858,0,0,1253.0673,0.4768
2013,301,4.5,0,0,0,0,0,0,0,0.213,15.5995,13.8858,117.3473,0,0,0.002,0,0.303,0.851,0,0,1242.8441,0.4729
2013,302,1.3,0,0,0,0,0,0,0,0.213,15.5623,13.8793,117.3594,0,0,0.003,0,0.3,0.843,0,0,1231.4041,0.4685
2013,303,3.6,0,0,0,0,0,0,0,0.213,15.5351,13.8734,117.3717,0,0,0.003,0,0.297,0.834,0,0,1218.0022,0.4634
2013,304,4.2,0,0,0,0,0,0,0,0.213,15.5108,13.8679,117.3843,0,0,0.003,0.001,0.294,0.824,0,0,1202.6718,0.4576
2013,305,0.3,0,0,0,0,0,0,0,0.213,15.4901,13.8641,117.3975,0,0,0.004,0.001,0.287,0.804,0,0,1175.3645,0.4472
2013,306,8.8,0,0,0,0,0,0,0,0.213,15.4698,13.8603,117.4109,0,0,0.004,0.001,0.281,0.786,0,0,1149.8229,0.4375
2013,307,0,0,0,0,0,0,0,0,0.213,15.4444,13.8531,117.4231,0,0,0.004,0.001,0.279,0.78,0,0,1139.849,0.4337
2013,308,0.2,0,0,0,0,0,0,0,0.213,15.4191,13.8456,117.435,0,0,0.005,0.001,0.278,0.776,0,0,1134.2878,0.4316
2013,309,1.2,0,0,0,0,0,0,0,0.213,15.395,13.8385,117.4471,0,0,0.005,0.001,0.277,0.772,0,0,1128.4138,0.4293
2013,310,0.7,0,0,0,0,0,0,0,0.213,15.3711,13.8315,117.4591,0,0,0.005,0.001,0.275,0.769,0,0,1123.3629,0.4274
2013,311,0.5,0,0,0,0,0,0,0,0.213,15.3478,13.8248,117.4712,0,0,0.005,0.001,0.274,0.765,0,0,1117.7048,0.4253
2013,312,0,0,0,0,0,0,0,0,0.213,15.3237,13.8176,117.4831,0,0,0.005,0.001,0.274,0.764,0,0,1115.4589,0.4244
2013,313,0.2,0,0,0,0,0,0,0,0.213,15.3001,13.8107,117.4951,0,0,0.005,0.001,0.273,0.762,0,0,1112.7767,0.4234
2013,314,1.8,0,0,0,0,0,0,0,0.213,15.2807,13.806,117.5079,0,0,0.005,0.001,0.27,0.752,0,0,1097.9001,0.4177
2013,315,6.2,0,0,0,0,0,0,0,0.213,15.2586,13.8001,117.5203,0,0,0.004,0.001,0.268,0.748,0,0,1091.868,0.4154
2013,316,0.3,0,0,0,0,0,0,0,0.213,15.238,13.7949,117.533,0,0,0.004,0.001,0.265,0.738,0,0,1078.2573,0.4102
2013,317,0.8,0,0,0,0,0,0,0,0.213,15.2173,13.7896,117.5456,0,0,0.005,0.001,0.262,0.729,0,0,1064.6562,0.4051
2013,318,1.4,0,0,0,0,0,0,0,0.213,15.1973,13.7847,117.5584,0,0,0.005,0.001,0.258,0.718,0,0,1049.0574,0.3991
2013,319,0.1,0,0,0,0,0,0,0,0.213,15.1746,13.7784,117.5707,0,0,0.006,0.001,0.256,0.712,0,0,1040.5271,0.3959
2013,320,0,0,0,0,0,0,0,0,0.213,15.1531,13.7727,117.5832,0,0,0.006,0.001,0.254,0.704,0,0,1029.1532,0.3916
2013,321,6.8,0,0,0,0,0,0,0,0.213,15.1332,13.7677,117.5959,0,0,0.005,0.001,0.251,0.696,0,0,1016.8982,0.3869
2013,322,6.9,0,0,0,0,0,0,0,0.213,15.1128,13.7625,117.6085,0,0,0.004,0.001,0.248,0.688,0,0,1004.7491,0.3823
2013,323,3.8,0,0,0,0,0,0,0,0.213,15.0896,13.7558,117.6206,0,0,0.003,0,0.247,0.684,0,0,999.6649,0.3803
2013,324,2.3,0,0,0,0,0,0,0,0.213,15.0673,13.7495,117.6328,0,0,0.003,0,0.245,0.679,0,0,992.4201,0.3776
2013,325,0.6,0,0,0,0,0,0,0,0.213,15.0443,13.7428,117.6447,0,0,0.003,0,0.244,0.676,0,0,987.8071,0.3758
2013,326,0.2,0,0,0,0,0,0,0,0.213,15.0223,13.7365,117.6568,0,0,0.004,0.001,0.243,0.672,0,0,980.9566,0.3732
2013,327,0.2,0,0,0,0,0,0,0,0.213,15.0028,13.7316,117.6694,0,0,0.004,0.001,0.24,0.662,0,0,966.9973,0.3679
2013,328,0.1,0,0,0,0,0,0,0,0.213,14.9839,13.727,117.682,0,0,0.005,0.001,0.236,0.65,0,0,950.1641,0.3615
2013,329,0.1,0,0,0,0,0,0,0,0.213,14.9653,13.7226,117.6948,0,0,0.006,0.001,0.231,0.637,0,0,931.5229,0.3544
2013,330,0.2,0,0,0,0,0,0,0,0.213,14.9466,13.7181,117.7075,0,0,0.007,0.002,0.227,0.624,0,0,912.5345,0.3472
2013,331,0,0,0,0,0,0,0,0,0.213,14.9281,13.7138,117.7203,0,0,0.008,0.002,0.222,0.609,0,0,892.0115,0.3394
2013,332,0.2,0,0,0,0,0,0,0,0.213,14.9082,13.7087,117.7328,0,0,0.009,0.002,0.218,0.597,0,0,875.3335,0.333
2013,333,2,0,0,0,0,0,0,0,0.213,14.8879,13.7034,117.7453,0,0,0.009,0.002,0.215,0.588,0,0,861.5027,0.3278
2013,334,2.6,0,0,0,0,0,0,0,0.213,14.8671,13.6978,117.7575,0,0,0.008,0.002,0.212,0.58,0,0,850.2064,0.3235
2013,335,0.5,0,0,0,0,0,0,0,0.213,14.845,13.6914,117.7695,0,0,0.008,0.002,0.21,0.574,0,0,841.272,0.3201
