year,j_day,manure_applied,manure_N_applied,manure_P_applied,fert_applied,fert_N_applied,fert_P_applied,fert_K_applied
,,kg,kg,kg,kg,kg,kg,kg
2009,244,0.0,0.0,0.0,0.0,0.0,0.0,0.0
2009,245,0.0,0.0,0.0,0.0,0.0,0.0,0.0
2009,246,10400.0,520.0,624.0,0.0,0.0,0.0,0.0
2009,247,0.0,0.0,0.0,0.0,0.0,0.0,0.0
2009,248,0.0,0.0,0.0,0.0,0.0,0.0,0.0
2009,249,0.0,0.0,0.0,0.0,0.0,0.0,0.0
2009,250,0.0,0.0,0.0,0.0,0.0,0.0,0.0
2009,251,0.0,0.0,0.0,0.0,0.0,0.0,0.0
2009,252,0.0,0.0,0.0,0.0,0.0,0.0,0.0
2009,253,0.0,0.0,0.0,0.0,0.0,0.0,0.0
2009,254,0.0,0.0,0.0,0.0,0.0,0.0,0.0
2009,255,0.0,0.0,0.0,0.0,0.0,0.0,0.0
2009,256,0.0,0.0,0.0,0.0,0.0,0.0,0.0
2009,257,0.0,0.0,0.0,0.0,0.0,0.0,0.0
2009,258,0.0,0.0,0.0,0.0,0.0,0.0,0.0
2009,259,0.0,0.0,0.0,0.0,0.0,0.0,0.0
2009,260,0.0,0.0,0.0,0.0,0.0,0.0,0.0
2009,261,0.0,0.0,0.0,0.0,0.0,0.0,0.0
2009,262,0.0,0.0,0.0,0.0,0.0,0.0,0.0
2009,263,0.0,0.0,0.0,0.0,0.0,0.0,0.0
2009,264,0.0,0.0,0.0,0.0,0.0,0.0,0.0
2009,265,0.0,0.0,0.0,0.0,0.0,0.0,0.0
2009,266,0.0,0.0,0.0,0.0,0.0,0.0,0.0
2009,267,0.0,0.0,0.0,0.0,0.0,0.0,0.0
2009,268,0.0,0.0,0.0,0.0,0.0,0.0,0.0
2009,269,0.0,0.0,0.0,0.0,0.0,0.0,0.0
2009,270,0.0,0.0,0.0,0.0,0.0,0.0,0.0
2009,271,0.0,0.0,0.0,0.0,0.0,0.0,0.0
2009,272,0.0,0.0,0.0,0.0,0.0,0.0,0.0
2009,273,0.0,0.0,0.0,0.0,0.0,0.0,0.0
2009,274,0.0,0.0,0.0,0.0,0.0,0.0,0.0
2009,275,0.0,0.0,0.0,0.0,0.0,0.0,0.0
2009,276,0.0,0.0,0.0,0.0,0.0,0.0,0.0
2009,277,0.0,0.0,0.0,0.0,0.0,0.0,0.0
2009,278,0.0,0.0,0.0,0.0,0.0,0.0,0.0
2009,279,0.0,0.0,0.0,0.0,0.0,0.0,0.0
2009,280,0.0,0.0,0.0,0.0,0.0,0.0,0.0
2009,281,0.0,0.0,0.0,0.0,0.0,0.0,0.0
2009,282,0.0,0.0,0.0,0.0,0.0,0.0,0.0
2009,283,0.0,0.0,0.0,0.0,0.0,0.0,0.0
2009,284,0.0,0.0,0.0,0.0,0.0,0.0,0.0
2009,285,0.0,0.0,0.0,0.0,0.0,0.0,0.0
2009,286,0.0,0.0,0.0,0.0,0.0,0.0,0.0
2009,287,0.0,0.0,0.0,0.0,0.0,0.0,0.0
2009,288,0.0,0.0,0.0,0.0,0.0,0.0,0.0
2009,289,0.0,0.0,0.0,0.0,0.0,0.0,0.0
2009,290,0.0,0.0,0.0,0.0,0.0,0.0,0.0
2009,291,0.0,0.0,0.0,0.0,0.0,0.0,0.0
2009,292,0.0,0.0,0.0,0.0,0.0,0.0,0.0
2009,293,0.0,0.0,0.0,0.0,0.0,0.0,0.0
2009,294,0.0,0.0,0.0,0.0,0.0,0.0,0.0
2009,295,0.0,0.0,0.0,0.0,0.0,0.0,0.0
2009,296,0.0,0.0,0.0,0.0,0.0,0.0,0.0
2009,297,0.0,0.0,0.0,0.0,0.0,0.0,0.0
2009,298,0.0,0.0,0.0,0.0,0.0,0.0,0.0
2009,299,0.0,0.0,0.0,0.0,0.0,0.0,0.0
2009,300,0.0,0.0,0.0,0.0,0.0,0.0,0.0
2009,301,0.0,0.0,0.0,0.0,0.0,0.0,0.0
2009,302,0.0,0.0,0.0,0.0,0.0,0.0,0.0
2009,303,0.0,0.0,0.0,0.0,0.0,0.0,0.0
2009,304,0.0,0.0,0.0,0.0,0.0,0.0,0.0
2009,305,0.0,0.0,0.0,0.0,0.0,0.0,0.0
2009,306,0.0,0.0,0.0,0.0,0.0,0.0,0.0
2009,307,0.0,0.0,0.0,0.0,0.0,0.0,0.0
2009,308,0.0,0.0,0.0,0.0,0.0,0.0,0.0
2009,309,0.0,0.0,0.0,0.0,0.0,0.0,0.0
2009,310,0.0,0.0,0.0,0.0,0.0,0.0,0.0
2009,311,0.0,0.0,0.0,0.0,0.0,0.0,0.0
2009,312,0.0,0.0,0.0,0.0,0.0,0.0,0.0
2009,313,0.0,0.0,0.0,0.0,0.0,0.0,0.0
2009,314,0.0,0.0,0.0,0.0,0.0,0.0,0.0
2009,315,0.0,0.0,0.0,0.0,0.0,0.0,0.0
2009,316,0.0,0.0,0.0,0.0,0.0,0.0,0.0
2009,317,0.0,0.0,0.0,0.0,0.0,0.0,0.0
2009,318,0.0,0.0,0.0,0.0,0.0,0.0,0.0
2009,319,0.0,0.0,0.0,0.0,0.0,0.0,0.0
2009,320,0.0,0.0,0.0,0.0,0.0,0.0,0.0
2009,321,0.0,0.0,0.0,0.0,0.0,0.0,0.0
2009,322,0.0,0.0,0.0,0.0,0.0,0.0,0.0
2009,323,0.0,0.0,0.0,0.0,0.0,0.0,0.0
2009,324,0.0,0.0,0.0,0.0,0.0,0.0,0.0
2009,325,0.0,0.0,0.0,0.0,0.0,0.0,0.0
2009,326,0.0,0.0,0.0,0.0,0.0,0.0,0.0
2009,327,0.0,0.0,0.0,0.0,0.0,0.0,0.0
2009,328,0.0,0.0,0.0,0.0,0.0,0.0,0.0
2009,329,0.0,0.0,0.0,0.0,0.0,0.0,0.0
2009,330,0.0,0.0,0.0,0.0,0.0,0.0,0.0
2009,331,0.0,0.0,0.0,0.0,0.0,0.0,0.0
2009,332,0.0,0.0,0.0,0.0,0.0,0.0,0.0
2009,333,0.0,0.0,0.0,0.0,0.0,0.0,0.0
2009,334,0.0,0.0,0.0,0.0,0.0,0.0,0.0
2009,335,0.0,0.0,0.0,0.0,0.0,0.0,0.0
2009,336,0.0,0.0,0.0,0.0,0.0,0.0,0.0
2009,337,0.0,0.0,0.0,0.0,0.0,0.0,0.0
2009,338,0.0,0.0,0.0,0.0,0.0,0.0,0.0
2009,339,0.0,0.0,0.0,0.0,0.0,0.0,0.0
2009,340,0.0,0.0,0.0,0.0,0.0,0.0,0.0
2009,341,0.0,0.0,0.0,0.0,0.0,0.0,0.0
2009,342,0.0,0.0,0.0,0.0,0.0,0.0,0.0
2009,343,0.0,0.0,0.0,0.0,0.0,0.0,0.0
2009,344,0.0,0.0,0.0,0.0,0.0,0.0,0.0
2009,345,0.0,0.0,0.0,0.0,0.0,0.0,0.0
2009,346,0.0,0.0,0.0,0.0,0.0,0.0,0.0
2009,347,0.0,0.0,0.0,0.0,0.0,0.0,0.0
2009,348,0.0,0.0,0.0,0.0,0.0,0.0,0.0
2009,349,0.0,0.0,0.0,0.0,0.0,0.0,0.0
2009,350,0.0,0.0,0.0,0.0,0.0,0.0,0.0
2009,351,0.0,0.0,0.0,0.0,0.0,0.0,0.0
2009,352,0.0,0.0,0.0,0.0,0.0,0.0,0.0
2009,353,0.0,0.0,0.0,0.0,0.0,0.0,0.0
2009,354,0.0,0.0,0.0,0.0,0.0,0.0,0.0
2009,355,0.0,0.0,0.0,0.0,0.0,0.0,0.0
2009,356,0.0,0.0,0.0,0.0,0.0,0.0,0.0
2009,357,0.0,0.0,0.0,0.0,0.0,0.0,0.0
2009,358,0.0,0.0,0.0,0.0,0.0,0.0,0.0
2009,359,0.0,0.0,0.0,0.0,0.0,0.0,0.0
2009,360,0.0,0.0,0.0,0.0,0.0,0.0,0.0
2009,361,0.0,0.0,0.0,0.0,0.0,0.0,0.0
2009,362,0.0,0.0,0.0,0.0,0.0,0.0,0.0
2009,363,0.0,0.0,0.0,0.0,0.0,0.0,0.0
2009,364,0.0,0.0,0.0,0.0,0.0,0.0,0.0
2009,365,0.0,0.0,0.0,0.0,0.0,0.0,0.0
2010,1,0.0,0.0,0.0,0.0,0.0,0.0,0.0
2010,2,0.0,0.0,0.0,0.0,0.0,0.0,0.0
2010,3,0.0,0.0,0.0,0.0,0.0,0.0,0.0
2010,4,0.0,0.0,0.0,0.0,0.0,0.0,0.0
2010,5,0.0,0.0,0.0,0.0,0.0,0.0,0.0
2010,6,0.0,0.0,0.0,0.0,0.0,0.0,0.0
2010,7,0.0,0.0,0.0,0.0,0.0,0.0,0.0
2010,8,0.0,0.0,0.0,0.0,0.0,0.0,0.0
2010,9,0.0,0.0,0.0,0.0,0.0,0.0,0.0
2010,10,0.0,0.0,0.0,0.0,0.0,0.0,0.0
2010,11,0.0,0.0,0.0,0.0,0.0,0.0,0.0
2010,12,0.0,0.0,0.0,0.0,0.0,0.0,0.0
2010,13,0.0,0.0,0.0,0.0,0.0,0.0,0.0
2010,14,0.0,0.0,0.0,0.0,0.0,0.0,0.0
2010,15,0.0,0.0,0.0,0.0,0.0,0.0,0.0
2010,16,0.0,0.0,0.0,0.0,0.0,0.0,0.0
2010,17,0.0,0.0,0.0,0.0,0.0,0.0,0.0
2010,18,0.0,0.0,0.0,0.0,0.0,0.0,0.0
2010,19,0.0,0.0,0.0,0.0,0.0,0.0,0.0
2010,20,0.0,0.0,0.0,0.0,0.0,0.0,0.0
2010,21,0.0,0.0,0.0,0.0,0.0,0.0,0.0
2010,22,0.0,0.0,0.0,0.0,0.0,0.0,0.0
2010,23,0.0,0.0,0.0,0.0,0.0,0.0,0.0
2010,24,0.0,0.0,0.0,0.0,0.0,0.0,0.0
2010,25,0.0,0.0,0.0,0.0,0.0,0.0,0.0
2010,26,0.0,0.0,0.0,0.0,0.0,0.0,0.0
2010,27,0.0,0.0,0.0,0.0,0.0,0.0,0.0
2010,28,0.0,0.0,0.0,0.0,0.0,0.0,0.0
2010,29,0.0,0.0,0.0,0.0,0.0,0.0,0.0
2010,30,0.0,0.0,0.0,0.0,0.0,0.0,0.0
2010,31,0.0,0.0,0.0,0.0,0.0,0.0,0.0
2010,32,0.0,0.0,0.0,0.0,0.0,0.0,0.0
2010,33,0.0,0.0,0.0,0.0,0.0,0.0,0.0
2010,34,0.0,0.0,0.0,0.0,0.0,0.0,0.0
2010,35,0.0,0.0,0.0,0.0,0.0,0.0,0.0
2010,36,0.0,0.0,0.0,0.0,0.0,0.0,0.0
2010,37,0.0,0.0,0.0,0.0,0.0,0.0,0.0
2010,38,0.0,0.0,0.0,0.0,0.0,0.0,0.0
2010,39,0.0,0.0,0.0,0.0,0.0,0.0,0.0
2010,40,0.0,0.0,0.0,0.0,0.0,0.0,0.0
2010,41,0.0,0.0,0.0,0.0,0.0,0.0,0.0
2010,42,0.0,0.0,0.0,0.0,0.0,0.0,0.0
2010,43,0.0,0.0,0.0,0.0,0.0,0.0,0.0
2010,44,0.0,0.0,0.0,0.0,0.0,0.0,0.0
2010,45,0.0,0.0,0.0,0.0,0.0,0.0,0.0
2010,46,0.0,0.0,0.0,0.0,0.0,0.0,0.0
2010,47,0.0,0.0,0.0,0.0,0.0,0.0,0.0
2010,48,0.0,0.0,0.0,0.0,0.0,0.0,0.0
2010,49,0.0,0.0,0.0,0.0,0.0,0.0,0.0
2010,50,0.0,0.0,0.0,0.0,0.0,0.0,0.0
2010,51,0.0,0.0,0.0,0.0,0.0,0.0,0.0
2010,52,0.0,0.0,0.0,0.0,0.0,0.0,0.0
2010,53,0.0,0.0,0.0,0.0,0.0,0.0,0.0
2010,54,0.0,0.0,0.0,0.0,0.0,0.0,0.0
2010,55,0.0,0.0,0.0,0.0,0.0,0.0,0.0
2010,56,0.0,0.0,0.0,0.0,0.0,0.0,0.0
2010,57,0.0,0.0,0.0,0.0,0.0,0.0,0.0
2010,58,0.0,0.0,0.0,0.0,0.0,0.0,0.0
2010,59,0.0,0.0,0.0,0.0,0.0,0.0,0.0
2010,60,0.0,0.0,0.0,0.0,0.0,0.0,0.0
2010,61,0.0,0.0,0.0,0.0,0.0,0.0,0.0
2010,62,0.0,0.0,0.0,0.0,0.0,0.0,0.0
2010,63,0.0,0.0,0.0,0.0,0.0,0.0,0.0
2010,64,0.0,0.0,0.0,0.0,0.0,0.0,0.0
2010,65,0.0,0.0,0.0,0.0,0.0,0.0,0.0
2010,66,0.0,0.0,0.0,0.0,0.0,0.0,0.0
2010,67,0.0,0.0,0.0,0.0,0.0,0.0,0.0
2010,68,0.0,0.0,0.0,0.0,0.0,0.0,0.0
2010,69,0.0,0.0,0.0,0.0,0.0,0.0,0.0
2010,70,0.0,0.0,0.0,0.0,0.0,0.0,0.0
2010,71,0.0,0.0,0.0,0.0,0.0,0.0,0.0
2010,72,0.0,0.0,0.0,0.0,0.0,0.0,0.0
2010,73,0.0,0.0,0.0,0.0,0.0,0.0,0.0
2010,74,0.0,0.0,0.0,0.0,0.0,0.0,0.0
2010,75,0.0,0.0,0.0,0.0,0.0,0.0,0.0
2010,76,0.0,0.0,0.0,0.0,0.0,0.0,0.0
2010,77,0.0,0.0,0.0,0.0,0.0,0.0,0.0
2010,78,0.0,0.0,0.0,0.0,0.0,0.0,0.0
2010,79,0.0,0.0,0.0,0.0,0.0,0.0,0.0
2010,80,0.0,0.0,0.0,0.0,0.0,0.0,0.0
2010,81,0.0,0.0,0.0,0.0,0.0,0.0,0.0
2010,82,0.0,0.0,0.0,0.0,0.0,0.0,0.0
2010,83,0.0,0.0,0.0,0.0,0.0,0.0,0.0
2010,84,0.0,0.0,0.0,0.0,0.0,0.0,0.0
2010,85,0.0,0.0,0.0,0.0,0.0,0.0,0.0
2010,86,0.0,0.0,0.0,0.0,0.0,0.0,0.0
2010,87,0.0,0.0,0.0,0.0,0.0,0.0,0.0
2010,88,0.0,0.0,0.0,0.0,0.0,0.0,0.0
2010,89,0.0,0.0,0.0,0.0,0.0,0.0,0.0
2010,90,0.0,0.0,0.0,0.0,0.0,0.0,0.0
2010,91,0.0,0.0,0.0,0.0,0.0,0.0,0.0
2010,92,0.0,0.0,0.0,0.0,0.0,0.0,0.0
2010,93,0.0,0.0,0.0,0.0,0.0,0.0,0.0
2010,94,0.0,0.0,0.0,0.0,0.0,0.0,0.0
2010,95,0.0,0.0,0.0,0.0,0.0,0.0,0.0
2010,96,0.0,0.0,0.0,0.0,0.0,0.0,0.0
2010,97,0.0,0.0,0.0,0.0,0.0,0.0,0.0
2010,98,0.0,0.0,0.0,0.0,0.0,0.0,0.0
2010,99,0.0,0.0,0.0,0.0,0.0,0.0,0.0
2010,100,0.0,0.0,0.0,0.0,0.0,0.0,0.0
2010,101,0.0,0.0,0.0,0.0,0.0,0.0,0.0
2010,102,0.0,0.0,0.0,0.0,0.0,0.0,0.0
2010,103,0.0,0.0,0.0,0.0,0.0,0.0,0.0
2010,104,0.0,0.0,0.0,0.0,0.0,0.0,0.0
2010,105,0.0,0.0,0.0,0.0,0.0,0.0,0.0
2010,106,0.0,0.0,0.0,0.0,0.0,0.0,0.0
2010,107,0.0,0.0,0.0,0.0,0.0,0.0,0.0
2010,108,0.0,0.0,0.0,0.0,0.0,0.0,0.0
2010,109,0.0,0.0,0.0,0.0,0.0,0.0,0.0
2010,110,0.0,0.0,0.0,0.0,0.0,0.0,0.0
2010,111,0.0,0.0,0.0,0.0,0.0,0.0,0.0
2010,112,0.0,0.0,0.0,0.0,0.0,0.0,0.0
2010,113,0.0,0.0,0.0,0.0,0.0,0.0,0.0
2010,114,0.0,0.0,0.0,0.0,0.0,0.0,0.0
2010,115,0.0,0.0,0.0,0.0,0.0,0.0,0.0
2010,116,0.0,0.0,0.0,0.0,0.0,0.0,0.0
2010,117,0.0,0.0,0.0,0.0,0.0,0.0,0.0
2010,118,0.0,0.0,0.0,0.0,0.0,0.0,0.0
2010,119,0.0,0.0,0.0,0.0,0.0,0.0,0.0
2010,120,0.0,0.0,0.0,0.0,0.0,0.0,0.0
2010,121,0.0,0.0,0.0,0.0,0.0,0.0,0.0
2010,122,0.0,0.0,0.0,0.0,0.0,0.0,0.0
2010,123,0.0,0.0,0.0,0.0,0.0,0.0,0.0
2010,124,0.0,0.0,0.0,0.0,0.0,0.0,0.0
2010,125,0.0,0.0,0.0,0.0,0.0,0.0,0.0
2010,126,0.0,0.0,0.0,0.0,0.0,0.0,0.0
2010,127,0.0,0.0,0.0,0.0,0.0,0.0,0.0
2010,128,0.0,0.0,0.0,0.0,0.0,0.0,0.0
2010,129,0.0,0.0,0.0,0.0,0.0,0.0,0.0
2010,130,0.0,0.0,0.0,0.0,0.0,0.0,0.0
2010,131,0.0,0.0,0.0,0.0,0.0,0.0,0.0
2010,132,0.0,0.0,0.0,0.0,0.0,0.0,0.0
2010,133,0.0,0.0,0.0,0.0,0.0,0.0,0.0
2010,134,0.0,0.0,0.0,0.0,0.0,0.0,0.0
2010,135,0.0,0.0,0.0,0.0,0.0,0.0,0.0
2010,136,0.0,0.0,0.0,0.0,0.0,0.0,0.0
2010,137,0.0,0.0,0.0,0.0,0.0,0.0,0.0
2010,138,0.0,0.0,0.0,0.0,0.0,0.0,0.0
2010,139,0.0,0.0,0.0,0.0,0.0,0.0,0.0
2010,140,0.0,0.0,0.0,0.0,0.0,0.0,0.0
2010,141,0.0,0.0,0.0,0.0,0.0,0.0,0.0
2010,142,0.0,0.0,0.0,0.0,0.0,0.0,0.0
2010,143,0.0,0.0,0.0,0.0,0.0,0.0,0.0
2010,144,0.0,0.0,0.0,0.0,0.0,0.0,0.0
2010,145,0.0,0.0,0.0,0.0,0.0,0.0,0.0
2010,146,0.0,0.0,0.0,0.0,0.0,0.0,0.0
2010,147,0.0,0.0,0.0,0.0,0.0,0.0,0.0
2010,148,0.0,0.0,0.0,0.0,0.0,0.0,0.0
2010,149,0.0,0.0,0.0,0.0,0.0,0.0,0.0
2010,150,0.0,0.0,0.0,0.0,0.0,0.0,0.0
2010,151,0.0,0.0,0.0,0.0,0.0,0.0,0.0
2010,152,0.0,0.0,0.0,0.0,0.0,0.0,0.0
2010,153,0.0,0.0,0.0,0.0,0.0,0.0,0.0
2010,154,0.0,0.0,0.0,0.0,0.0,0.0,0.0
2010,155,0.0,0.0,0.0,0.0,0.0,0.0,0.0
2010,156,0.0,0.0,0.0,0.0,0.0,0.0,0.0
2010,157,0.0,0.0,0.0,0.0,0.0,0.0,0.0
2010,158,0.0,0.0,0.0,0.0,0.0,0.0,0.0
2010,159,0.0,0.0,0.0,0.0,0.0,0.0,0.0
2010,160,0.0,0.0,0.0,0.0,0.0,0.0,0.0
2010,161,0.0,0.0,0.0,0.0,0.0,0.0,0.0
2010,162,0.0,0.0,0.0,0.0,0.0,0.0,0.0
2010,163,0.0,0.0,0.0,0.0,0.0,0.0,0.0
2010,164,0.0,0.0,0.0,0.0,0.0,0.0,0.0
2010,165,0.0,0.0,0.0,0.0,0.0,0.0,0.0
2010,166,0.0,0.0,0.0,0.0,0.0,0.0,0.0
2010,167,0.0,0.0,0.0,0.0,0.0,0.0,0.0
2010,168,0.0,0.0,0.0,0.0,0.0,0.0,0.0
2010,169,0.0,0.0,0.0,0.0,0.0,0.0,0.0
2010,170,0.0,0.0,0.0,0.0,0.0,0.0,0.0
2010,171,0.0,0.0,0.0,0.0,0.0,0.0,0.0
2010,172,0.0,0.0,0.0,0.0,0.0,0.0,0.0
2010,173,0.0,0.0,0.0,0.0,0.0,0.0,0.0
2010,174,0.0,0.0,0.0,0.0,0.0,0.0,0.0
2010,175,0.0,0.0,0.0,0.0,0.0,0.0,0.0
2010,176,0.0,0.0,0.0,0.0,0.0,0.0,0.0
2010,177,0.0,0.0,0.0,0.0,0.0,0.0,0.0
2010,178,0.0,0.0,0.0,0.0,0.0,0.0,0.0
2010,179,0.0,0.0,0.0,0.0,0.0,0.0,0.0
2010,180,0.0,0.0,0.0,0.0,0.0,0.0,0.0
2010,181,0.0,0.0,0.0,0.0,0.0,0.0,0.0
2010,182,0.0,0.0,0.0,0.0,0.0,0.0,0.0
2010,183,0.0,0.0,0.0,0.0,0.0,0.0,0.0
2010,184,0.0,0.0,0.0,0.0,0.0,0.0,0.0
2010,185,0.0,0.0,0.0,0.0,0.0,0.0,0.0
2010,186,0.0,0.0,0.0,0.0,0.0,0.0,0.0
2010,187,0.0,0.0,0.0,0.0,0.0,0.0,0.0
2010,188,0.0,0.0,0.0,0.0,0.0,0.0,0.0
2010,189,0.0,0.0,0.0,0.0,0.0,0.0,0.0
2010,190,0.0,0.0,0.0,0.0,0.0,0.0,0.0
2010,191,0.0,0.0,0.0,0.0,0.0,0.0,0.0
2010,192,0.0,0.0,0.0,0.0,0.0,0.0,0.0
2010,193,0.0,0.0,0.0,0.0,0.0,0.0,0.0
2010,194,0.0,0.0,0.0,0.0,0.0,0.0,0.0
2010,195,0.0,0.0,0.0,0.0,0.0,0.0,0.0
2010,196,0.0,0.0,0.0,0.0,0.0,0.0,0.0
2010,197,0.0,0.0,0.0,0.0,0.0,0.0,0.0
2010,198,0.0,0.0,0.0,0.0,0.0,0.0,0.0
2010,199,0.0,0.0,0.0,0.0,0.0,0.0,0.0
2010,200,0.0,0.0,0.0,0.0,0.0,0.0,0.0
2010,201,0.0,0.0,0.0,0.0,0.0,0.0,0.0
2010,202,0.0,0.0,0.0,0.0,0.0,0.0,0.0
2010,203,0.0,0.0,0.0,0.0,0.0,0.0,0.0
2010,204,0.0,0.0,0.0,0.0,0.0,0.0,0.0
2010,205,0.0,0.0,0.0,0.0,0.0,0.0,0.0
2010,206,0.0,0.0,0.0,0.0,0.0,0.0,0.0
2010,207,0.0,0.0,0.0,0.0,0.0,0.0,0.0
2010,208,0.0,0.0,0.0,0.0,0.0,0.0,0.0
2010,209,0.0,0.0,0.0,0.0,0.0,0.0,0.0
2010,210,0.0,0.0,0.0,0.0,0.0,0.0,0.0
2010,211,0.0,0.0,0.0,0.0,0.0,0.0,0.0
2010,212,0.0,0.0,0.0,0.0,0.0,0.0,0.0
2010,213,0.0,0.0,0.0,0.0,0.0,0.0,0.0
2010,214,0.0,0.0,0.0,0.0,0.0,0.0,0.0
2010,215,0.0,0.0,0.0,0.0,0.0,0.0,0.0
2010,216,0.0,0.0,0.0,0.0,0.0,0.0,0.0
2010,217,0.0,0.0,0.0,0.0,0.0,0.0,0.0
2010,218,0.0,0.0,0.0,0.0,0.0,0.0,0.0
2010,219,0.0,0.0,0.0,0.0,0.0,0.0,0.0
2010,220,0.0,0.0,0.0,0.0,0.0,0.0,0.0
2010,221,0.0,0.0,0.0,0.0,0.0,0.0,0.0
2010,222,0.0,0.0,0.0,0.0,0.0,0.0,0.0
2010,223,0.0,0.0,0.0,0.0,0.0,0.0,0.0
2010,224,0.0,0.0,0.0,0.0,0.0,0.0,0.0
2010,225,0.0,0.0,0.0,0.0,0.0,0.0,0.0
2010,226,0.0,0.0,0.0,0.0,0.0,0.0,0.0
2010,227,0.0,0.0,0.0,0.0,0.0,0.0,0.0
2010,228,0.0,0.0,0.0,0.0,0.0,0.0,0.0
2010,229,0.0,0.0,0.0,0.0,0.0,0.0,0.0
2010,230,0.0,0.0,0.0,0.0,0.0,0.0,0.0
2010,231,0.0,0.0,0.0,0.0,0.0,0.0,0.0
2010,232,0.0,0.0,0.0,0.0,0.0,0.0,0.0
2010,233,0.0,0.0,0.0,0.0,0.0,0.0,0.0
2010,234,0.0,0.0,0.0,0.0,0.0,0.0,0.0
2010,235,0.0,0.0,0.0,0.0,0.0,0.0,0.0
2010,236,0.0,0.0,0.0,0.0,0.0,0.0,0.0
2010,237,0.0,0.0,0.0,0.0,0.0,0.0,0.0
2010,238,0.0,0.0,0.0,0.0,0.0,0.0,0.0
2010,239,0.0,0.0,0.0,0.0,0.0,0.0,0.0
2010,240,0.0,0.0,0.0,0.0,0.0,0.0,0.0
2010,241,0.0,0.0,0.0,0.0,0.0,0.0,0.0
2010,242,0.0,0.0,0.0,0.0,0.0,0.0,0.0
2010,243,0.0,0.0,0.0,0.0,0.0,0.0,0.0
2010,244,0.0,0.0,0.0,0.0,0.0,0.0,0.0
2010,245,0.0,0.0,0.0,0.0,0.0,0.0,0.0
2010,246,0.0,0.0,0.0,0.0,0.0,0.0,0.0
2010,247,0.0,0.0,0.0,0.0,0.0,0.0,0.0
2010,248,0.0,0.0,0.0,0.0,0.0,0.0,0.0
2010,249,0.0,0.0,0.0,0.0,0.0,0.0,0.0
2010,250,0.0,0.0,0.0,0.0,0.0,0.0,0.0
2010,251,0.0,0.0,0.0,0.0,0.0,0.0,0.0
2010,252,0.0,0.0,0.0,0.0,0.0,0.0,0.0
2010,253,0.0,0.0,0.0,0.0,0.0,0.0,0.0
2010,254,0.0,0.0,0.0,0.0,0.0,0.0,0.0
2010,255,0.0,0.0,0.0,0.0,0.0,0.0,0.0
2010,256,0.0,0.0,0.0,0.0,0.0,0.0,0.0
2010,257,0.0,0.0,0.0,0.0,0.0,0.0,0.0
2010,258,0.0,0.0,0.0,0.0,0.0,0.0,0.0
2010,259,0.0,0.0,0.0,0.0,0.0,0.0,0.0
2010,260,0.0,0.0,0.0,0.0,0.0,0.0,0.0
2010,261,0.0,0.0,0.0,0.0,0.0,0.0,0.0
2010,262,0.0,0.0,0.0,0.0,0.0,0.0,0.0
2010,263,0.0,0.0,0.0,0.0,0.0,0.0,0.0
2010,264,0.0,0.0,0.0,0.0,0.0,0.0,0.0
2010,265,0.0,0.0,0.0,0.0,0.0,0.0,0.0
2010,266,0.0,0.0,0.0,0.0,0.0,0.0,0.0
2010,267,0.0,0.0,0.0,0.0,0.0,0.0,0.0
2010,268,0.0,0.0,0.0,0.0,0.0,0.0,0.0
2010,269,0.0,0.0,0.0,0.0,0.0,0.0,0.0
2010,270,0.0,0.0,0.0,0.0,0.0,0.0,0.0
2010,271,0.0,0.0,0.0,0.0,0.0,0.0,0.0
2010,272,0.0,0.0,0.0,0.0,0.0,0.0,0.0
2010,273,0.0,0.0,0.0,0.0,0.0,0.0,0.0
2010,274,0.0,0.0,0.0,0.0,0.0,0.0,0.0
2010,275,0.0,0.0,0.0,0.0,0.0,0.0,0.0
2010,276,0.0,0.0,0.0,0.0,0.0,0.0,0.0
2010,277,0.0,0.0,0.0,0.0,0.0,0.0,0.0
2010,278,0.0,0.0,0.0,0.0,0.0,0.0,0.0
2010,279,0.0,0.0,0.0,0.0,0.0,0.0,0.0
2010,280,0.0,0.0,0.0,0.0,0.0,0.0,0.0
2010,281,0.0,0.0,0.0,0.0,0.0,0.0,0.0
2010,282,0.0,0.0,0.0,0.0,0.0,0.0,0.0
2010,283,0.0,0.0,0.0,0.0,0.0,0.0,0.0
2010,284,0.0,0.0,0.0,0.0,0.0,0.0,0.0
2010,285,0.0,0.0,0.0,0.0,0.0,0.0,0.0
2010,286,0.0,0.0,0.0,0.0,0.0,0.0,0.0
2010,287,0.0,0.0,0.0,0.0,0.0,0.0,0.0
2010,288,0.0,0.0,0.0,0.0,0.0,0.0,0.0
2010,289,0.0,0.0,0.0,0.0,0.0,0.0,0.0
2010,290,0.0,0.0,0.0,0.0,0.0,0.0,0.0
2010,291,0.0,0.0,0.0,0.0,0.0,0.0,0.0
2010,292,0.0,0.0,0.0,0.0,0.0,0.0,0.0
2010,293,0.0,0.0,0.0,0.0,0.0,0.0,0.0
2010,294,0.0,0.0,0.0,0.0,0.0,0.0,0.0
2010,295,0.0,0.0,0.0,0.0,0.0,0.0,0.0
2010,296,0.0,0.0,0.0,0.0,0.0,0.0,0.0
2010,297,0.0,0.0,0.0,0.0,0.0,0.0,0.0
2010,298,0.0,0.0,0.0,0.0,0.0,0.0,0.0
2010,299,0.0,0.0,0.0,0.0,0.0,0.0,0.0
2010,300,0.0,0.0,0.0,0.0,0.0,0.0,0.0
2010,301,0.0,0.0,0.0,0.0,0.0,0.0,0.0
2010,302,0.0,0.0,0.0,0.0,0.0,0.0,0.0
2010,303,0.0,0.0,0.0,0.0,0.0,0.0,0.0
2010,304,0.0,0.0,0.0,0.0,0.0,0.0,0.0
2010,305,0.0,0.0,0.0,0.0,0.0,0.0,0.0
2010,306,0.0,0.0,0.0,0.0,0.0,0.0,0.0
2010,307,0.0,0.0,0.0,0.0,0.0,0.0,0.0
2010,308,0.0,0.0,0.0,0.0,0.0,0.0,0.0
2010,309,0.0,0.0,0.0,0.0,0.0,0.0,0.0
2010,310,0.0,0.0,0.0,0.0,0.0,0.0,0.0
2010,311,0.0,0.0,0.0,0.0,0.0,0.0,0.0
2010,312,0.0,0.0,0.0,0.0,0.0,0.0,0.0
2010,313,0.0,0.0,0.0,0.0,0.0,0.0,0.0
2010,314,0.0,0.0,0.0,0.0,0.0,0.0,0.0
2010,315,0.0,0.0,0.0,0.0,0.0,0.0,0.0
2010,316,0.0,0.0,0.0,0.0,0.0,0.0,0.0
2010,317,0.0,0.0,0.0,0.0,0.0,0.0,0.0
2010,318,0.0,0.0,0.0,0.0,0.0,0.0,0.0
2010,319,0.0,0.0,0.0,0.0,0.0,0.0,0.0
2010,320,0.0,0.0,0.0,0.0,0.0,0.0,0.0
2010,321,0.0,0.0,0.0,0.0,0.0,0.0,0.0
2010,322,0.0,0.0,0.0,0.0,0.0,0.0,0.0
2010,323,0.0,0.0,0.0,0.0,0.0,0.0,0.0
2010,324,0.0,0.0,0.0,0.0,0.0,0.0,0.0
2010,325,0.0,0.0,0.0,0.0,0.0,0.0,0.0
2010,326,0.0,0.0,0.0,0.0,0.0,0.0,0.0
2010,327,0.0,0.0,0.0,0.0,0.0,0.0,0.0
2010,328,0.0,0.0,0.0,0.0,0.0,0.0,0.0
2010,329,0.0,0.0,0.0,0.0,0.0,0.0,0.0
2010,330,0.0,0.0,0.0,0.0,0.0,0.0,0.0
2010,331,0.0,0.0,0.0,0.0,0.0,0.0,0.0
2010,332,0.0,0.0,0.0,0.0,0.0,0.0,0.0
2010,333,0.0,0.0,0.0,0.0,0.0,0.0,0.0
2010,334,0.0,0.0,0.0,0.0,0.0,0.0,0.0
2010,335,0.0,0.0,0.0,0.0,0.0,0.0,0.0
2010,336,0.0,0.0,0.0,0.0,0.0,0.0,0.0
2010,337,0.0,0.0,0.0,0.0,0.0,0.0,0.0
2010,338,0.0,0.0,0.0,0.0,0.0,0.0,0.0
2010,339,0.0,0.0,0.0,0.0,0.0,0.0,0.0
2010,340,0.0,0.0,0.0,0.0,0.0,0.0,0.0
2010,341,0.0,0.0,0.0,0.0,0.0,0.0,0.0
2010,342,0.0,0.0,0.0,0.0,0.0,0.0,0.0
2010,343,0.0,0.0,0.0,0.0,0.0,0.0,0.0
2010,344,0.0,0.0,0.0,0.0,0.0,0.0,0.0
2010,345,0.0,0.0,0.0,0.0,0.0,0.0,0.0
2010,346,0.0,0.0,0.0,0.0,0.0,0.0,0.0
2010,347,0.0,0.0,0.0,0.0,0.0,0.0,0.0
2010,348,0.0,0.0,0.0,0.0,0.0,0.0,0.0
2010,349,0.0,0.0,0.0,0.0,0.0,0.0,0.0
2010,350,0.0,0.0,0.0,0.0,0.0,0.0,0.0
2010,351,0.0,0.0,0.0,0.0,0.0,0.0,0.0
2010,352,0.0,0.0,0.0,0.0,0.0,0.0,0.0
2010,353,0.0,0.0,0.0,0.0,0.0,0.0,0.0
2010,354,0.0,0.0,0.0,0.0,0.0,0.0,0.0
2010,355,0.0,0.0,0.0,0.0,0.0,0.0,0.0
2010,356,0.0,0.0,0.0,0.0,0.0,0.0,0.0
2010,357,0.0,0.0,0.0,0.0,0.0,0.0,0.0
2010,358,0.0,0.0,0.0,0.0,0.0,0.0,0.0
2010,359,0.0,0.0,0.0,0.0,0.0,0.0,0.0
2010,360,0.0,0.0,0.0,0.0,0.0,0.0,0.0
2010,361,0.0,0.0,0.0,0.0,0.0,0.0,0.0
2010,362,0.0,0.0,0.0,0.0,0.0,0.0,0.0
2010,363,0.0,0.0,0.0,0.0,0.0,0.0,0.0
2010,364,0.0,0.0,0.0,0.0,0.0,0.0,0.0
2010,365,0.0,0.0,0.0,0.0,0.0,0.0,0.0
2011,1,0.0,0.0,0.0,0.0,0.0,0.0,0.0
2011,2,0.0,0.0,0.0,0.0,0.0,0.0,0.0
2011,3,10400.0,520.0,624.0,0.0,0.0,0.0,0.0
2011,4,0.0,0.0,0.0,0.0,0.0,0.0,0.0
2011,5,0.0,0.0,0.0,0.0,0.0,0.0,0.0
2011,6,0.0,0.0,0.0,0.0,0.0,0.0,0.0
2011,7,0.0,0.0,0.0,0.0,0.0,0.0,0.0
2011,8,0.0,0.0,0.0,0.0,0.0,0.0,0.0
2011,9,0.0,0.0,0.0,0.0,0.0,0.0,0.0
2011,10,0.0,0.0,0.0,0.0,0.0,0.0,0.0
2011,11,0.0,0.0,0.0,0.0,0.0,0.0,0.0
2011,12,0.0,0.0,0.0,0.0,0.0,0.0,0.0
2011,13,0.0,0.0,0.0,0.0,0.0,0.0,0.0
2011,14,0.0,0.0,0.0,0.0,0.0,0.0,0.0
2011,15,0.0,0.0,0.0,0.0,0.0,0.0,0.0
2011,16,0.0,0.0,0.0,0.0,0.0,0.0,0.0
2011,17,0.0,0.0,0.0,0.0,0.0,0.0,0.0
2011,18,0.0,0.0,0.0,0.0,0.0,0.0,0.0
2011,19,0.0,0.0,0.0,0.0,0.0,0.0,0.0
2011,20,0.0,0.0,0.0,0.0,0.0,0.0,0.0
2011,21,0.0,0.0,0.0,0.0,0.0,0.0,0.0
2011,22,0.0,0.0,0.0,0.0,0.0,0.0,0.0
2011,23,0.0,0.0,0.0,0.0,0.0,0.0,0.0
2011,24,0.0,0.0,0.0,0.0,0.0,0.0,0.0
2011,25,0.0,0.0,0.0,0.0,0.0,0.0,0.0
2011,26,0.0,0.0,0.0,0.0,0.0,0.0,0.0
2011,27,0.0,0.0,0.0,0.0,0.0,0.0,0.0
2011,28,0.0,0.0,0.0,0.0,0.0,0.0,0.0
2011,29,0.0,0.0,0.0,0.0,0.0,0.0,0.0
2011,30,0.0,0.0,0.0,0.0,0.0,0.0,0.0
2011,31,0.0,0.0,0.0,0.0,0.0,0.0,0.0
2011,32,0.0,0.0,0.0,0.0,0.0,0.0,0.0
2011,33,0.0,0.0,0.0,0.0,0.0,0.0,0.0
2011,34,0.0,0.0,0.0,0.0,0.0,0.0,0.0
2011,35,0.0,0.0,0.0,0.0,0.0,0.0,0.0
2011,36,0.0,0.0,0.0,0.0,0.0,0.0,0.0
2011,37,0.0,0.0,0.0,0.0,0.0,0.0,0.0
2011,38,0.0,0.0,0.0,0.0,0.0,0.0,0.0
2011,39,0.0,0.0,0.0,0.0,0.0,0.0,0.0
2011,40,0.0,0.0,0.0,0.0,0.0,0.0,0.0
2011,41,0.0,0.0,0.0,0.0,0.0,0.0,0.0
2011,42,0.0,0.0,0.0,0.0,0.0,0.0,0.0
2011,43,0.0,0.0,0.0,0.0,0.0,0.0,0.0
2011,44,0.0,0.0,0.0,0.0,0.0,0.0,0.0
2011,45,0.0,0.0,0.0,0.0,0.0,0.0,0.0
2011,46,0.0,0.0,0.0,0.0,0.0,0.0,0.0
2011,47,0.0,0.0,0.0,0.0,0.0,0.0,0.0
2011,48,0.0,0.0,0.0,0.0,0.0,0.0,0.0
2011,49,0.0,0.0,0.0,0.0,0.0,0.0,0.0
2011,50,0.0,0.0,0.0,0.0,0.0,0.0,0.0
2011,51,0.0,0.0,0.0,0.0,0.0,0.0,0.0
2011,52,0.0,0.0,0.0,0.0,0.0,0.0,0.0
2011,53,0.0,0.0,0.0,0.0,0.0,0.0,0.0
2011,54,0.0,0.0,0.0,0.0,0.0,0.0,0.0
2011,55,0.0,0.0,0.0,0.0,0.0,0.0,0.0
2011,56,0.0,0.0,0.0,0.0,0.0,0.0,0.0
2011,57,0.0,0.0,0.0,0.0,0.0,0.0,0.0
2011,58,0.0,0.0,0.0,0.0,0.0,0.0,0.0
2011,59,0.0,0.0,0.0,0.0,0.0,0.0,0.0
2011,60,0.0,0.0,0.0,0.0,0.0,0.0,0.0
2011,61,0.0,0.0,0.0,0.0,0.0,0.0,0.0
2011,62,0.0,0.0,0.0,0.0,0.0,0.0,0.0
2011,63,0.0,0.0,0.0,0.0,0.0,0.0,0.0
2011,64,0.0,0.0,0.0,0.0,0.0,0.0,0.0
2011,65,0.0,0.0,0.0,0.0,0.0,0.0,0.0
2011,66,0.0,0.0,0.0,0.0,0.0,0.0,0.0
2011,67,0.0,0.0,0.0,0.0,0.0,0.0,0.0
2011,68,0.0,0.0,0.0,0.0,0.0,0.0,0.0
2011,69,0.0,0.0,0.0,0.0,0.0,0.0,0.0
2011,70,0.0,0.0,0.0,0.0,0.0,0.0,0.0
2011,71,0.0,0.0,0.0,0.0,0.0,0.0,0.0
2011,72,0.0,0.0,0.0,0.0,0.0,0.0,0.0
2011,73,0.0,0.0,0.0,0.0,0.0,0.0,0.0
2011,74,0.0,0.0,0.0,0.0,0.0,0.0,0.0
2011,75,0.0,0.0,0.0,0.0,0.0,0.0,0.0
2011,76,0.0,0.0,0.0,0.0,0.0,0.0,0.0
2011,77,0.0,0.0,0.0,0.0,0.0,0.0,0.0
2011,78,0.0,0.0,0.0,0.0,0.0,0.0,0.0
2011,79,0.0,0.0,0.0,0.0,0.0,0.0,0.0
2011,80,0.0,0.0,0.0,0.0,0.0,0.0,0.0
2011,81,0.0,0.0,0.0,0.0,0.0,0.0,0.0
2011,82,0.0,0.0,0.0,0.0,0.0,0.0,0.0
2011,83,0.0,0.0,0.0,0.0,0.0,0.0,0.0
2011,84,0.0,0.0,0.0,0.0,0.0,0.0,0.0
2011,85,0.0,0.0,0.0,0.0,0.0,0.0,0.0
2011,86,0.0,0.0,0.0,0.0,0.0,0.0,0.0
2011,87,0.0,0.0,0.0,0.0,0.0,0.0,0.0
2011,88,0.0,0.0,0.0,0.0,0.0,0.0,0.0
2011,89,0.0,0.0,0.0,0.0,0.0,0.0,0.0
2011,90,0.0,0.0,0.0,0.0,0.0,0.0,0.0
2011,91,0.0,0.0,0.0,0.0,0.0,0.0,0.0
2011,92,0.0,0.0,0.0,0.0,0.0,0.0,0.0
2011,93,0.0,0.0,0.0,0.0,0.0,0.0,0.0
2011,94,0.0,0.0,0.0,0.0,0.0,0.0,0.0
2011,95,0.0,0.0,0.0,0.0,0.0,0.0,0.0
2011,96,0.0,0.0,0.0,0.0,0.0,0.0,0.0
2011,97,0.0,0.0,0.0,0.0,0.0,0.0,0.0
2011,98,0.0,0.0,0.0,0.0,0.0,0.0,0.0
2011,99,0.0,0.0,0.0,0.0,0.0,0.0,0.0
2011,100,0.0,0.0,0.0,0.0,0.0,0.0,0.0
2011,101,0.0,0.0,0.0,0.0,0.0,0.0,0.0
2011,102,0.0,0.0,0.0,0.0,0.0,0.0,0.0
2011,103,0.0,0.0,0.0,0.0,0.0,0.0,0.0
2011,104,0.0,0.0,0.0,0.0,0.0,0.0,0.0
2011,105,0.0,0.0,0.0,0.0,0.0,0.0,0.0
2011,106,0.0,0.0,0.0,0.0,0.0,0.0,0.0
2011,107,0.0,0.0,0.0,0.0,0.0,0.0,0.0
2011,108,0.0,0.0,0.0,0.0,0.0,0.0,0.0
2011,109,0.0,0.0,0.0,0.0,0.0,0.0,0.0
2011,110,0.0,0.0,0.0,0.0,0.0,0.0,0.0
2011,111,0.0,0.0,0.0,0.0,0.0,0.0,0.0
2011,112,0.0,0.0,0.0,0.0,0.0,0.0,0.0
2011,113,0.0,0.0,0.0,0.0,0.0,0.0,0.0
2011,114,0.0,0.0,0.0,0.0,0.0,0.0,0.0
2011,115,0.0,0.0,0.0,0.0,0.0,0.0,0.0
2011,116,0.0,0.0,0.0,0.0,0.0,0.0,0.0
2011,117,0.0,0.0,0.0,0.0,0.0,0.0,0.0
2011,118,0.0,0.0,0.0,0.0,0.0,0.0,0.0
2011,119,0.0,0.0,0.0,0.0,0.0,0.0,0.0
2011,120,0.0,0.0,0.0,0.0,0.0,0.0,0.0
2011,121,0.0,0.0,0.0,0.0,0.0,0.0,0.0
2011,122,0.0,0.0,0.0,0.0,0.0,0.0,0.0
2011,123,0.0,0.0,0.0,0.0,0.0,0.0,0.0
2011,124,0.0,0.0,0.0,0.0,0.0,0.0,0.0
2011,125,0.0,0.0,0.0,0.0,0.0,0.0,0.0
2011,126,0.0,0.0,0.0,0.0,0.0,0.0,0.0
2011,127,0.0,0.0,0.0,0.0,0.0,0.0,0.0
2011,128,0.0,0.0,0.0,0.0,0.0,0.0,0.0
2011,129,0.0,0.0,0.0,0.0,0.0,0.0,0.0
2011,130,0.0,0.0,0.0,0.0,0.0,0.0,0.0
2011,131,0.0,0.0,0.0,0.0,0.0,0.0,0.0
2011,132,0.0,0.0,0.0,0.0,0.0,0.0,0.0
2011,133,0.0,0.0,0.0,0.0,0.0,0.0,0.0
2011,134,0.0,0.0,0.0,0.0,0.0,0.0,0.0
2011,135,0.0,0.0,0.0,0.0,0.0,0.0,0.0
2011,136,0.0,0.0,0.0,0.0,0.0,0.0,0.0
2011,137,0.0,0.0,0.0,0.0,0.0,0.0,0.0
2011,138,0.0,0.0,0.0,0.0,0.0,0.0,0.0
2011,139,0.0,0.0,0.0,0.0,0.0,0.0,0.0
2011,140,0.0,0.0,0.0,0.0,0.0,0.0,0.0
2011,141,0.0,0.0,0.0,0.0,0.0,0.0,0.0
2011,142,0.0,0.0,0.0,0.0,0.0,0.0,0.0
2011,143,0.0,0.0,0.0,0.0,0.0,0.0,0.0
2011,144,0.0,0.0,0.0,0.0,0.0,0.0,0.0
2011,145,0.0,0.0,0.0,0.0,0.0,0.0,0.0
2011,146,0.0,0.0,0.0,0.0,0.0,0.0,0.0
2011,147,0.0,0.0,0.0,0.0,0.0,0.0,0.0
2011,148,0.0,0.0,0.0,0.0,0.0,0.0,0.0
2011,149,0.0,0.0,0.0,0.0,0.0,0.0,0.0
2011,150,0.0,0.0,0.0,0.0,0.0,0.0,0.0
2011,151,0.0,0.0,0.0,0.0,0.0,0.0,0.0
2011,152,0.0,0.0,0.0,0.0,0.0,0.0,0.0
2011,153,0.0,0.0,0.0,0.0,0.0,0.0,0.0
2011,154,0.0,0.0,0.0,0.0,0.0,0.0,0.0
2011,155,0.0,0.0,0.0,0.0,0.0,0.0,0.0
2011,156,0.0,0.0,0.0,0.0,0.0,0.0,0.0
2011,157,0.0,0.0,0.0,0.0,0.0,0.0,0.0
2011,158,0.0,0.0,0.0,0.0,0.0,0.0,0.0
2011,159,0.0,0.0,0.0,0.0,0.0,0.0,0.0
2011,160,0.0,0.0,0.0,0.0,0.0,0.0,0.0
2011,161,0.0,0.0,0.0,0.0,0.0,0.0,0.0
2011,162,0.0,0.0,0.0,0.0,0.0,0.0,0.0
2011,163,0.0,0.0,0.0,0.0,0.0,0.0,0.0
2011,164,0.0,0.0,0.0,0.0,0.0,0.0,0.0
2011,165,0.0,0.0,0.0,0.0,0.0,0.0,0.0
2011,166,0.0,0.0,0.0,0.0,0.0,0.0,0.0
2011,167,0.0,0.0,0.0,0.0,0.0,0.0,0.0
2011,168,0.0,0.0,0.0,0.0,0.0,0.0,0.0
2011,169,0.0,0.0,0.0,0.0,0.0,0.0,0.0
2011,170,0.0,0.0,0.0,0.0,0.0,0.0,0.0
2011,171,0.0,0.0,0.0,0.0,0.0,0.0,0.0
2011,172,0.0,0.0,0.0,0.0,0.0,0.0,0.0
2011,173,0.0,0.0,0.0,0.0,0.0,0.0,0.0
2011,174,0.0,0.0,0.0,0.0,0.0,0.0,0.0
2011,175,0.0,0.0,0.0,0.0,0.0,0.0,0.0
2011,176,0.0,0.0,0.0,0.0,0.0,0.0,0.0
2011,177,0.0,0.0,0.0,0.0,0.0,0.0,0.0
2011,178,0.0,0.0,0.0,0.0,0.0,0.0,0.0
2011,179,0.0,0.0,0.0,0.0,0.0,0.0,0.0
2011,180,0.0,0.0,0.0,0.0,0.0,0.0,0.0
2011,181,0.0,0.0,0.0,0.0,0.0,0.0,0.0
2011,182,0.0,0.0,0.0,0.0,0.0,0.0,0.0
2011,183,0.0,0.0,0.0,0.0,0.0,0.0,0.0
2011,184,0.0,0.0,0.0,0.0,0.0,0.0,0.0
2011,185,0.0,0.0,0.0,0.0,0.0,0.0,0.0
2011,186,0.0,0.0,0.0,0.0,0.0,0.0,0.0
2011,187,0.0,0.0,0.0,0.0,0.0,0.0,0.0
2011,188,0.0,0.0,0.0,0.0,0.0,0.0,0.0
2011,189,0.0,0.0,0.0,0.0,0.0,0.0,0.0
2011,190,0.0,0.0,0.0,0.0,0.0,0.0,0.0
2011,191,0.0,0.0,0.0,0.0,0.0,0.0,0.0
2011,192,0.0,0.0,0.0,0.0,0.0,0.0,0.0
2011,193,0.0,0.0,0.0,0.0,0.0,0.0,0.0
2011,194,0.0,0.0,0.0,0.0,0.0,0.0,0.0
2011,195,0.0,0.0,0.0,0.0,0.0,0.0,0.0
2011,196,0.0,0.0,0.0,0.0,0.0,0.0,0.0
2011,197,0.0,0.0,0.0,0.0,0.0,0.0,0.0
2011,198,0.0,0.0,0.0,0.0,0.0,0.0,0.0
2011,199,0.0,0.0,0.0,0.0,0.0,0.0,0.0
2011,200,0.0,0.0,0.0,0.0,0.0,0.0,0.0
2011,201,0.0,0.0,0.0,0.0,0.0,0.0,0.0
2011,202,0.0,0.0,0.0,0.0,0.0,0.0,0.0
2011,203,0.0,0.0,0.0,0.0,0.0,0.0,0.0
2011,204,0.0,0.0,0.0,0.0,0.0,0.0,0.0
2011,205,0.0,0.0,0.0,0.0,0.0,0.0,0.0
2011,206,0.0,0.0,0.0,0.0,0.0,0.0,0.0
2011,207,0.0,0.0,0.0,0.0,0.0,0.0,0.0
2011,208,0.0,0.0,0.0,0.0,0.0,0.0,0.0
2011,209,0.0,0.0,0.0,0.0,0.0,0.0,0.0
2011,210,0.0,0.0,0.0,0.0,0.0,0.0,0.0
2011,211,0.0,0.0,0.0,0.0,0.0,0.0,0.0
2011,212,0.0,0.0,0.0,0.0,0.0,0.0,0.0
2011,213,0.0,0.0,0.0,0.0,0.0,0.0,0.0
2011,214,0.0,0.0,0.0,0.0,0.0,0.0,0.0
2011,215,0.0,0.0,0.0,0.0,0.0,0.0,0.0
2011,216,0.0,0.0,0.0,0.0,0.0,0.0,0.0
2011,217,0.0,0.0,0.0,0.0,0.0,0.0,0.0
2011,218,0.0,0.0,0.0,0.0,0.0,0.0,0.0
2011,219,0.0,0.0,0.0,0.0,0.0,0.0,0.0
2011,220,0.0,0.0,0.0,0.0,0.0,0.0,0.0
2011,221,0.0,0.0,0.0,0.0,0.0,0.0,0.0
2011,222,0.0,0.0,0.0,0.0,0.0,0.0,0.0
2011,223,0.0,0.0,0.0,0.0,0.0,0.0,0.0
2011,224,0.0,0.0,0.0,0.0,0.0,0.0,0.0
2011,225,0.0,0.0,0.0,0.0,0.0,0.0,0.0
2011,226,0.0,0.0,0.0,0.0,0.0,0.0,0.0
2011,227,0.0,0.0,0.0,0.0,0.0,0.0,0.0
2011,228,0.0,0.0,0.0,0.0,0.0,0.0,0.0
2011,229,0.0,0.0,0.0,0.0,0.0,0.0,0.0
2011,230,0.0,0.0,0.0,0.0,0.0,0.0,0.0
2011,231,0.0,0.0,0.0,0.0,0.0,0.0,0.0
2011,232,0.0,0.0,0.0,0.0,0.0,0.0,0.0
2011,233,0.0,0.0,0.0,0.0,0.0,0.0,0.0
2011,234,0.0,0.0,0.0,0.0,0.0,0.0,0.0
2011,235,0.0,0.0,0.0,0.0,0.0,0.0,0.0
2011,236,0.0,0.0,0.0,0.0,0.0,0.0,0.0
2011,237,0.0,0.0,0.0,0.0,0.0,0.0,0.0
2011,238,0.0,0.0,0.0,0.0,0.0,0.0,0.0
2011,239,0.0,0.0,0.0,0.0,0.0,0.0,0.0
2011,240,0.0,0.0,0.0,0.0,0.0,0.0,0.0
2011,241,0.0,0.0,0.0,0.0,0.0,0.0,0.0
2011,242,0.0,0.0,0.0,0.0,0.0,0.0,0.0
2011,243,0.0,0.0,0.0,0.0,0.0,0.0,0.0
2011,244,0.0,0.0,0.0,0.0,0.0,0.0,0.0
2011,245,0.0,0.0,0.0,0.0,0.0,0.0,0.0
2011,246,0.0,0.0,0.0,0.0,0.0,0.0,0.0
2011,247,0.0,0.0,0.0,0.0,0.0,0.0,0.0
2011,248,0.0,0.0,0.0,0.0,0.0,0.0,0.0
2011,249,0.0,0.0,0.0,0.0,0.0,0.0,0.0
2011,250,0.0,0.0,0.0,0.0,0.0,0.0,0.0
2011,251,0.0,0.0,0.0,0.0,0.0,0.0,0.0
2011,252,0.0,0.0,0.0,0.0,0.0,0.0,0.0
2011,253,0.0,0.0,0.0,0.0,0.0,0.0,0.0
2011,254,0.0,0.0,0.0,0.0,0.0,0.0,0.0
2011,255,0.0,0.0,0.0,0.0,0.0,0.0,0.0
2011,256,0.0,0.0,0.0,0.0,0.0,0.0,0.0
2011,257,0.0,0.0,0.0,0.0,0.0,0.0,0.0
2011,258,0.0,0.0,0.0,0.0,0.0,0.0,0.0
2011,259,0.0,0.0,0.0,0.0,0.0,0.0,0.0
2011,260,0.0,0.0,0.0,0.0,0.0,0.0,0.0
2011,261,0.0,0.0,0.0,0.0,0.0,0.0,0.0
2011,262,0.0,0.0,0.0,0.0,0.0,0.0,0.0
2011,263,0.0,0.0,0.0,0.0,0.0,0.0,0.0
2011,264,0.0,0.0,0.0,0.0,0.0,0.0,0.0
2011,265,0.0,0.0,0.0,0.0,0.0,0.0,0.0
2011,266,0.0,0.0,0.0,0.0,0.0,0.0,0.0
2011,267,0.0,0.0,0.0,0.0,0.0,0.0,0.0
2011,268,0.0,0.0,0.0,0.0,0.0,0.0,0.0
2011,269,0.0,0.0,0.0,0.0,0.0,0.0,0.0
2011,270,0.0,0.0,0.0,0.0,0.0,0.0,0.0
2011,271,0.0,0.0,0.0,0.0,0.0,0.0,0.0
2011,272,0.0,0.0,0.0,0.0,0.0,0.0,0.0
2011,273,0.0,0.0,0.0,0.0,0.0,0.0,0.0
2011,274,0.0,0.0,0.0,0.0,0.0,0.0,0.0
2011,275,0.0,0.0,0.0,0.0,0.0,0.0,0.0
2011,276,0.0,0.0,0.0,0.0,0.0,0.0,0.0
2011,277,0.0,0.0,0.0,0.0,0.0,0.0,0.0
2011,278,0.0,0.0,0.0,0.0,0.0,0.0,0.0
2011,279,0.0,0.0,0.0,0.0,0.0,0.0,0.0
2011,280,0.0,0.0,0.0,0.0,0.0,0.0,0.0
2011,281,0.0,0.0,0.0,0.0,0.0,0.0,0.0
2011,282,0.0,0.0,0.0,0.0,0.0,0.0,0.0
2011,283,0.0,0.0,0.0,0.0,0.0,0.0,0.0
2011,284,0.0,0.0,0.0,0.0,0.0,0.0,0.0
2011,285,0.0,0.0,0.0,0.0,0.0,0.0,0.0
2011,286,0.0,0.0,0.0,0.0,0.0,0.0,0.0
2011,287,0.0,0.0,0.0,0.0,0.0,0.0,0.0
2011,288,0.0,0.0,0.0,0.0,0.0,0.0,0.0
2011,289,0.0,0.0,0.0,0.0,0.0,0.0,0.0
2011,290,0.0,0.0,0.0,0.0,0.0,0.0,0.0
2011,291,0.0,0.0,0.0,0.0,0.0,0.0,0.0
2011,292,0.0,0.0,0.0,0.0,0.0,0.0,0.0
2011,293,0.0,0.0,0.0,0.0,0.0,0.0,0.0
2011,294,0.0,0.0,0.0,0.0,0.0,0.0,0.0
2011,295,0.0,0.0,0.0,0.0,0.0,0.0,0.0
2011,296,0.0,0.0,0.0,0.0,0.0,0.0,0.0
2011,297,0.0,0.0,0.0,0.0,0.0,0.0,0.0
2011,298,0.0,0.0,0.0,0.0,0.0,0.0,0.0
2011,299,0.0,0.0,0.0,0.0,0.0,0.0,0.0
2011,300,0.0,0.0,0.0,0.0,0.0,0.0,0.0
2011,301,0.0,0.0,0.0,0.0,0.0,0.0,0.0
2011,302,0.0,0.0,0.0,0.0,0.0,0.0,0.0
2011,303,0.0,0.0,0.0,0.0,0.0,0.0,0.0
2011,304,0.0,0.0,0.0,0.0,0.0,0.0,0.0
2011,305,0.0,0.0,0.0,0.0,0.0,0.0,0.0
2011,306,0.0,0.0,0.0,0.0,0.0,0.0,0.0
2011,307,0.0,0.0,0.0,0.0,0.0,0.0,0.0
2011,308,0.0,0.0,0.0,0.0,0.0,0.0,0.0
2011,309,0.0,0.0,0.0,0.0,0.0,0.0,0.0
2011,310,0.0,0.0,0.0,0.0,0.0,0.0,0.0
2011,311,0.0,0.0,0.0,0.0,0.0,0.0,0.0
2011,312,0.0,0.0,0.0,0.0,0.0,0.0,0.0
2011,313,0.0,0.0,0.0,0.0,0.0,0.0,0.0
2011,314,0.0,0.0,0.0,0.0,0.0,0.0,0.0
2011,315,0.0,0.0,0.0,0.0,0.0,0.0,0.0
2011,316,0.0,0.0,0.0,0.0,0.0,0.0,0.0
2011,317,0.0,0.0,0.0,0.0,0.0,0.0,0.0
2011,318,0.0,0.0,0.0,0.0,0.0,0.0,0.0
2011,319,0.0,0.0,0.0,0.0,0.0,0.0,0.0
2011,320,0.0,0.0,0.0,0.0,0.0,0.0,0.0
2011,321,0.0,0.0,0.0,0.0,0.0,0.0,0.0
2011,322,0.0,0.0,0.0,0.0,0.0,0.0,0.0
2011,323,0.0,0.0,0.0,0.0,0.0,0.0,0.0
2011,324,0.0,0.0,0.0,0.0,0.0,0.0,0.0
2011,325,0.0,0.0,0.0,0.0,0.0,0.0,0.0
2011,326,0.0,0.0,0.0,0.0,0.0,0.0,0.0
2011,327,0.0,0.0,0.0,0.0,0.0,0.0,0.0
2011,328,0.0,0.0,0.0,0.0,0.0,0.0,0.0
2011,329,0.0,0.0,0.0,0.0,0.0,0.0,0.0
2011,330,0.0,0.0,0.0,0.0,0.0,0.0,0.0
2011,331,0.0,0.0,0.0,0.0,0.0,0.0,0.0
2011,332,0.0,0.0,0.0,0.0,0.0,0.0,0.0
2011,333,0.0,0.0,0.0,0.0,0.0,0.0,0.0
2011,334,0.0,0.0,0.0,0.0,0.0,0.0,0.0
2011,335,0.0,0.0,0.0,0.0,0.0,0.0,0.0
2011,336,0.0,0.0,0.0,0.0,0.0,0.0,0.0
2011,337,0.0,0.0,0.0,0.0,0.0,0.0,0.0
2011,338,0.0,0.0,0.0,0.0,0.0,0.0,0.0
2011,339,0.0,0.0,0.0,0.0,0.0,0.0,0.0
2011,340,0.0,0.0,0.0,0.0,0.0,0.0,0.0
2011,341,0.0,0.0,0.0,0.0,0.0,0.0,0.0
2011,342,0.0,0.0,0.0,0.0,0.0,0.0,0.0
2011,343,0.0,0.0,0.0,0.0,0.0,0.0,0.0
2011,344,0.0,0.0,0.0,0.0,0.0,0.0,0.0
2011,345,0.0,0.0,0.0,0.0,0.0,0.0,0.0
2011,346,0.0,0.0,0.0,0.0,0.0,0.0,0.0
2011,347,0.0,0.0,0.0,0.0,0.0,0.0,0.0
2011,348,0.0,0.0,0.0,0.0,0.0,0.0,0.0
2011,349,0.0,0.0,0.0,0.0,0.0,0.0,0.0
2011,350,0.0,0.0,0.0,0.0,0.0,0.0,0.0
2011,351,0.0,0.0,0.0,0.0,0.0,0.0,0.0
2011,352,0.0,0.0,0.0,0.0,0.0,0.0,0.0
2011,353,0.0,0.0,0.0,0.0,0.0,0.0,0.0
2011,354,0.0,0.0,0.0,0.0,0.0,0.0,0.0
2011,355,0.0,0.0,0.0,0.0,0.0,0.0,0.0
2011,356,0.0,0.0,0.0,0.0,0.0,0.0,0.0
2011,357,0.0,0.0,0.0,0.0,0.0,0.0,0.0
2011,358,0.0,0.0,0.0,0.0,0.0,0.0,0.0
2011,359,0.0,0.0,0.0,0.0,0.0,0.0,0.0
2011,360,0.0,0.0,0.0,0.0,0.0,0.0,0.0
2011,361,0.0,0.0,0.0,0.0,0.0,0.0,0.0
2011,362,0.0,0.0,0.0,0.0,0.0,0.0,0.0
2011,363,0.0,0.0,0.0,0.0,0.0,0.0,0.0
2011,364,0.0,0.0,0.0,0.0,0.0,0.0,0.0
2011,365,0.0,0.0,0.0,0.0,0.0,0.0,0.0
2012,1,0.0,0.0,0.0,0.0,0.0,0.0,0.0
2012,2,0.0,0.0,0.0,0.0,0.0,0.0,0.0
2012,3,10400.0,520.0,624.0,0.0,0.0,0.0,0.0
2012,4,0.0,0.0,0.0,0.0,0.0,0.0,0.0
2012,5,0.0,0.0,0.0,0.0,0.0,0.0,0.0
2012,6,0.0,0.0,0.0,0.0,0.0,0.0,0.0
2012,7,0.0,0.0,0.0,0.0,0.0,0.0,0.0
2012,8,0.0,0.0,0.0,0.0,0.0,0.0,0.0
2012,9,0.0,0.0,0.0,0.0,0.0,0.0,0.0
2012,10,0.0,0.0,0.0,0.0,0.0,0.0,0.0
2012,11,0.0,0.0,0.0,0.0,0.0,0.0,0.0
2012,12,0.0,0.0,0.0,0.0,0.0,0.0,0.0
2012,13,0.0,0.0,0.0,0.0,0.0,0.0,0.0
2012,14,0.0,0.0,0.0,0.0,0.0,0.0,0.0
2012,15,0.0,0.0,0.0,0.0,0.0,0.0,0.0
2012,16,0.0,0.0,0.0,0.0,0.0,0.0,0.0
2012,17,0.0,0.0,0.0,0.0,0.0,0.0,0.0
2012,18,0.0,0.0,0.0,0.0,0.0,0.0,0.0
2012,19,0.0,0.0,0.0,0.0,0.0,0.0,0.0
2012,20,0.0,0.0,0.0,0.0,0.0,0.0,0.0
2012,21,0.0,0.0,0.0,0.0,0.0,0.0,0.0
2012,22,0.0,0.0,0.0,0.0,0.0,0.0,0.0
2012,23,0.0,0.0,0.0,0.0,0.0,0.0,0.0
2012,24,0.0,0.0,0.0,0.0,0.0,0.0,0.0
2012,25,0.0,0.0,0.0,0.0,0.0,0.0,0.0
2012,26,0.0,0.0,0.0,0.0,0.0,0.0,0.0
2012,27,0.0,0.0,0.0,0.0,0.0,0.0,0.0
2012,28,0.0,0.0,0.0,0.0,0.0,0.0,0.0
2012,29,0.0,0.0,0.0,0.0,0.0,0.0,0.0
2012,30,0.0,0.0,0.0,0.0,0.0,0.0,0.0
2012,31,0.0,0.0,0.0,0.0,0.0,0.0,0.0
2012,32,0.0,0.0,0.0,0.0,0.0,0.0,0.0
2012,33,0.0,0.0,0.0,0.0,0.0,0.0,0.0
2012,34,0.0,0.0,0.0,0.0,0.0,0.0,0.0
2012,35,0.0,0.0,0.0,0.0,0.0,0.0,0.0
2012,36,0.0,0.0,0.0,0.0,0.0,0.0,0.0
2012,37,0.0,0.0,0.0,0.0,0.0,0.0,0.0
2012,38,0.0,0.0,0.0,0.0,0.0,0.0,0.0
2012,39,0.0,0.0,0.0,0.0,0.0,0.0,0.0
2012,40,0.0,0.0,0.0,0.0,0.0,0.0,0.0
2012,41,0.0,0.0,0.0,0.0,0.0,0.0,0.0
2012,42,0.0,0.0,0.0,0.0,0.0,0.0,0.0
2012,43,0.0,0.0,0.0,0.0,0.0,0.0,0.0
2012,44,0.0,0.0,0.0,0.0,0.0,0.0,0.0
2012,45,0.0,0.0,0.0,0.0,0.0,0.0,0.0
2012,46,0.0,0.0,0.0,0.0,0.0,0.0,0.0
2012,47,0.0,0.0,0.0,0.0,0.0,0.0,0.0
2012,48,0.0,0.0,0.0,0.0,0.0,0.0,0.0
2012,49,0.0,0.0,0.0,0.0,0.0,0.0,0.0
2012,50,0.0,0.0,0.0,0.0,0.0,0.0,0.0
2012,51,0.0,0.0,0.0,0.0,0.0,0.0,0.0
2012,52,0.0,0.0,0.0,0.0,0.0,0.0,0.0
2012,53,0.0,0.0,0.0,0.0,0.0,0.0,0.0
2012,54,0.0,0.0,0.0,0.0,0.0,0.0,0.0
2012,55,0.0,0.0,0.0,0.0,0.0,0.0,0.0
2012,56,0.0,0.0,0.0,0.0,0.0,0.0,0.0
2012,57,0.0,0.0,0.0,0.0,0.0,0.0,0.0
2012,58,0.0,0.0,0.0,0.0,0.0,0.0,0.0
2012,59,0.0,0.0,0.0,0.0,0.0,0.0,0.0
2012,60,0.0,0.0,0.0,0.0,0.0,0.0,0.0
2012,61,0.0,0.0,0.0,0.0,0.0,0.0,0.0
2012,62,0.0,0.0,0.0,0.0,0.0,0.0,0.0
2012,63,0.0,0.0,0.0,0.0,0.0,0.0,0.0
2012,64,0.0,0.0,0.0,0.0,0.0,0.0,0.0
2012,65,0.0,0.0,0.0,0.0,0.0,0.0,0.0
2012,66,0.0,0.0,0.0,0.0,0.0,0.0,0.0
2012,67,0.0,0.0,0.0,0.0,0.0,0.0,0.0
2012,68,0.0,0.0,0.0,0.0,0.0,0.0,0.0
2012,69,0.0,0.0,0.0,0.0,0.0,0.0,0.0
2012,70,0.0,0.0,0.0,0.0,0.0,0.0,0.0
2012,71,0.0,0.0,0.0,0.0,0.0,0.0,0.0
2012,72,0.0,0.0,0.0,0.0,0.0,0.0,0.0
2012,73,0.0,0.0,0.0,0.0,0.0,0.0,0.0
2012,74,0.0,0.0,0.0,0.0,0.0,0.0,0.0
2012,75,0.0,0.0,0.0,0.0,0.0,0.0,0.0
2012,76,0.0,0.0,0.0,0.0,0.0,0.0,0.0
2012,77,0.0,0.0,0.0,0.0,0.0,0.0,0.0
2012,78,0.0,0.0,0.0,0.0,0.0,0.0,0.0
2012,79,0.0,0.0,0.0,0.0,0.0,0.0,0.0
2012,80,0.0,0.0,0.0,0.0,0.0,0.0,0.0
2012,81,0.0,0.0,0.0,0.0,0.0,0.0,0.0
2012,82,0.0,0.0,0.0,0.0,0.0,0.0,0.0
2012,83,0.0,0.0,0.0,0.0,0.0,0.0,0.0
2012,84,0.0,0.0,0.0,0.0,0.0,0.0,0.0
2012,85,0.0,0.0,0.0,0.0,0.0,0.0,0.0
2012,86,0.0,0.0,0.0,0.0,0.0,0.0,0.0
2012,87,0.0,0.0,0.0,0.0,0.0,0.0,0.0
2012,88,0.0,0.0,0.0,0.0,0.0,0.0,0.0
2012,89,0.0,0.0,0.0,0.0,0.0,0.0,0.0
2012,90,0.0,0.0,0.0,0.0,0.0,0.0,0.0
2012,91,0.0,0.0,0.0,0.0,0.0,0.0,0.0
2012,92,0.0,0.0,0.0,0.0,0.0,0.0,0.0
2012,93,0.0,0.0,0.0,0.0,0.0,0.0,0.0
2012,94,0.0,0.0,0.0,0.0,0.0,0.0,0.0
2012,95,0.0,0.0,0.0,0.0,0.0,0.0,0.0
2012,96,0.0,0.0,0.0,0.0,0.0,0.0,0.0
2012,97,0.0,0.0,0.0,0.0,0.0,0.0,0.0
2012,98,0.0,0.0,0.0,0.0,0.0,0.0,0.0
2012,99,0.0,0.0,0.0,0.0,0.0,0.0,0.0
2012,100,0.0,0.0,0.0,0.0,0.0,0.0,0.0
2012,101,0.0,0.0,0.0,0.0,0.0,0.0,0.0
2012,102,0.0,0.0,0.0,0.0,0.0,0.0,0.0
2012,103,0.0,0.0,0.0,0.0,0.0,0.0,0.0
2012,104,0.0,0.0,0.0,0.0,0.0,0.0,0.0
2012,105,0.0,0.0,0.0,0.0,0.0,0.0,0.0
2012,106,0.0,0.0,0.0,0.0,0.0,0.0,0.0
2012,107,0.0,0.0,0.0,0.0,0.0,0.0,0.0
2012,108,0.0,0.0,0.0,0.0,0.0,0.0,0.0
2012,109,0.0,0.0,0.0,0.0,0.0,0.0,0.0
2012,110,0.0,0.0,0.0,0.0,0.0,0.0,0.0
2012,111,0.0,0.0,0.0,0.0,0.0,0.0,0.0
2012,112,0.0,0.0,0.0,0.0,0.0,0.0,0.0
2012,113,0.0,0.0,0.0,0.0,0.0,0.0,0.0
2012,114,0.0,0.0,0.0,0.0,0.0,0.0,0.0
2012,115,0.0,0.0,0.0,0.0,0.0,0.0,0.0
2012,116,0.0,0.0,0.0,0.0,0.0,0.0,0.0
2012,117,0.0,0.0,0.0,0.0,0.0,0.0,0.0
2012,118,0.0,0.0,0.0,0.0,0.0,0.0,0.0
2012,119,0.0,0.0,0.0,0.0,0.0,0.0,0.0
2012,120,0.0,0.0,0.0,0.0,0.0,0.0,0.0
2012,121,0.0,0.0,0.0,0.0,0.0,0.0,0.0
2012,122,0.0,0.0,0.0,0.0,0.0,0.0,0.0
2012,123,0.0,0.0,0.0,0.0,0.0,0.0,0.0
2012,124,0.0,0.0,0.0,0.0,0.0,0.0,0.0
2012,125,0.0,0.0,0.0,0.0,0.0,0.0,0.0
2012,126,0.0,0.0,0.0,0.0,0.0,0.0,0.0
2012,127,0.0,0.0,0.0,0.0,0.0,0.0,0.0
2012,128,0.0,0.0,0.0,0.0,0.0,0.0,0.0
2012,129,0.0,0.0,0.0,0.0,0.0,0.0,0.0
2012,130,0.0,0.0,0.0,0.0,0.0,0.0,0.0
2012,131,0.0,0.0,0.0,0.0,0.0,0.0,0.0
2012,132,0.0,0.0,0.0,0.0,0.0,0.0,0.0
2012,133,0.0,0.0,0.0,0.0,0.0,0.0,0.0
2012,134,0.0,0.0,0.0,0.0,0.0,0.0,0.0
2012,135,0.0,0.0,0.0,0.0,0.0,0.0,0.0
2012,136,0.0,0.0,0.0,0.0,0.0,0.0,0.0
2012,137,0.0,0.0,0.0,0.0,0.0,0.0,0.0
2012,138,0.0,0.0,0.0,0.0,0.0,0.0,0.0
2012,139,0.0,0.0,0.0,0.0,0.0,0.0,0.0
2012,140,0.0,0.0,0.0,0.0,0.0,0.0,0.0
2012,141,0.0,0.0,0.0,0.0,0.0,0.0,0.0
2012,142,0.0,0.0,0.0,0.0,0.0,0.0,0.0
2012,143,0.0,0.0,0.0,0.0,0.0,0.0,0.0
2012,144,0.0,0.0,0.0,0.0,0.0,0.0,0.0
2012,145,0.0,0.0,0.0,0.0,0.0,0.0,0.0
2012,146,0.0,0.0,0.0,0.0,0.0,0.0,0.0
2012,147,0.0,0.0,0.0,0.0,0.0,0.0,0.0
2012,148,0.0,0.0,0.0,0.0,0.0,0.0,0.0
2012,149,0.0,0.0,0.0,0.0,0.0,0.0,0.0
2012,150,0.0,0.0,0.0,0.0,0.0,0.0,0.0
2012,151,0.0,0.0,0.0,0.0,0.0,0.0,0.0
2012,152,0.0,0.0,0.0,0.0,0.0,0.0,0.0
2012,153,0.0,0.0,0.0,0.0,0.0,0.0,0.0
2012,154,0.0,0.0,0.0,0.0,0.0,0.0,0.0
2012,155,0.0,0.0,0.0,0.0,0.0,0.0,0.0
2012,156,0.0,0.0,0.0,0.0,0.0,0.0,0.0
2012,157,0.0,0.0,0.0,0.0,0.0,0.0,0.0
2012,158,0.0,0.0,0.0,0.0,0.0,0.0,0.0
2012,159,0.0,0.0,0.0,0.0,0.0,0.0,0.0
2012,160,0.0,0.0,0.0,0.0,0.0,0.0,0.0
2012,161,0.0,0.0,0.0,0.0,0.0,0.0,0.0
2012,162,0.0,0.0,0.0,0.0,0.0,0.0,0.0
2012,163,0.0,0.0,0.0,0.0,0.0,0.0,0.0
2012,164,0.0,0.0,0.0,0.0,0.0,0.0,0.0
2012,165,0.0,0.0,0.0,0.0,0.0,0.0,0.0
2012,166,0.0,0.0,0.0,0.0,0.0,0.0,0.0
2012,167,0.0,0.0,0.0,0.0,0.0,0.0,0.0
2012,168,0.0,0.0,0.0,0.0,0.0,0.0,0.0
2012,169,0.0,0.0,0.0,0.0,0.0,0.0,0.0
2012,170,0.0,0.0,0.0,0.0,0.0,0.0,0.0
2012,171,0.0,0.0,0.0,0.0,0.0,0.0,0.0
2012,172,0.0,0.0,0.0,0.0,0.0,0.0,0.0
2012,173,0.0,0.0,0.0,0.0,0.0,0.0,0.0
2012,174,0.0,0.0,0.0,0.0,0.0,0.0,0.0
2012,175,0.0,0.0,0.0,0.0,0.0,0.0,0.0
2012,176,0.0,0.0,0.0,0.0,0.0,0.0,0.0
2012,177,0.0,0.0,0.0,0.0,0.0,0.0,0.0
2012,178,0.0,0.0,0.0,0.0,0.0,0.0,0.0
2012,179,0.0,0.0,0.0,0.0,0.0,0.0,0.0
2012,180,0.0,0.0,0.0,0.0,0.0,0.0,0.0
2012,181,0.0,0.0,0.0,0.0,0.0,0.0,0.0
2012,182,0.0,0.0,0.0,0.0,0.0,0.0,0.0
2012,183,0.0,0.0,0.0,0.0,0.0,0.0,0.0
2012,184,0.0,0.0,0.0,0.0,0.0,0.0,0.0
2012,185,0.0,0.0,0.0,0.0,0.0,0.0,0.0
2012,186,0.0,0.0,0.0,0.0,0.0,0.0,0.0
2012,187,0.0,0.0,0.0,0.0,0.0,0.0,0.0
2012,188,0.0,0.0,0.0,0.0,0.0,0.0,0.0
2012,189,0.0,0.0,0.0,0.0,0.0,0.0,0.0
2012,190,0.0,0.0,0.0,0.0,0.0,0.0,0.0
2012,191,0.0,0.0,0.0,0.0,0.0,0.0,0.0
2012,192,0.0,0.0,0.0,0.0,0.0,0.0,0.0
2012,193,0.0,0.0,0.0,0.0,0.0,0.0,0.0
2012,194,0.0,0.0,0.0,0.0,0.0,0.0,0.0
2012,195,0.0,0.0,0.0,0.0,0.0,0.0,0.0
2012,196,0.0,0.0,0.0,0.0,0.0,0.0,0.0
2012,197,0.0,0.0,0.0,0.0,0.0,0.0,0.0
2012,198,0.0,0.0,0.0,0.0,0.0,0.0,0.0
2012,199,0.0,0.0,0.0,0.0,0.0,0.0,0.0
2012,200,0.0,0.0,0.0,0.0,0.0,0.0,0.0
2012,201,0.0,0.0,0.0,0.0,0.0,0.0,0.0
2012,202,0.0,0.0,0.0,0.0,0.0,0.0,0.0
2012,203,0.0,0.0,0.0,0.0,0.0,0.0,0.0
2012,204,0.0,0.0,0.0,0.0,0.0,0.0,0.0
2012,205,0.0,0.0,0.0,0.0,0.0,0.0,0.0
2012,206,0.0,0.0,0.0,0.0,0.0,0.0,0.0
2012,207,0.0,0.0,0.0,0.0,0.0,0.0,0.0
2012,208,0.0,0.0,0.0,0.0,0.0,0.0,0.0
2012,209,0.0,0.0,0.0,0.0,0.0,0.0,0.0
2012,210,0.0,0.0,0.0,0.0,0.0,0.0,0.0
2012,211,0.0,0.0,0.0,0.0,0.0,0.0,0.0
2012,212,0.0,0.0,0.0,0.0,0.0,0.0,0.0
2012,213,0.0,0.0,0.0,0.0,0.0,0.0,0.0
2012,214,0.0,0.0,0.0,0.0,0.0,0.0,0.0
2012,215,0.0,0.0,0.0,0.0,0.0,0.0,0.0
2012,216,0.0,0.0,0.0,0.0,0.0,0.0,0.0
2012,217,0.0,0.0,0.0,0.0,0.0,0.0,0.0
2012,218,0.0,0.0,0.0,0.0,0.0,0.0,0.0
2012,219,0.0,0.0,0.0,0.0,0.0,0.0,0.0
2012,220,0.0,0.0,0.0,0.0,0.0,0.0,0.0
2012,221,0.0,0.0,0.0,0.0,0.0,0.0,0.0
2012,222,0.0,0.0,0.0,0.0,0.0,0.0,0.0
2012,223,0.0,0.0,0.0,0.0,0.0,0.0,0.0
2012,224,0.0,0.0,0.0,0.0,0.0,0.0,0.0
2012,225,0.0,0.0,0.0,0.0,0.0,0.0,0.0
2012,226,0.0,0.0,0.0,0.0,0.0,0.0,0.0
2012,227,0.0,0.0,0.0,0.0,0.0,0.0,0.0
2012,228,0.0,0.0,0.0,0.0,0.0,0.0,0.0
2012,229,0.0,0.0,0.0,0.0,0.0,0.0,0.0
2012,230,0.0,0.0,0.0,0.0,0.0,0.0,0.0
2012,231,0.0,0.0,0.0,0.0,0.0,0.0,0.0
2012,232,0.0,0.0,0.0,0.0,0.0,0.0,0.0
2012,233,0.0,0.0,0.0,0.0,0.0,0.0,0.0
2012,234,0.0,0.0,0.0,0.0,0.0,0.0,0.0
2012,235,0.0,0.0,0.0,0.0,0.0,0.0,0.0
2012,236,0.0,0.0,0.0,0.0,0.0,0.0,0.0
2012,237,0.0,0.0,0.0,0.0,0.0,0.0,0.0
2012,238,0.0,0.0,0.0,0.0,0.0,0.0,0.0
2012,239,0.0,0.0,0.0,0.0,0.0,0.0,0.0
2012,240,0.0,0.0,0.0,0.0,0.0,0.0,0.0
2012,241,0.0,0.0,0.0,0.0,0.0,0.0,0.0
2012,242,0.0,0.0,0.0,0.0,0.0,0.0,0.0
2012,243,0.0,0.0,0.0,0.0,0.0,0.0,0.0
2012,244,0.0,0.0,0.0,0.0,0.0,0.0,0.0
2012,245,0.0,0.0,0.0,0.0,0.0,0.0,0.0
2012,246,0.0,0.0,0.0,0.0,0.0,0.0,0.0
2012,247,0.0,0.0,0.0,0.0,0.0,0.0,0.0
2012,248,0.0,0.0,0.0,0.0,0.0,0.0,0.0
2012,249,0.0,0.0,0.0,0.0,0.0,0.0,0.0
2012,250,0.0,0.0,0.0,0.0,0.0,0.0,0.0
2012,251,0.0,0.0,0.0,0.0,0.0,0.0,0.0
2012,252,0.0,0.0,0.0,0.0,0.0,0.0,0.0
2012,253,0.0,0.0,0.0,0.0,0.0,0.0,0.0
2012,254,0.0,0.0,0.0,0.0,0.0,0.0,0.0
2012,255,0.0,0.0,0.0,0.0,0.0,0.0,0.0
2012,256,0.0,0.0,0.0,0.0,0.0,0.0,0.0
2012,257,0.0,0.0,0.0,0.0,0.0,0.0,0.0
2012,258,0.0,0.0,0.0,0.0,0.0,0.0,0.0
2012,259,0.0,0.0,0.0,0.0,0.0,0.0,0.0
2012,260,0.0,0.0,0.0,0.0,0.0,0.0,0.0
2012,261,0.0,0.0,0.0,0.0,0.0,0.0,0.0
2012,262,0.0,0.0,0.0,0.0,0.0,0.0,0.0
2012,263,0.0,0.0,0.0,0.0,0.0,0.0,0.0
2012,264,0.0,0.0,0.0,0.0,0.0,0.0,0.0
2012,265,0.0,0.0,0.0,0.0,0.0,0.0,0.0
2012,266,0.0,0.0,0.0,0.0,0.0,0.0,0.0
2012,267,0.0,0.0,0.0,0.0,0.0,0.0,0.0
2012,268,0.0,0.0,0.0,0.0,0.0,0.0,0.0
2012,269,0.0,0.0,0.0,0.0,0.0,0.0,0.0
2012,270,0.0,0.0,0.0,0.0,0.0,0.0,0.0
2012,271,0.0,0.0,0.0,0.0,0.0,0.0,0.0
2012,272,0.0,0.0,0.0,0.0,0.0,0.0,0.0
2012,273,0.0,0.0,0.0,0.0,0.0,0.0,0.0
2012,274,0.0,0.0,0.0,0.0,0.0,0.0,0.0
2012,275,0.0,0.0,0.0,0.0,0.0,0.0,0.0
2012,276,0.0,0.0,0.0,0.0,0.0,0.0,0.0
2012,277,0.0,0.0,0.0,0.0,0.0,0.0,0.0
2012,278,0.0,0.0,0.0,0.0,0.0,0.0,0.0
2012,279,0.0,0.0,0.0,0.0,0.0,0.0,0.0
2012,280,0.0,0.0,0.0,0.0,0.0,0.0,0.0
2012,281,0.0,0.0,0.0,0.0,0.0,0.0,0.0
2012,282,0.0,0.0,0.0,0.0,0.0,0.0,0.0
2012,283,0.0,0.0,0.0,0.0,0.0,0.0,0.0
2012,284,0.0,0.0,0.0,0.0,0.0,0.0,0.0
2012,285,0.0,0.0,0.0,0.0,0.0,0.0,0.0
2012,286,0.0,0.0,0.0,0.0,0.0,0.0,0.0
2012,287,0.0,0.0,0.0,0.0,0.0,0.0,0.0
2012,288,0.0,0.0,0.0,0.0,0.0,0.0,0.0
2012,289,0.0,0.0,0.0,0.0,0.0,0.0,0.0
2012,290,0.0,0.0,0.0,0.0,0.0,0.0,0.0
2012,291,0.0,0.0,0.0,0.0,0.0,0.0,0.0
2012,292,0.0,0.0,0.0,0.0,0.0,0.0,0.0
2012,293,0.0,0.0,0.0,0.0,0.0,0.0,0.0
2012,294,0.0,0.0,0.0,0.0,0.0,0.0,0.0
2012,295,0.0,0.0,0.0,0.0,0.0,0.0,0.0
2012,296,0.0,0.0,0.0,0.0,0.0,0.0,0.0
2012,297,0.0,0.0,0.0,0.0,0.0,0.0,0.0
2012,298,0.0,0.0,0.0,0.0,0.0,0.0,0.0
2012,299,0.0,0.0,0.0,0.0,0.0,0.0,0.0
2012,300,0.0,0.0,0.0,0.0,0.0,0.0,0.0
2012,301,0.0,0.0,0.0,0.0,0.0,0.0,0.0
2012,302,0.0,0.0,0.0,0.0,0.0,0.0,0.0
2012,303,0.0,0.0,0.0,0.0,0.0,0.0,0.0
2012,304,0.0,0.0,0.0,0.0,0.0,0.0,0.0
2012,305,0.0,0.0,0.0,0.0,0.0,0.0,0.0
2012,306,0.0,0.0,0.0,0.0,0.0,0.0,0.0
2012,307,0.0,0.0,0.0,0.0,0.0,0.0,0.0
2012,308,0.0,0.0,0.0,0.0,0.0,0.0,0.0
2012,309,0.0,0.0,0.0,0.0,0.0,0.0,0.0
2012,310,0.0,0.0,0.0,0.0,0.0,0.0,0.0
2012,311,0.0,0.0,0.0,0.0,0.0,0.0,0.0
2012,312,0.0,0.0,0.0,0.0,0.0,0.0,0.0
2012,313,0.0,0.0,0.0,0.0,0.0,0.0,0.0
2012,314,0.0,0.0,0.0,0.0,0.0,0.0,0.0
2012,315,0.0,0.0,0.0,0.0,0.0,0.0,0.0
2012,316,0.0,0.0,0.0,0.0,0.0,0.0,0.0
2012,317,0.0,0.0,0.0,0.0,0.0,0.0,0.0
2012,318,0.0,0.0,0.0,0.0,0.0,0.0,0.0
2012,319,0.0,0.0,0.0,0.0,0.0,0.0,0.0
2012,320,0.0,0.0,0.0,0.0,0.0,0.0,0.0
2012,321,0.0,0.0,0.0,0.0,0.0,0.0,0.0
2012,322,0.0,0.0,0.0,0.0,0.0,0.0,0.0
2012,323,0.0,0.0,0.0,0.0,0.0,0.0,0.0
2012,324,0.0,0.0,0.0,0.0,0.0,0.0,0.0
2012,325,0.0,0.0,0.0,0.0,0.0,0.0,0.0
2012,326,0.0,0.0,0.0,0.0,0.0,0.0,0.0
2012,327,0.0,0.0,0.0,0.0,0.0,0.0,0.0
2012,328,0.0,0.0,0.0,0.0,0.0,0.0,0.0
2012,329,0.0,0.0,0.0,0.0,0.0,0.0,0.0
2012,330,0.0,0.0,0.0,0.0,0.0,0.0,0.0
2012,331,0.0,0.0,0.0,0.0,0.0,0.0,0.0
2012,332,0.0,0.0,0.0,0.0,0.0,0.0,0.0
2012,333,0.0,0.0,0.0,0.0,0.0,0.0,0.0
2012,334,0.0,0.0,0.0,0.0,0.0,0.0,0.0
2012,335,0.0,0.0,0.0,0.0,0.0,0.0,0.0
2012,336,0.0,0.0,0.0,0.0,0.0,0.0,0.0
2012,337,0.0,0.0,0.0,0.0,0.0,0.0,0.0
2012,338,0.0,0.0,0.0,0.0,0.0,0.0,0.0
2012,339,0.0,0.0,0.0,0.0,0.0,0.0,0.0
2012,340,0.0,0.0,0.0,0.0,0.0,0.0,0.0
2012,341,0.0,0.0,0.0,0.0,0.0,0.0,0.0
2012,342,0.0,0.0,0.0,0.0,0.0,0.0,0.0
2012,343,0.0,0.0,0.0,0.0,0.0,0.0,0.0
2012,344,0.0,0.0,0.0,0.0,0.0,0.0,0.0
2012,345,0.0,0.0,0.0,0.0,0.0,0.0,0.0
2012,346,0.0,0.0,0.0,0.0,0.0,0.0,0.0
2012,347,0.0,0.0,0.0,0.0,0.0,0.0,0.0
2012,348,0.0,0.0,0.0,0.0,0.0,0.0,0.0
2012,349,0.0,0.0,0.0,0.0,0.0,0.0,0.0
2012,350,0.0,0.0,0.0,0.0,0.0,0.0,0.0
2012,351,0.0,0.0,0.0,0.0,0.0,0.0,0.0
2012,352,0.0,0.0,0.0,0.0,0.0,0.0,0.0
2012,353,0.0,0.0,0.0,0.0,0.0,0.0,0.0
2012,354,0.0,0.0,0.0,0.0,0.0,0.0,0.0
2012,355,0.0,0.0,0.0,0.0,0.0,0.0,0.0
2012,356,0.0,0.0,0.0,0.0,0.0,0.0,0.0
2012,357,0.0,0.0,0.0,0.0,0.0,0.0,0.0
2012,358,0.0,0.0,0.0,0.0,0.0,0.0,0.0
2012,359,0.0,0.0,0.0,0.0,0.0,0.0,0.0
2012,360,0.0,0.0,0.0,0.0,0.0,0.0,0.0
2012,361,0.0,0.0,0.0,0.0,0.0,0.0,0.0
2012,362,0.0,0.0,0.0,0.0,0.0,0.0,0.0
2012,363,0.0,0.0,0.0,0.0,0.0,0.0,0.0
2012,364,0.0,0.0,0.0,0.0,0.0,0.0,0.0
2012,365,0.0,0.0,0.0,0.0,0.0,0.0,0.0
2012,366,0.0,0.0,0.0,0.0,0.0,0.0,0.0
2013,1,0.0,0.0,0.0,0.0,0.0,0.0,0.0
2013,2,0.0,0.0,0.0,0.0,0.0,0.0,0.0
2013,3,10400.0,520.0,624.0,0.0,0.0,0.0,0.0
2013,4,0.0,0.0,0.0,0.0,0.0,0.0,0.0
2013,5,0.0,0.0,0.0,0.0,0.0,0.0,0.0
2013,6,0.0,0.0,0.0,0.0,0.0,0.0,0.0
2013,7,0.0,0.0,0.0,0.0,0.0,0.0,0.0
2013,8,0.0,0.0,0.0,0.0,0.0,0.0,0.0
2013,9,0.0,0.0,0.0,0.0,0.0,0.0,0.0
2013,10,0.0,0.0,0.0,0.0,0.0,0.0,0.0
2013,11,0.0,0.0,0.0,0.0,0.0,0.0,0.0
2013,12,0.0,0.0,0.0,0.0,0.0,0.0,0.0
2013,13,0.0,0.0,0.0,0.0,0.0,0.0,0.0
2013,14,0.0,0.0,0.0,0.0,0.0,0.0,0.0
2013,15,0.0,0.0,0.0,0.0,0.0,0.0,0.0
2013,16,0.0,0.0,0.0,0.0,0.0,0.0,0.0
2013,17,0.0,0.0,0.0,0.0,0.0,0.0,0.0
2013,18,0.0,0.0,0.0,0.0,0.0,0.0,0.0
2013,19,0.0,0.0,0.0,0.0,0.0,0.0,0.0
2013,20,0.0,0.0,0.0,0.0,0.0,0.0,0.0
2013,21,0.0,0.0,0.0,0.0,0.0,0.0,0.0
2013,22,0.0,0.0,0.0,0.0,0.0,0.0,0.0
2013,23,0.0,0.0,0.0,0.0,0.0,0.0,0.0
2013,24,0.0,0.0,0.0,0.0,0.0,0.0,0.0
2013,25,0.0,0.0,0.0,0.0,0.0,0.0,0.0
2013,26,0.0,0.0,0.0,0.0,0.0,0.0,0.0
2013,27,0.0,0.0,0.0,0.0,0.0,0.0,0.0
2013,28,0.0,0.0,0.0,0.0,0.0,0.0,0.0
2013,29,0.0,0.0,0.0,0.0,0.0,0.0,0.0
2013,30,0.0,0.0,0.0,0.0,0.0,0.0,0.0
2013,31,0.0,0.0,0.0,0.0,0.0,0.0,0.0
2013,32,0.0,0.0,0.0,0.0,0.0,0.0,0.0
2013,33,0.0,0.0,0.0,0.0,0.0,0.0,0.0
2013,34,0.0,0.0,0.0,0.0,0.0,0.0,0.0
2013,35,0.0,0.0,0.0,0.0,0.0,0.0,0.0
2013,36,0.0,0.0,0.0,0.0,0.0,0.0,0.0
2013,37,0.0,0.0,0.0,0.0,0.0,0.0,0.0
2013,38,0.0,0.0,0.0,0.0,0.0,0.0,0.0
2013,39,0.0,0.0,0.0,0.0,0.0,0.0,0.0
2013,40,0.0,0.0,0.0,0.0,0.0,0.0,0.0
2013,41,0.0,0.0,0.0,0.0,0.0,0.0,0.0
2013,42,0.0,0.0,0.0,0.0,0.0,0.0,0.0
2013,43,0.0,0.0,0.0,0.0,0.0,0.0,0.0
2013,44,0.0,0.0,0.0,0.0,0.0,0.0,0.0
2013,45,0.0,0.0,0.0,0.0,0.0,0.0,0.0
2013,46,0.0,0.0,0.0,0.0,0.0,0.0,0.0
2013,47,0.0,0.0,0.0,0.0,0.0,0.0,0.0
2013,48,0.0,0.0,0.0,0.0,0.0,0.0,0.0
2013,49,0.0,0.0,0.0,0.0,0.0,0.0,0.0
2013,50,0.0,0.0,0.0,0.0,0.0,0.0,0.0
2013,51,0.0,0.0,0.0,0.0,0.0,0.0,0.0
2013,52,0.0,0.0,0.0,0.0,0.0,0.0,0.0
2013,53,0.0,0.0,0.0,0.0,0.0,0.0,0.0
2013,54,0.0,0.0,0.0,0.0,0.0,0.0,0.0
2013,55,0.0,0.0,0.0,0.0,0.0,0.0,0.0
2013,56,0.0,0.0,0.0,0.0,0.0,0.0,0.0
2013,57,0.0,0.0,0.0,0.0,0.0,0.0,0.0
2013,58,0.0,0.0,0.0,0.0,0.0,0.0,0.0
2013,59,0.0,0.0,0.0,0.0,0.0,0.0,0.0
2013,60,0.0,0.0,0.0,0.0,0.0,0.0,0.0
2013,61,0.0,0.0,0.0,0.0,0.0,0.0,0.0
2013,62,0.0,0.0,0.0,0.0,0.0,0.0,0.0
2013,63,0.0,0.0,0.0,0.0,0.0,0.0,0.0
2013,64,0.0,0.0,0.0,0.0,0.0,0.0,0.0
2013,65,0.0,0.0,0.0,0.0,0.0,0.0,0.0
2013,66,0.0,0.0,0.0,0.0,0.0,0.0,0.0
2013,67,0.0,0.0,0.0,0.0,0.0,0.0,0.0
2013,68,0.0,0.0,0.0,0.0,0.0,0.0,0.0
2013,69,0.0,0.0,0.0,0.0,0.0,0.0,0.0
2013,70,0.0,0.0,0.0,0.0,0.0,0.0,0.0
2013,71,0.0,0.0,0.0,0.0,0.0,0.0,0.0
2013,72,0.0,0.0,0.0,0.0,0.0,0.0,0.0
2013,73,0.0,0.0,0.0,0.0,0.0,0.0,0.0
2013,74,0.0,0.0,0.0,0.0,0.0,0.0,0.0
2013,75,0.0,0.0,0.0,0.0,0.0,0.0,0.0
2013,76,0.0,0.0,0.0,0.0,0.0,0.0,0.0
2013,77,0.0,0.0,0.0,0.0,0.0,0.0,0.0
2013,78,0.0,0.0,0.0,0.0,0.0,0.0,0.0
2013,79,0.0,0.0,0.0,0.0,0.0,0.0,0.0
2013,80,0.0,0.0,0.0,0.0,0.0,0.0,0.0
2013,81,0.0,0.0,0.0,0.0,0.0,0.0,0.0
2013,82,0.0,0.0,0.0,0.0,0.0,0.0,0.0
2013,83,0.0,0.0,0.0,0.0,0.0,0.0,0.0
2013,84,0.0,0.0,0.0,0.0,0.0,0.0,0.0
2013,85,0.0,0.0,0.0,0.0,0.0,0.0,0.0
2013,86,0.0,0.0,0.0,0.0,0.0,0.0,0.0
2013,87,0.0,0.0,0.0,0.0,0.0,0.0,0.0
2013,88,0.0,0.0,0.0,0.0,0.0,0.0,0.0
2013,89,0.0,0.0,0.0,0.0,0.0,0.0,0.0
2013,90,0.0,0.0,0.0,0.0,0.0,0.0,0.0
2013,91,0.0,0.0,0.0,0.0,0.0,0.0,0.0
2013,92,0.0,0.0,0.0,0.0,0.0,0.0,0.0
2013,93,0.0,0.0,0.0,0.0,0.0,0.0,0.0
2013,94,0.0,0.0,0.0,0.0,0.0,0.0,0.0
2013,95,0.0,0.0,0.0,0.0,0.0,0.0,0.0
2013,96,0.0,0.0,0.0,0.0,0.0,0.0,0.0
2013,97,0.0,0.0,0.0,0.0,0.0,0.0,0.0
2013,98,0.0,0.0,0.0,0.0,0.0,0.0,0.0
2013,99,0.0,0.0,0.0,0.0,0.0,0.0,0.0
2013,100,0.0,0.0,0.0,0.0,0.0,0.0,0.0
2013,101,0.0,0.0,0.0,0.0,0.0,0.0,0.0
2013,102,0.0,0.0,0.0,0.0,0.0,0.0,0.0
2013,103,0.0,0.0,0.0,0.0,0.0,0.0,0.0
2013,104,0.0,0.0,0.0,0.0,0.0,0.0,0.0
2013,105,0.0,0.0,0.0,0.0,0.0,0.0,0.0
2013,106,0.0,0.0,0.0,0.0,0.0,0.0,0.0
2013,107,0.0,0.0,0.0,0.0,0.0,0.0,0.0
2013,108,0.0,0.0,0.0,0.0,0.0,0.0,0.0
2013,109,0.0,0.0,0.0,0.0,0.0,0.0,0.0
2013,110,0.0,0.0,0.0,0.0,0.0,0.0,0.0
2013,111,0.0,0.0,0.0,0.0,0.0,0.0,0.0
2013,112,0.0,0.0,0.0,0.0,0.0,0.0,0.0
2013,113,0.0,0.0,0.0,0.0,0.0,0.0,0.0
2013,114,0.0,0.0,0.0,0.0,0.0,0.0,0.0
2013,115,0.0,0.0,0.0,0.0,0.0,0.0,0.0
2013,116,0.0,0.0,0.0,0.0,0.0,0.0,0.0
2013,117,0.0,0.0,0.0,0.0,0.0,0.0,0.0
2013,118,0.0,0.0,0.0,0.0,0.0,0.0,0.0
2013,119,0.0,0.0,0.0,0.0,0.0,0.0,0.0
2013,120,0.0,0.0,0.0,0.0,0.0,0.0,0.0
2013,121,0.0,0.0,0.0,0.0,0.0,0.0,0.0
2013,122,0.0,0.0,0.0,0.0,0.0,0.0,0.0
2013,123,0.0,0.0,0.0,0.0,0.0,0.0,0.0
2013,124,0.0,0.0,0.0,0.0,0.0,0.0,0.0
2013,125,0.0,0.0,0.0,0.0,0.0,0.0,0.0
2013,126,0.0,0.0,0.0,0.0,0.0,0.0,0.0
2013,127,0.0,0.0,0.0,0.0,0.0,0.0,0.0
2013,128,0.0,0.0,0.0,0.0,0.0,0.0,0.0
2013,129,0.0,0.0,0.0,0.0,0.0,0.0,0.0
2013,130,0.0,0.0,0.0,0.0,0.0,0.0,0.0
2013,131,0.0,0.0,0.0,0.0,0.0,0.0,0.0
2013,132,0.0,0.0,0.0,0.0,0.0,0.0,0.0
2013,133,0.0,0.0,0.0,0.0,0.0,0.0,0.0
2013,134,0.0,0.0,0.0,0.0,0.0,0.0,0.0
2013,135,0.0,0.0,0.0,0.0,0.0,0.0,0.0
2013,136,0.0,0.0,0.0,0.0,0.0,0.0,0.0
2013,137,0.0,0.0,0.0,0.0,0.0,0.0,0.0
2013,138,0.0,0.0,0.0,0.0,0.0,0.0,0.0
2013,139,0.0,0.0,0.0,0.0,0.0,0.0,0.0
2013,140,0.0,0.0,0.0,0.0,0.0,0.0,0.0
2013,141,0.0,0.0,0.0,0.0,0.0,0.0,0.0
2013,142,0.0,0.0,0.0,0.0,0.0,0.0,0.0
2013,143,0.0,0.0,0.0,0.0,0.0,0.0,0.0
2013,144,0.0,0.0,0.0,0.0,0.0,0.0,0.0
2013,145,0.0,0.0,0.0,0.0,0.0,0.0,0.0
2013,146,0.0,0.0,0.0,0.0,0.0,0.0,0.0
2013,147,0.0,0.0,0.0,0.0,0.0,0.0,0.0
2013,148,0.0,0.0,0.0,0.0,0.0,0.0,0.0
2013,149,0.0,0.0,0.0,0.0,0.0,0.0,0.0
2013,150,0.0,0.0,0.0,0.0,0.0,0.0,0.0
2013,151,0.0,0.0,0.0,0.0,0.0,0.0,0.0
2013,152,0.0,0.0,0.0,0.0,0.0,0.0,0.0
2013,153,0.0,0.0,0.0,0.0,0.0,0.0,0.0
2013,154,0.0,0.0,0.0,0.0,0.0,0.0,0.0
2013,155,0.0,0.0,0.0,0.0,0.0,0.0,0.0
2013,156,0.0,0.0,0.0,0.0,0.0,0.0,0.0
2013,157,0.0,0.0,0.0,0.0,0.0,0.0,0.0
2013,158,0.0,0.0,0.0,0.0,0.0,0.0,0.0
2013,159,0.0,0.0,0.0,0.0,0.0,0.0,0.0
2013,160,0.0,0.0,0.0,0.0,0.0,0.0,0.0
2013,161,0.0,0.0,0.0,0.0,0.0,0.0,0.0
2013,162,0.0,0.0,0.0,0.0,0.0,0.0,0.0
2013,163,0.0,0.0,0.0,0.0,0.0,0.0,0.0
2013,164,0.0,0.0,0.0,0.0,0.0,0.0,0.0
2013,165,0.0,0.0,0.0,0.0,0.0,0.0,0.0
2013,166,0.0,0.0,0.0,0.0,0.0,0.0,0.0
2013,167,0.0,0.0,0.0,0.0,0.0,0.0,0.0
2013,168,0.0,0.0,0.0,0.0,0.0,0.0,0.0
2013,169,0.0,0.0,0.0,0.0,0.0,0.0,0.0
2013,170,0.0,0.0,0.0,0.0,0.0,0.0,0.0
2013,171,0.0,0.0,0.0,0.0,0.0,0.0,0.0
2013,172,0.0,0.0,0.0,0.0,0.0,0.0,0.0
2013,173,0.0,0.0,0.0,0.0,0.0,0.0,0.0
2013,174,0.0,0.0,0.0,0.0,0.0,0.0,0.0
2013,175,0.0,0.0,0.0,0.0,0.0,0.0,0.0
2013,176,0.0,0.0,0.0,0.0,0.0,0.0,0.0
2013,177,0.0,0.0,0.0,0.0,0.0,0.0,0.0
2013,178,0.0,0.0,0.0,0.0,0.0,0.0,0.0
2013,179,0.0,0.0,0.0,0.0,0.0,0.0,0.0
2013,180,0.0,0.0,0.0,0.0,0.0,0.0,0.0
2013,181,0.0,0.0,0.0,0.0,0.0,0.0,0.0
2013,182,0.0,0.0,0.0,0.0,0.0,0.0,0.0
2013,183,0.0,0.0,0.0,0.0,0.0,0.0,0.0
2013,184,0.0,0.0,0.0,0.0,0.0,0.0,0.0
2013,185,0.0,0.0,0.0,0.0,0.0,0.0,0.0
2013,186,0.0,0.0,0.0,0.0,0.0,0.0,0.0
2013,187,0.0,0.0,0.0,0.0,0.0,0.0,0.0
2013,188,0.0,0.0,0.0,0.0,0.0,0.0,0.0
2013,189,0.0,0.0,0.0,0.0,0.0,0.0,0.0
2013,190,0.0,0.0,0.0,0.0,0.0,0.0,0.0
2013,191,0.0,0.0,0.0,0.0,0.0,0.0,0.0
2013,192,0.0,0.0,0.0,0.0,0.0,0.0,0.0
2013,193,0.0,0.0,0.0,0.0,0.0,0.0,0.0
2013,194,0.0,0.0,0.0,0.0,0.0,0.0,0.0
2013,195,0.0,0.0,0.0,0.0,0.0,0.0,0.0
2013,196,0.0,0.0,0.0,0.0,0.0,0.0,0.0
2013,197,0.0,0.0,0.0,0.0,0.0,0.0,0.0
2013,198,0.0,0.0,0.0,0.0,0.0,0.0,0.0
2013,199,0.0,0.0,0.0,0.0,0.0,0.0,0.0
2013,200,0.0,0.0,0.0,0.0,0.0,0.0,0.0
2013,201,0.0,0.0,0.0,0.0,0.0,0.0,0.0
2013,202,0.0,0.0,0.0,0.0,0.0,0.0,0.0
2013,203,0.0,0.0,0.0,0.0,0.0,0.0,0.0
2013,204,0.0,0.0,0.0,0.0,0.0,0.0,0.0
2013,205,0.0,0.0,0.0,0.0,0.0,0.0,0.0
2013,206,0.0,0.0,0.0,0.0,0.0,0.0,0.0
2013,207,0.0,0.0,0.0,0.0,0.0,0.0,0.0
2013,208,0.0,0.0,0.0,0.0,0.0,0.0,0.0
2013,209,0.0,0.0,0.0,0.0,0.0,0.0,0.0
2013,210,0.0,0.0,0.0,0.0,0.0,0.0,0.0
2013,211,0.0,0.0,0.0,0.0,0.0,0.0,0.0
2013,212,0.0,0.0,0.0,0.0,0.0,0.0,0.0
2013,213,0.0,0.0,0.0,0.0,0.0,0.0,0.0
2013,214,0.0,0.0,0.0,0.0,0.0,0.0,0.0
2013,215,0.0,0.0,0.0,0.0,0.0,0.0,0.0
2013,216,0.0,0.0,0.0,0.0,0.0,0.0,0.0
2013,217,0.0,0.0,0.0,0.0,0.0,0.0,0.0
2013,218,0.0,0.0,0.0,0.0,0.0,0.0,0.0
2013,219,0.0,0.0,0.0,0.0,0.0,0.0,0.0
2013,220,0.0,0.0,0.0,0.0,0.0,0.0,0.0
2013,221,0.0,0.0,0.0,0.0,0.0,0.0,0.0
2013,222,0.0,0.0,0.0,0.0,0.0,0.0,0.0
2013,223,0.0,0.0,0.0,0.0,0.0,0.0,0.0
2013,224,0.0,0.0,0.0,0.0,0.0,0.0,0.0
2013,225,0.0,0.0,0.0,0.0,0.0,0.0,0.0
2013,226,0.0,0.0,0.0,0.0,0.0,0.0,0.0
2013,227,0.0,0.0,0.0,0.0,0.0,0.0,0.0
2013,228,0.0,0.0,0.0,0.0,0.0,0.0,0.0
2013,229,0.0,0.0,0.0,0.0,0.0,0.0,0.0
2013,230,0.0,0.0,0.0,0.0,0.0,0.0,0.0
2013,231,0.0,0.0,0.0,0.0,0.0,0.0,0.0
2013,232,0.0,0.0,0.0,0.0,0.0,0.0,0.0
2013,233,0.0,0.0,0.0,0.0,0.0,0.0,0.0
2013,234,0.0,0.0,0.0,0.0,0.0,0.0,0.0
2013,235,0.0,0.0,0.0,0.0,0.0,0.0,0.0
2013,236,0.0,0.0,0.0,0.0,0.0,0.0,0.0
2013,237,0.0,0.0,0.0,0.0,0.0,0.0,0.0
2013,238,0.0,0.0,0.0,0.0,0.0,0.0,0.0
2013,239,0.0,0.0,0.0,0.0,0.0,0.0,0.0
2013,240,0.0,0.0,0.0,0.0,0.0,0.0,0.0
2013,241,0.0,0.0,0.0,0.0,0.0,0.0,0.0
2013,242,0.0,0.0,0.0,0.0,0.0,0.0,0.0
2013,243,0.0,0.0,0.0,0.0,0.0,0.0,0.0
2013,244,0.0,0.0,0.0,0.0,0.0,0.0,0.0
2013,245,0.0,0.0,0.0,0.0,0.0,0.0,0.0
2013,246,0.0,0.0,0.0,0.0,0.0,0.0,0.0
2013,247,0.0,0.0,0.0,0.0,0.0,0.0,0.0
2013,248,0.0,0.0,0.0,0.0,0.0,0.0,0.0
2013,249,0.0,0.0,0.0,0.0,0.0,0.0,0.0
2013,250,0.0,0.0,0.0,0.0,0.0,0.0,0.0
2013,251,0.0,0.0,0.0,0.0,0.0,0.0,0.0
2013,252,0.0,0.0,0.0,0.0,0.0,0.0,0.0
2013,253,0.0,0.0,0.0,0.0,0.0,0.0,0.0
2013,254,0.0,0.0,0.0,0.0,0.0,0.0,0.0
2013,255,0.0,0.0,0.0,0.0,0.0,0.0,0.0
2013,256,0.0,0.0,0.0,0.0,0.0,0.0,0.0
2013,257,0.0,0.0,0.0,0.0,0.0,0.0,0.0
2013,258,0.0,0.0,0.0,0.0,0.0,0.0,0.0
2013,259,0.0,0.0,0.0,0.0,0.0,0.0,0.0
2013,260,0.0,0.0,0.0,0.0,0.0,0.0,0.0
2013,261,0.0,0.0,0.0,0.0,0.0,0.0,0.0
2013,262,0.0,0.0,0.0,0.0,0.0,0.0,0.0
2013,263,0.0,0.0,0.0,0.0,0.0,0.0,0.0
2013,264,0.0,0.0,0.0,0.0,0.0,0.0,0.0
2013,265,0.0,0.0,0.0,0.0,0.0,0.0,0.0
2013,266,0.0,0.0,0.0,0.0,0.0,0.0,0.0
2013,267,0.0,0.0,0.0,0.0,0.0,0.0,0.0
2013,268,0.0,0.0,0.0,0.0,0.0,0.0,0.0
2013,269,0.0,0.0,0.0,0.0,0.0,0.0,0.0
2013,270,0.0,0.0,0.0,0.0,0.0,0.0,0.0
2013,271,0.0,0.0,0.0,0.0,0.0,0.0,0.0
2013,272,0.0,0.0,0.0,0.0,0.0,0.0,0.0
2013,273,0.0,0.0,0.0,0.0,0.0,0.0,0.0
2013,274,0.0,0.0,0.0,0.0,0.0,0.0,0.0
2013,275,0.0,0.0,0.0,0.0,0.0,0.0,0.0
2013,276,0.0,0.0,0.0,0.0,0.0,0.0,0.0
2013,277,0.0,0.0,0.0,0.0,0.0,0.0,0.0
2013,278,0.0,0.0,0.0,0.0,0.0,0.0,0.0
2013,279,0.0,0.0,0.0,0.0,0.0,0.0,0.0
2013,280,0.0,0.0,0.0,0.0,0.0,0.0,0.0
2013,281,0.0,0.0,0.0,0.0,0.0,0.0,0.0
2013,282,0.0,0.0,0.0,0.0,0.0,0.0,0.0
2013,283,0.0,0.0,0.0,0.0,0.0,0.0,0.0
2013,284,0.0,0.0,0.0,0.0,0.0,0.0,0.0
2013,285,0.0,0.0,0.0,0.0,0.0,0.0,0.0
2013,286,0.0,0.0,0.0,0.0,0.0,0.0,0.0
2013,287,0.0,0.0,0.0,0.0,0.0,0.0,0.0
2013,288,0.0,0.0,0.0,0.0,0.0,0.0,0.0
2013,289,0.0,0.0,0.0,0.0,0.0,0.0,0.0
2013,290,0.0,0.0,0.0,0.0,0.0,0.0,0.0
2013,291,0.0,0.0,0.0,0.0,0.0,0.0,0.0
2013,292,0.0,0.0,0.0,0.0,0.0,0.0,0.0
2013,293,0.0,0.0,0.0,0.0,0.0,0.0,0.0
2013,294,0.0,0.0,0.0,0.0,0.0,0.0,0.0
2013,295,0.0,0.0,0.0,0.0,0.0,0.0,0.0
2013,296,0.0,0.0,0.0,0.0,0.0,0.0,0.0
2013,297,0.0,0.0,0.0,0.0,0.0,0.0,0.0
2013,298,0.0,0.0,0.0,0.0,0.0,0.0,0.0
2013,299,0.0,0.0,0.0,0.0,0.0,0.0,0.0
2013,300,0.0,0.0,0.0,0.0,0.0,0.0,0.0
2013,301,0.0,0.0,0.0,0.0,0.0,0.0,0.0
2013,302,0.0,0.0,0.0,0.0,0.0,0.0,0.0
2013,303,0.0,0.0,0.0,0.0,0.0,0.0,0.0
2013,304,0.0,0.0,0.0,0.0,0.0,0.0,0.0
2013,305,0.0,0.0,0.0,0.0,0.0,0.0,0.0
2013,306,0.0,0.0,0.0,0.0,0.0,0.0,0.0
2013,307,0.0,0.0,0.0,0.0,0.0,0.0,0.0
2013,308,0.0,0.0,0.0,0.0,0.0,0.0,0.0
2013,309,0.0,0.0,0.0,0.0,0.0,0.0,0.0
2013,310,0.0,0.0,0.0,0.0,0.0,0.0,0.0
2013,311,0.0,0.0,0.0,0.0,0.0,0.0,0.0
2013,312,0.0,0.0,0.0,0.0,0.0,0.0,0.0
2013,313,0.0,0.0,0.0,0.0,0.0,0.0,0.0
2013,314,0.0,0.0,0.0,0.0,0.0,0.0,0.0
2013,315,0.0,0.0,0.0,0.0,0.0,0.0,0.0
2013,316,0.0,0.0,0.0,0.0,0.0,0.0,0.0
2013,317,0.0,0.0,0.0,0.0,0.0,0.0,0.0
2013,318,0.0,0.0,0.0,0.0,0.0,0.0,0.0
2013,319,0.0,0.0,0.0,0.0,0.0,0.0,0.0
2013,320,0.0,0.0,0.0,0.0,0.0,0.0,0.0
2013,321,0.0,0.0,0.0,0.0,0.0,0.0,0.0
2013,322,0.0,0.0,0.0,0.0,0.0,0.0,0.0
2013,323,0.0,0.0,0.0,0.0,0.0,0.0,0.0
2013,324,0.0,0.0,0.0,0.0,0.0,0.0,0.0
2013,325,0.0,0.0,0.0,0.0,0.0,0.0,0.0
2013,326,0.0,0.0,0.0,0.0,0.0,0.0,0.0
2013,327,0.0,0.0,0.0,0.0,0.0,0.0,0.0
2013,328,0.0,0.0,0.0,0.0,0.0,0.0,0.0
2013,329,0.0,0.0,0.0,0.0,0.0,0.0,0.0
2013,330,0.0,0.0,0.0,0.0,0.0,0.0,0.0
2013,331,0.0,0.0,0.0,0.0,0.0,0.0,0.0
2013,332,0.0,0.0,0.0,0.0,0.0,0.0,0.0
2013,333,0.0,0.0,0.0,0.0,0.0,0.0,0.0
2013,334,0.0,0.0,0.0,0.0,0.0,0.0,0.0
2013,335,0.0,0.0,0.0,0.0,0.0,0.0,0.0
2013,336,0.0,0.0,0.0,0.0,0.0,0.0,0.0
2013,337,0.0,0.0,0.0,0.0,0.0,0.0,0.0
2013,338,0.0,0.0,0.0,0.0,0.0,0.0,0.0
2013,339,0.0,0.0,0.0,0.0,0.0,0.0,0.0
2013,340,0.0,0.0,0.0,0.0,0.0,0.0,0.0
2013,341,0.0,0.0,0.0,0.0,0.0,0.0,0.0
2013,342,0.0,0.0,0.0,0.0,0.0,0.0,0.0
2013,343,0.0,0.0,0.0,0.0,0.0,0.0,0.0
2013,344,0.0,0.0,0.0,0.0,0.0,0.0,0.0
2013,345,0.0,0.0,0.0,0.0,0.0,0.0,0.0
2013,346,0.0,0.0,0.0,0.0,0.0,0.0,0.0
2013,347,0.0,0.0,0.0,0.0,0.0,0.0,0.0
2013,348,0.0,0.0,0.0,0.0,0.0,0.0,0.0
2013,349,0.0,0.0,0.0,0.0,0.0,0.0,0.0
2013,350,0.0,0.0,0.0,0.0,0.0,0.0,0.0
2013,351,0.0,0.0,0.0,0.0,0.0,0.0,0.0
2013,352,0.0,0.0,0.0,0.0,0.0,0.0,0.0
2013,353,0.0,0.0,0.0,0.0,0.0,0.0,0.0
2013,354,0.0,0.0,0.0,0.0,0.0,0.0,0.0
2013,355,0.0,0.0,0.0,0.0,0.0,0.0,0.0
2013,356,0.0,0.0,0.0,0.0,0.0,0.0,0.0
2013,357,0.0,0.0,0.0,0.0,0.0,0.0,0.0
2013,358,0.0,0.0,0.0,0.0,0.0,0.0,0.0
2013,359,0.0,0.0,0.0,0.0,0.0,0.0,0.0
2013,360,0.0,0.0,0.0,0.0,0.0,0.0,0.0
2013,361,0.0,0.0,0.0,0.0,0.0,0.0,0.0
2013,362,0.0,0.0,0.0,0.0,0.0,0.0,0.0
2013,363,0.0,0.0,0.0,0.0,0.0,0.0,0.0
2013,364,0.0,0.0,0.0,0.0,0.0,0.0,0.0
2013,365,0.0,0.0,0.0,0.0,0.0,0.0,0.0
2014,1,0.0,0.0,0.0,0.0,0.0,0.0,0.0
2014,2,0.0,0.0,0.0,0.0,0.0,0.0,0.0
2014,3,10400.0,520.0,624.0,0.0,0.0,0.0,0.0
2014,4,0.0,0.0,0.0,0.0,0.0,0.0,0.0
2014,5,0.0,0.0,0.0,0.0,0.0,0.0,0.0
2014,6,0.0,0.0,0.0,0.0,0.0,0.0,0.0
2014,7,0.0,0.0,0.0,0.0,0.0,0.0,0.0
2014,8,0.0,0.0,0.0,0.0,0.0,0.0,0.0
2014,9,0.0,0.0,0.0,0.0,0.0,0.0,0.0
2014,10,0.0,0.0,0.0,0.0,0.0,0.0,0.0
2014,11,0.0,0.0,0.0,0.0,0.0,0.0,0.0
2014,12,0.0,0.0,0.0,0.0,0.0,0.0,0.0
2014,13,0.0,0.0,0.0,0.0,0.0,0.0,0.0
2014,14,0.0,0.0,0.0,0.0,0.0,0.0,0.0
2014,15,0.0,0.0,0.0,0.0,0.0,0.0,0.0
2014,16,0.0,0.0,0.0,0.0,0.0,0.0,0.0
2014,17,0.0,0.0,0.0,0.0,0.0,0.0,0.0
2014,18,0.0,0.0,0.0,0.0,0.0,0.0,0.0
2014,19,0.0,0.0,0.0,0.0,0.0,0.0,0.0
2014,20,0.0,0.0,0.0,0.0,0.0,0.0,0.0
2014,21,0.0,0.0,0.0,0.0,0.0,0.0,0.0
2014,22,0.0,0.0,0.0,0.0,0.0,0.0,0.0
2014,23,0.0,0.0,0.0,0.0,0.0,0.0,0.0
2014,24,0.0,0.0,0.0,0.0,0.0,0.0,0.0
2014,25,0.0,0.0,0.0,0.0,0.0,0.0,0.0
2014,26,0.0,0.0,0.0,0.0,0.0,0.0,0.0
2014,27,0.0,0.0,0.0,0.0,0.0,0.0,0.0
2014,28,0.0,0.0,0.0,0.0,0.0,0.0,0.0
2014,29,0.0,0.0,0.0,0.0,0.0,0.0,0.0
2014,30,0.0,0.0,0.0,0.0,0.0,0.0,0.0
2014,31,0.0,0.0,0.0,0.0,0.0,0.0,0.0
2014,32,0.0,0.0,0.0,0.0,0.0,0.0,0.0
2014,33,0.0,0.0,0.0,0.0,0.0,0.0,0.0
2014,34,0.0,0.0,0.0,0.0,0.0,0.0,0.0
2014,35,0.0,0.0,0.0,0.0,0.0,0.0,0.0
2014,36,0.0,0.0,0.0,0.0,0.0,0.0,0.0
2014,37,0.0,0.0,0.0,0.0,0.0,0.0,0.0
2014,38,0.0,0.0,0.0,0.0,0.0,0.0,0.0
2014,39,0.0,0.0,0.0,0.0,0.0,0.0,0.0
2014,40,0.0,0.0,0.0,0.0,0.0,0.0,0.0
2014,41,0.0,0.0,0.0,0.0,0.0,0.0,0.0
2014,42,0.0,0.0,0.0,0.0,0.0,0.0,0.0
2014,43,0.0,0.0,0.0,0.0,0.0,0.0,0.0
2014,44,0.0,0.0,0.0,0.0,0.0,0.0,0.0
2014,45,0.0,0.0,0.0,0.0,0.0,0.0,0.0
2014,46,0.0,0.0,0.0,0.0,0.0,0.0,0.0
2014,47,0.0,0.0,0.0,0.0,0.0,0.0,0.0
2014,48,0.0,0.0,0.0,0.0,0.0,0.0,0.0
2014,49,0.0,0.0,0.0,0.0,0.0,0.0,0.0
2014,50,0.0,0.0,0.0,0.0,0.0,0.0,0.0
2014,51,0.0,0.0,0.0,0.0,0.0,0.0,0.0
2014,52,0.0,0.0,0.0,0.0,0.0,0.0,0.0
2014,53,0.0,0.0,0.0,0.0,0.0,0.0,0.0
2014,54,0.0,0.0,0.0,0.0,0.0,0.0,0.0
2014,55,0.0,0.0,0.0,0.0,0.0,0.0,0.0
2014,56,0.0,0.0,0.0,0.0,0.0,0.0,0.0
2014,57,0.0,0.0,0.0,0.0,0.0,0.0,0.0
2014,58,0.0,0.0,0.0,0.0,0.0,0.0,0.0
2014,59,0.0,0.0,0.0,0.0,0.0,0.0,0.0
2014,60,0.0,0.0,0.0,0.0,0.0,0.0,0.0
2014,61,0.0,0.0,0.0,0.0,0.0,0.0,0.0
2014,62,0.0,0.0,0.0,0.0,0.0,0.0,0.0
2014,63,0.0,0.0,0.0,0.0,0.0,0.0,0.0
2014,64,0.0,0.0,0.0,0.0,0.0,0.0,0.0
2014,65,0.0,0.0,0.0,0.0,0.0,0.0,0.0
2014,66,0.0,0.0,0.0,0.0,0.0,0.0,0.0
2014,67,0.0,0.0,0.0,0.0,0.0,0.0,0.0
2014,68,0.0,0.0,0.0,0.0,0.0,0.0,0.0
2014,69,0.0,0.0,0.0,0.0,0.0,0.0,0.0
2014,70,0.0,0.0,0.0,0.0,0.0,0.0,0.0
2014,71,0.0,0.0,0.0,0.0,0.0,0.0,0.0
2014,72,0.0,0.0,0.0,0.0,0.0,0.0,0.0
2014,73,0.0,0.0,0.0,0.0,0.0,0.0,0.0
2014,74,0.0,0.0,0.0,0.0,0.0,0.0,0.0
2014,75,0.0,0.0,0.0,0.0,0.0,0.0,0.0
2014,76,0.0,0.0,0.0,0.0,0.0,0.0,0.0
2014,77,0.0,0.0,0.0,0.0,0.0,0.0,0.0
2014,78,0.0,0.0,0.0,0.0,0.0,0.0,0.0
2014,79,0.0,0.0,0.0,0.0,0.0,0.0,0.0
2014,80,0.0,0.0,0.0,0.0,0.0,0.0,0.0
2014,81,0.0,0.0,0.0,0.0,0.0,0.0,0.0
2014,82,0.0,0.0,0.0,0.0,0.0,0.0,0.0
2014,83,0.0,0.0,0.0,0.0,0.0,0.0,0.0
2014,84,0.0,0.0,0.0,0.0,0.0,0.0,0.0
2014,85,0.0,0.0,0.0,0.0,0.0,0.0,0.0
2014,86,0.0,0.0,0.0,0.0,0.0,0.0,0.0
2014,87,0.0,0.0,0.0,0.0,0.0,0.0,0.0
2014,88,0.0,0.0,0.0,0.0,0.0,0.0,0.0
2014,89,0.0,0.0,0.0,0.0,0.0,0.0,0.0
2014,90,0.0,0.0,0.0,0.0,0.0,0.0,0.0
2014,91,0.0,0.0,0.0,0.0,0.0,0.0,0.0
2014,92,0.0,0.0,0.0,0.0,0.0,0.0,0.0
2014,93,0.0,0.0,0.0,0.0,0.0,0.0,0.0
2014,94,0.0,0.0,0.0,0.0,0.0,0.0,0.0
2014,95,0.0,0.0,0.0,0.0,0.0,0.0,0.0
2014,96,0.0,0.0,0.0,0.0,0.0,0.0,0.0
2014,97,0.0,0.0,0.0,0.0,0.0,0.0,0.0
2014,98,0.0,0.0,0.0,0.0,0.0,0.0,0.0
2014,99,0.0,0.0,0.0,0.0,0.0,0.0,0.0
2014,100,0.0,0.0,0.0,0.0,0.0,0.0,0.0
2014,101,0.0,0.0,0.0,0.0,0.0,0.0,0.0
2014,102,0.0,0.0,0.0,0.0,0.0,0.0,0.0
2014,103,0.0,0.0,0.0,0.0,0.0,0.0,0.0
2014,104,0.0,0.0,0.0,0.0,0.0,0.0,0.0
2014,105,0.0,0.0,0.0,0.0,0.0,0.0,0.0
2014,106,0.0,0.0,0.0,0.0,0.0,0.0,0.0
2014,107,0.0,0.0,0.0,0.0,0.0,0.0,0.0
2014,108,0.0,0.0,0.0,0.0,0.0,0.0,0.0
2014,109,0.0,0.0,0.0,0.0,0.0,0.0,0.0
2014,110,0.0,0.0,0.0,0.0,0.0,0.0,0.0
2014,111,0.0,0.0,0.0,0.0,0.0,0.0,0.0
2014,112,0.0,0.0,0.0,0.0,0.0,0.0,0.0
2014,113,0.0,0.0,0.0,0.0,0.0,0.0,0.0
2014,114,0.0,0.0,0.0,0.0,0.0,0.0,0.0
2014,115,0.0,0.0,0.0,0.0,0.0,0.0,0.0
2014,116,0.0,0.0,0.0,0.0,0.0,0.0,0.0
2014,117,0.0,0.0,0.0,0.0,0.0,0.0,0.0
2014,118,0.0,0.0,0.0,0.0,0.0,0.0,0.0
2014,119,0.0,0.0,0.0,0.0,0.0,0.0,0.0
2014,120,0.0,0.0,0.0,0.0,0.0,0.0,0.0
2014,121,0.0,0.0,0.0,0.0,0.0,0.0,0.0
2014,122,0.0,0.0,0.0,0.0,0.0,0.0,0.0
2014,123,0.0,0.0,0.0,0.0,0.0,0.0,0.0
2014,124,0.0,0.0,0.0,0.0,0.0,0.0,0.0
2014,125,0.0,0.0,0.0,0.0,0.0,0.0,0.0
2014,126,0.0,0.0,0.0,0.0,0.0,0.0,0.0
2014,127,0.0,0.0,0.0,0.0,0.0,0.0,0.0
2014,128,0.0,0.0,0.0,0.0,0.0,0.0,0.0
2014,129,0.0,0.0,0.0,0.0,0.0,0.0,0.0
2014,130,0.0,0.0,0.0,0.0,0.0,0.0,0.0
2014,131,0.0,0.0,0.0,0.0,0.0,0.0,0.0
2014,132,0.0,0.0,0.0,0.0,0.0,0.0,0.0
2014,133,0.0,0.0,0.0,0.0,0.0,0.0,0.0
2014,134,0.0,0.0,0.0,0.0,0.0,0.0,0.0
2014,135,0.0,0.0,0.0,0.0,0.0,0.0,0.0
2014,136,0.0,0.0,0.0,0.0,0.0,0.0,0.0
2014,137,0.0,0.0,0.0,0.0,0.0,0.0,0.0
2014,138,0.0,0.0,0.0,0.0,0.0,0.0,0.0
2014,139,0.0,0.0,0.0,0.0,0.0,0.0,0.0
2014,140,0.0,0.0,0.0,0.0,0.0,0.0,0.0
2014,141,0.0,0.0,0.0,0.0,0.0,0.0,0.0
2014,142,0.0,0.0,0.0,0.0,0.0,0.0,0.0
2014,143,0.0,0.0,0.0,0.0,0.0,0.0,0.0
2014,144,0.0,0.0,0.0,0.0,0.0,0.0,0.0
2014,145,0.0,0.0,0.0,0.0,0.0,0.0,0.0
2014,146,0.0,0.0,0.0,0.0,0.0,0.0,0.0
2014,147,0.0,0.0,0.0,0.0,0.0,0.0,0.0
2014,148,0.0,0.0,0.0,0.0,0.0,0.0,0.0
2014,149,0.0,0.0,0.0,0.0,0.0,0.0,0.0
2014,150,0.0,0.0,0.0,0.0,0.0,0.0,0.0
2014,151,0.0,0.0,0.0,0.0,0.0,0.0,0.0
2014,152,0.0,0.0,0.0,0.0,0.0,0.0,0.0
2014,153,0.0,0.0,0.0,0.0,0.0,0.0,0.0
2014,154,0.0,0.0,0.0,0.0,0.0,0.0,0.0
2014,155,0.0,0.0,0.0,0.0,0.0,0.0,0.0
2014,156,0.0,0.0,0.0,0.0,0.0,0.0,0.0
2014,157,0.0,0.0,0.0,0.0,0.0,0.0,0.0
2014,158,0.0,0.0,0.0,0.0,0.0,0.0,0.0
2014,159,0.0,0.0,0.0,0.0,0.0,0.0,0.0
2014,160,0.0,0.0,0.0,0.0,0.0,0.0,0.0
2014,161,0.0,0.0,0.0,0.0,0.0,0.0,0.0
2014,162,0.0,0.0,0.0,0.0,0.0,0.0,0.0
2014,163,0.0,0.0,0.0,0.0,0.0,0.0,0.0
2014,164,0.0,0.0,0.0,0.0,0.0,0.0,0.0
2014,165,0.0,0.0,0.0,0.0,0.0,0.0,0.0
2014,166,0.0,0.0,0.0,0.0,0.0,0.0,0.0
2014,167,0.0,0.0,0.0,0.0,0.0,0.0,0.0
2014,168,0.0,0.0,0.0,0.0,0.0,0.0,0.0
2014,169,0.0,0.0,0.0,0.0,0.0,0.0,0.0
2014,170,0.0,0.0,0.0,0.0,0.0,0.0,0.0
2014,171,0.0,0.0,0.0,0.0,0.0,0.0,0.0
2014,172,0.0,0.0,0.0,0.0,0.0,0.0,0.0
2014,173,0.0,0.0,0.0,0.0,0.0,0.0,0.0
2014,174,0.0,0.0,0.0,0.0,0.0,0.0,0.0
2014,175,0.0,0.0,0.0,0.0,0.0,0.0,0.0
2014,176,0.0,0.0,0.0,0.0,0.0,0.0,0.0
2014,177,0.0,0.0,0.0,0.0,0.0,0.0,0.0
2014,178,0.0,0.0,0.0,0.0,0.0,0.0,0.0
2014,179,0.0,0.0,0.0,0.0,0.0,0.0,0.0
2014,180,0.0,0.0,0.0,0.0,0.0,0.0,0.0
2014,181,0.0,0.0,0.0,0.0,0.0,0.0,0.0
2014,182,0.0,0.0,0.0,0.0,0.0,0.0,0.0
2014,183,0.0,0.0,0.0,0.0,0.0,0.0,0.0
2014,184,0.0,0.0,0.0,0.0,0.0,0.0,0.0
2014,185,0.0,0.0,0.0,0.0,0.0,0.0,0.0
2014,186,0.0,0.0,0.0,0.0,0.0,0.0,0.0
2014,187,0.0,0.0,0.0,0.0,0.0,0.0,0.0
2014,188,0.0,0.0,0.0,0.0,0.0,0.0,0.0
2014,189,0.0,0.0,0.0,0.0,0.0,0.0,0.0
2014,190,0.0,0.0,0.0,0.0,0.0,0.0,0.0
2014,191,0.0,0.0,0.0,0.0,0.0,0.0,0.0
2014,192,0.0,0.0,0.0,0.0,0.0,0.0,0.0
2014,193,0.0,0.0,0.0,0.0,0.0,0.0,0.0
2014,194,0.0,0.0,0.0,0.0,0.0,0.0,0.0
2014,195,0.0,0.0,0.0,0.0,0.0,0.0,0.0
2014,196,0.0,0.0,0.0,0.0,0.0,0.0,0.0
2014,197,0.0,0.0,0.0,0.0,0.0,0.0,0.0
2014,198,0.0,0.0,0.0,0.0,0.0,0.0,0.0
2014,199,0.0,0.0,0.0,0.0,0.0,0.0,0.0
2014,200,0.0,0.0,0.0,0.0,0.0,0.0,0.0
2014,201,0.0,0.0,0.0,0.0,0.0,0.0,0.0
2014,202,0.0,0.0,0.0,0.0,0.0,0.0,0.0
2014,203,0.0,0.0,0.0,0.0,0.0,0.0,0.0
2014,204,0.0,0.0,0.0,0.0,0.0,0.0,0.0
2014,205,0.0,0.0,0.0,0.0,0.0,0.0,0.0
2014,206,0.0,0.0,0.0,0.0,0.0,0.0,0.0
2014,207,0.0,0.0,0.0,0.0,0.0,0.0,0.0
2014,208,0.0,0.0,0.0,0.0,0.0,0.0,0.0
2014,209,0.0,0.0,0.0,0.0,0.0,0.0,0.0
2014,210,0.0,0.0,0.0,0.0,0.0,0.0,0.0
2014,211,0.0,0.0,0.0,0.0,0.0,0.0,0.0
2014,212,0.0,0.0,0.0,0.0,0.0,0.0,0.0
2014,213,0.0,0.0,0.0,0.0,0.0,0.0,0.0
2014,214,0.0,0.0,0.0,0.0,0.0,0.0,0.0
2014,215,0.0,0.0,0.0,0.0,0.0,0.0,0.0
2014,216,0.0,0.0,0.0,0.0,0.0,0.0,0.0
2014,217,0.0,0.0,0.0,0.0,0.0,0.0,0.0
2014,218,0.0,0.0,0.0,0.0,0.0,0.0,0.0
2014,219,0.0,0.0,0.0,0.0,0.0,0.0,0.0
2014,220,0.0,0.0,0.0,0.0,0.0,0.0,0.0
2014,221,0.0,0.0,0.0,0.0,0.0,0.0,0.0
2014,222,0.0,0.0,0.0,0.0,0.0,0.0,0.0
2014,223,0.0,0.0,0.0,0.0,0.0,0.0,0.0
2014,224,0.0,0.0,0.0,0.0,0.0,0.0,0.0
2014,225,0.0,0.0,0.0,0.0,0.0,0.0,0.0
2014,226,0.0,0.0,0.0,0.0,0.0,0.0,0.0
2014,227,0.0,0.0,0.0,0.0,0.0,0.0,0.0
2014,228,0.0,0.0,0.0,0.0,0.0,0.0,0.0
2014,229,0.0,0.0,0.0,0.0,0.0,0.0,0.0
2014,230,0.0,0.0,0.0,0.0,0.0,0.0,0.0
2014,231,0.0,0.0,0.0,0.0,0.0,0.0,0.0
2014,232,0.0,0.0,0.0,0.0,0.0,0.0,0.0
2014,233,0.0,0.0,0.0,0.0,0.0,0.0,0.0
2014,234,0.0,0.0,0.0,0.0,0.0,0.0,0.0
2014,235,0.0,0.0,0.0,0.0,0.0,0.0,0.0
2014,236,0.0,0.0,0.0,0.0,0.0,0.0,0.0
2014,237,0.0,0.0,0.0,0.0,0.0,0.0,0.0
2014,238,0.0,0.0,0.0,0.0,0.0,0.0,0.0
2014,239,0.0,0.0,0.0,0.0,0.0,0.0,0.0
2014,240,0.0,0.0,0.0,0.0,0.0,0.0,0.0
2014,241,0.0,0.0,0.0,0.0,0.0,0.0,0.0
2014,242,0.0,0.0,0.0,0.0,0.0,0.0,0.0
2014,243,0.0,0.0,0.0,0.0,0.0,0.0,0.0
2014,244,0.0,0.0,0.0,0.0,0.0,0.0,0.0
2014,245,0.0,0.0,0.0,0.0,0.0,0.0,0.0
2014,246,0.0,0.0,0.0,0.0,0.0,0.0,0.0
2014,247,0.0,0.0,0.0,0.0,0.0,0.0,0.0
2014,248,0.0,0.0,0.0,0.0,0.0,0.0,0.0
2014,249,0.0,0.0,0.0,0.0,0.0,0.0,0.0
2014,250,0.0,0.0,0.0,0.0,0.0,0.0,0.0
2014,251,0.0,0.0,0.0,0.0,0.0,0.0,0.0
2014,252,0.0,0.0,0.0,0.0,0.0,0.0,0.0
2014,253,0.0,0.0,0.0,0.0,0.0,0.0,0.0
2014,254,0.0,0.0,0.0,0.0,0.0,0.0,0.0
2014,255,0.0,0.0,0.0,0.0,0.0,0.0,0.0
2014,256,0.0,0.0,0.0,0.0,0.0,0.0,0.0
2014,257,0.0,0.0,0.0,0.0,0.0,0.0,0.0
2014,258,0.0,0.0,0.0,0.0,0.0,0.0,0.0
2014,259,0.0,0.0,0.0,0.0,0.0,0.0,0.0
2014,260,0.0,0.0,0.0,0.0,0.0,0.0,0.0
2014,261,0.0,0.0,0.0,0.0,0.0,0.0,0.0
2014,262,0.0,0.0,0.0,0.0,0.0,0.0,0.0
2014,263,0.0,0.0,0.0,0.0,0.0,0.0,0.0
2014,264,0.0,0.0,0.0,0.0,0.0,0.0,0.0
2014,265,0.0,0.0,0.0,0.0,0.0,0.0,0.0
2014,266,0.0,0.0,0.0,0.0,0.0,0.0,0.0
2014,267,0.0,0.0,0.0,0.0,0.0,0.0,0.0
2014,268,0.0,0.0,0.0,0.0,0.0,0.0,0.0
2014,269,0.0,0.0,0.0,0.0,0.0,0.0,0.0
2014,270,0.0,0.0,0.0,0.0,0.0,0.0,0.0
2014,271,0.0,0.0,0.0,0.0,0.0,0.0,0.0
2014,272,0.0,0.0,0.0,0.0,0.0,0.0,0.0
2014,273,0.0,0.0,0.0,0.0,0.0,0.0,0.0
2014,274,0.0,0.0,0.0,0.0,0.0,0.0,0.0
2014,275,0.0,0.0,0.0,0.0,0.0,0.0,0.0
2014,276,0.0,0.0,0.0,0.0,0.0,0.0,0.0
2014,277,0.0,0.0,0.0,0.0,0.0,0.0,0.0
2014,278,0.0,0.0,0.0,0.0,0.0,0.0,0.0
2014,279,0.0,0.0,0.0,0.0,0.0,0.0,0.0
2014,280,0.0,0.0,0.0,0.0,0.0,0.0,0.0
2014,281,0.0,0.0,0.0,0.0,0.0,0.0,0.0
2014,282,0.0,0.0,0.0,0.0,0.0,0.0,0.0
2014,283,0.0,0.0,0.0,0.0,0.0,0.0,0.0
2014,284,0.0,0.0,0.0,0.0,0.0,0.0,0.0
2014,285,0.0,0.0,0.0,0.0,0.0,0.0,0.0
2014,286,0.0,0.0,0.0,0.0,0.0,0.0,0.0
2014,287,0.0,0.0,0.0,0.0,0.0,0.0,0.0
2014,288,0.0,0.0,0.0,0.0,0.0,0.0,0.0
2014,289,0.0,0.0,0.0,0.0,0.0,0.0,0.0
2014,290,0.0,0.0,0.0,0.0,0.0,0.0,0.0
2014,291,0.0,0.0,0.0,0.0,0.0,0.0,0.0
2014,292,0.0,0.0,0.0,0.0,0.0,0.0,0.0
2014,293,0.0,0.0,0.0,0.0,0.0,0.0,0.0
2014,294,0.0,0.0,0.0,0.0,0.0,0.0,0.0
2014,295,0.0,0.0,0.0,0.0,0.0,0.0,0.0
2014,296,0.0,0.0,0.0,0.0,0.0,0.0,0.0
2014,297,0.0,0.0,0.0,0.0,0.0,0.0,0.0
2014,298,0.0,0.0,0.0,0.0,0.0,0.0,0.0
2014,299,0.0,0.0,0.0,0.0,0.0,0.0,0.0
2014,300,0.0,0.0,0.0,0.0,0.0,0.0,0.0
2014,301,0.0,0.0,0.0,0.0,0.0,0.0,0.0
2014,302,0.0,0.0,0.0,0.0,0.0,0.0,0.0
2014,303,0.0,0.0,0.0,0.0,0.0,0.0,0.0
2014,304,0.0,0.0,0.0,0.0,0.0,0.0,0.0
2014,305,0.0,0.0,0.0,0.0,0.0,0.0,0.0
2014,306,0.0,0.0,0.0,0.0,0.0,0.0,0.0
2014,307,0.0,0.0,0.0,0.0,0.0,0.0,0.0
2014,308,0.0,0.0,0.0,0.0,0.0,0.0,0.0
2014,309,0.0,0.0,0.0,0.0,0.0,0.0,0.0
2014,310,0.0,0.0,0.0,0.0,0.0,0.0,0.0
2014,311,0.0,0.0,0.0,0.0,0.0,0.0,0.0
2014,312,0.0,0.0,0.0,0.0,0.0,0.0,0.0
2014,313,0.0,0.0,0.0,0.0,0.0,0.0,0.0
2014,314,0.0,0.0,0.0,0.0,0.0,0.0,0.0
2014,315,0.0,0.0,0.0,0.0,0.0,0.0,0.0
2014,316,0.0,0.0,0.0,0.0,0.0,0.0,0.0
2014,317,0.0,0.0,0.0,0.0,0.0,0.0,0.0
2014,318,0.0,0.0,0.0,0.0,0.0,0.0,0.0
2014,319,0.0,0.0,0.0,0.0,0.0,0.0,0.0
2014,320,0.0,0.0,0.0,0.0,0.0,0.0,0.0
2014,321,0.0,0.0,0.0,0.0,0.0,0.0,0.0
2014,322,0.0,0.0,0.0,0.0,0.0,0.0,0.0
2014,323,0.0,0.0,0.0,0.0,0.0,0.0,0.0
2014,324,0.0,0.0,0.0,0.0,0.0,0.0,0.0
2014,325,0.0,0.0,0.0,0.0,0.0,0.0,0.0
2014,326,0.0,0.0,0.0,0.0,0.0,0.0,0.0
2014,327,0.0,0.0,0.0,0.0,0.0,0.0,0.0
2014,328,0.0,0.0,0.0,0.0,0.0,0.0,0.0
2014,329,0.0,0.0,0.0,0.0,0.0,0.0,0.0
2014,330,0.0,0.0,0.0,0.0,0.0,0.0,0.0
2014,331,0.0,0.0,0.0,0.0,0.0,0.0,0.0
2014,332,0.0,0.0,0.0,0.0,0.0,0.0,0.0
2014,333,0.0,0.0,0.0,0.0,0.0,0.0,0.0
2014,334,0.0,0.0,0.0,0.0,0.0,0.0,0.0
2014,335,0.0,0.0,0.0,0.0,0.0,0.0,0.0
2014,336,0.0,0.0,0.0,0.0,0.0,0.0,0.0
2014,337,0.0,0.0,0.0,0.0,0.0,0.0,0.0
2014,338,0.0,0.0,0.0,0.0,0.0,0.0,0.0
2014,339,0.0,0.0,0.0,0.0,0.0,0.0,0.0
2014,340,0.0,0.0,0.0,0.0,0.0,0.0,0.0
2014,341,0.0,0.0,0.0,0.0,0.0,0.0,0.0
2014,342,0.0,0.0,0.0,0.0,0.0,0.0,0.0
2014,343,0.0,0.0,0.0,0.0,0.0,0.0,0.0
2014,344,0.0,0.0,0.0,0.0,0.0,0.0,0.0
2014,345,0.0,0.0,0.0,0.0,0.0,0.0,0.0
2014,346,0.0,0.0,0.0,0.0,0.0,0.0,0.0
2014,347,0.0,0.0,0.0,0.0,0.0,0.0,0.0
2014,348,0.0,0.0,0.0,0.0,0.0,0.0,0.0
2014,349,0.0,0.0,0.0,0.0,0.0,0.0,0.0
2014,350,0.0,0.0,0.0,0.0,0.0,0.0,0.0
2014,351,0.0,0.0,0.0,0.0,0.0,0.0,0.0
2014,352,0.0,0.0,0.0,0.0,0.0,0.0,0.0
2014,353,0.0,0.0,0.0,0.0,0.0,0.0,0.0
2014,354,0.0,0.0,0.0,0.0,0.0,0.0,0.0
2014,355,0.0,0.0,0.0,0.0,0.0,0.0,0.0
2014,356,0.0,0.0,0.0,0.0,0.0,0.0,0.0
2014,357,0.0,0.0,0.0,0.0,0.0,0.0,0.0
2014,358,0.0,0.0,0.0,0.0,0.0,0.0,0.0
2014,359,0.0,0.0,0.0,0.0,0.0,0.0,0.0
2014,360,0.0,0.0,0.0,0.0,0.0,0.0,0.0
2014,361,0.0,0.0,0.0,0.0,0.0,0.0,0.0
2014,362,0.0,0.0,0.0,0.0,0.0,0.0,0.0
2014,363,0.0,0.0,0.0,0.0,0.0,0.0,0.0
2014,364,0.0,0.0,0.0,0.0,0.0,0.0,0.0
2014,365,0.0,0.0,0.0,0.0,0.0,0.0,0.0
2015,1,0.0,0.0,0.0,0.0,0.0,0.0,0.0
2015,2,0.0,0.0,0.0,0.0,0.0,0.0,0.0
2015,3,0.0,0.0,0.0,0.0,0.0,0.0,0.0
2015,4,0.0,0.0,0.0,0.0,0.0,0.0,0.0
2015,5,0.0,0.0,0.0,0.0,0.0,0.0,0.0
2015,6,0.0,0.0,0.0,0.0,0.0,0.0,0.0
2015,7,0.0,0.0,0.0,0.0,0.0,0.0,0.0
2015,8,0.0,0.0,0.0,0.0,0.0,0.0,0.0
2015,9,0.0,0.0,0.0,0.0,0.0,0.0,0.0
2015,10,0.0,0.0,0.0,0.0,0.0,0.0,0.0
2015,11,10400.0,520.0,624.0,0.0,0.0,0.0,0.0
2015,12,0.0,0.0,0.0,0.0,0.0,0.0,0.0
2015,13,0.0,0.0,0.0,0.0,0.0,0.0,0.0
2015,14,0.0,0.0,0.0,0.0,0.0,0.0,0.0
2015,15,0.0,0.0,0.0,0.0,0.0,0.0,0.0
2015,16,0.0,0.0,0.0,0.0,0.0,0.0,0.0
2015,17,0.0,0.0,0.0,0.0,0.0,0.0,0.0
2015,18,0.0,0.0,0.0,0.0,0.0,0.0,0.0
2015,19,0.0,0.0,0.0,0.0,0.0,0.0,0.0
2015,20,0.0,0.0,0.0,0.0,0.0,0.0,0.0
2015,21,0.0,0.0,0.0,0.0,0.0,0.0,0.0
2015,22,0.0,0.0,0.0,0.0,0.0,0.0,0.0
2015,23,0.0,0.0,0.0,0.0,0.0,0.0,0.0
2015,24,0.0,0.0,0.0,0.0,0.0,0.0,0.0
2015,25,0.0,0.0,0.0,0.0,0.0,0.0,0.0
2015,26,0.0,0.0,0.0,0.0,0.0,0.0,0.0
2015,27,0.0,0.0,0.0,0.0,0.0,0.0,0.0
2015,28,0.0,0.0,0.0,0.0,0.0,0.0,0.0
2015,29,0.0,0.0,0.0,0.0,0.0,0.0,0.0
2015,30,0.0,0.0,0.0,0.0,0.0,0.0,0.0
2015,31,0.0,0.0,0.0,0.0,0.0,0.0,0.0
2015,32,0.0,0.0,0.0,0.0,0.0,0.0,0.0
2015,33,0.0,0.0,0.0,0.0,0.0,0.0,0.0
2015,34,0.0,0.0,0.0,0.0,0.0,0.0,0.0
2015,35,0.0,0.0,0.0,0.0,0.0,0.0,0.0
2015,36,0.0,0.0,0.0,0.0,0.0,0.0,0.0
2015,37,0.0,0.0,0.0,0.0,0.0,0.0,0.0
2015,38,0.0,0.0,0.0,0.0,0.0,0.0,0.0
2015,39,0.0,0.0,0.0,0.0,0.0,0.0,0.0
2015,40,0.0,0.0,0.0,0.0,0.0,0.0,0.0
2015,41,0.0,0.0,0.0,0.0,0.0,0.0,0.0
2015,42,0.0,0.0,0.0,0.0,0.0,0.0,0.0
2015,43,0.0,0.0,0.0,0.0,0.0,0.0,0.0
2015,44,0.0,0.0,0.0,0.0,0.0,0.0,0.0
2015,45,0.0,0.0,0.0,0.0,0.0,0.0,0.0
2015,46,0.0,0.0,0.0,0.0,0.0,0.0,0.0
2015,47,0.0,0.0,0.0,0.0,0.0,0.0,0.0
2015,48,0.0,0.0,0.0,0.0,0.0,0.0,0.0
2015,49,0.0,0.0,0.0,0.0,0.0,0.0,0.0
2015,50,0.0,0.0,0.0,0.0,0.0,0.0,0.0
2015,51,0.0,0.0,0.0,0.0,0.0,0.0,0.0
2015,52,0.0,0.0,0.0,0.0,0.0,0.0,0.0
2015,53,0.0,0.0,0.0,0.0,0.0,0.0,0.0
2015,54,0.0,0.0,0.0,0.0,0.0,0.0,0.0
2015,55,0.0,0.0,0.0,0.0,0.0,0.0,0.0
2015,56,0.0,0.0,0.0,0.0,0.0,0.0,0.0
2015,57,0.0,0.0,0.0,0.0,0.0,0.0,0.0
2015,58,0.0,0.0,0.0,0.0,0.0,0.0,0.0
2015,59,0.0,0.0,0.0,0.0,0.0,0.0,0.0
2015,60,0.0,0.0,0.0,0.0,0.0,0.0,0.0
2015,61,0.0,0.0,0.0,0.0,0.0,0.0,0.0
2015,62,0.0,0.0,0.0,0.0,0.0,0.0,0.0
2015,63,0.0,0.0,0.0,0.0,0.0,0.0,0.0
2015,64,0.0,0.0,0.0,0.0,0.0,0.0,0.0
2015,65,0.0,0.0,0.0,0.0,0.0,0.0,0.0
2015,66,0.0,0.0,0.0,0.0,0.0,0.0,0.0
2015,67,0.0,0.0,0.0,0.0,0.0,0.0,0.0
2015,68,0.0,0.0,0.0,0.0,0.0,0.0,0.0
2015,69,0.0,0.0,0.0,0.0,0.0,0.0,0.0
2015,70,0.0,0.0,0.0,0.0,0.0,0.0,0.0
2015,71,0.0,0.0,0.0,0.0,0.0,0.0,0.0
2015,72,0.0,0.0,0.0,0.0,0.0,0.0,0.0
2015,73,0.0,0.0,0.0,0.0,0.0,0.0,0.0
2015,74,0.0,0.0,0.0,0.0,0.0,0.0,0.0
2015,75,0.0,0.0,0.0,0.0,0.0,0.0,0.0
2015,76,0.0,0.0,0.0,0.0,0.0,0.0,0.0
2015,77,0.0,0.0,0.0,0.0,0.0,0.0,0.0
2015,78,0.0,0.0,0.0,0.0,0.0,0.0,0.0
2015,79,0.0,0.0,0.0,0.0,0.0,0.0,0.0
2015,80,0.0,0.0,0.0,0.0,0.0,0.0,0.0
2015,81,0.0,0.0,0.0,0.0,0.0,0.0,0.0
2015,82,0.0,0.0,0.0,0.0,0.0,0.0,0.0
2015,83,0.0,0.0,0.0,0.0,0.0,0.0,0.0
2015,84,0.0,0.0,0.0,0.0,0.0,0.0,0.0
2015,85,0.0,0.0,0.0,0.0,0.0,0.0,0.0
2015,86,0.0,0.0,0.0,0.0,0.0,0.0,0.0
2015,87,0.0,0.0,0.0,0.0,0.0,0.0,0.0
2015,88,0.0,0.0,0.0,0.0,0.0,0.0,0.0
2015,89,0.0,0.0,0.0,0.0,0.0,0.0,0.0
2015,90,0.0,0.0,0.0,0.0,0.0,0.0,0.0
2015,91,0.0,0.0,0.0,0.0,0.0,0.0,0.0
2015,92,0.0,0.0,0.0,0.0,0.0,0.0,0.0
2015,93,0.0,0.0,0.0,0.0,0.0,0.0,0.0
2015,94,0.0,0.0,0.0,0.0,0.0,0.0,0.0
2015,95,0.0,0.0,0.0,0.0,0.0,0.0,0.0
2015,96,0.0,0.0,0.0,0.0,0.0,0.0,0.0
2015,97,0.0,0.0,0.0,0.0,0.0,0.0,0.0
2015,98,0.0,0.0,0.0,0.0,0.0,0.0,0.0
2015,99,0.0,0.0,0.0,0.0,0.0,0.0,0.0
2015,100,0.0,0.0,0.0,0.0,0.0,0.0,0.0
2015,101,0.0,0.0,0.0,0.0,0.0,0.0,0.0
2015,102,0.0,0.0,0.0,0.0,0.0,0.0,0.0
2015,103,0.0,0.0,0.0,0.0,0.0,0.0,0.0
2015,104,0.0,0.0,0.0,0.0,0.0,0.0,0.0
2015,105,0.0,0.0,0.0,0.0,0.0,0.0,0.0
2015,106,0.0,0.0,0.0,0.0,0.0,0.0,0.0
2015,107,0.0,0.0,0.0,0.0,0.0,0.0,0.0
2015,108,0.0,0.0,0.0,0.0,0.0,0.0,0.0
2015,109,0.0,0.0,0.0,0.0,0.0,0.0,0.0
2015,110,0.0,0.0,0.0,0.0,0.0,0.0,0.0
2015,111,0.0,0.0,0.0,0.0,0.0,0.0,0.0
2015,112,0.0,0.0,0.0,0.0,0.0,0.0,0.0
2015,113,0.0,0.0,0.0,0.0,0.0,0.0,0.0
2015,114,0.0,0.0,0.0,0.0,0.0,0.0,0.0
2015,115,0.0,0.0,0.0,0.0,0.0,0.0,0.0
2015,116,0.0,0.0,0.0,0.0,0.0,0.0,0.0
2015,117,0.0,0.0,0.0,0.0,0.0,0.0,0.0
2015,118,0.0,0.0,0.0,0.0,0.0,0.0,0.0
2015,119,0.0,0.0,0.0,0.0,0.0,0.0,0.0
2015,120,0.0,0.0,0.0,0.0,0.0,0.0,0.0
2015,121,0.0,0.0,0.0,0.0,0.0,0.0,0.0
2015,122,0.0,0.0,0.0,0.0,0.0,0.0,0.0
2015,123,0.0,0.0,0.0,0.0,0.0,0.0,0.0
2015,124,0.0,0.0,0.0,0.0,0.0,0.0,0.0
2015,125,0.0,0.0,0.0,0.0,0.0,0.0,0.0
2015,126,0.0,0.0,0.0,0.0,0.0,0.0,0.0
2015,127,0.0,0.0,0.0,0.0,0.0,0.0,0.0
2015,128,0.0,0.0,0.0,0.0,0.0,0.0,0.0
2015,129,0.0,0.0,0.0,0.0,0.0,0.0,0.0
2015,130,0.0,0.0,0.0,0.0,0.0,0.0,0.0
2015,131,0.0,0.0,0.0,0.0,0.0,0.0,0.0
2015,132,0.0,0.0,0.0,0.0,0.0,0.0,0.0
2015,133,0.0,0.0,0.0,0.0,0.0,0.0,0.0
2015,134,0.0,0.0,0.0,0.0,0.0,0.0,0.0
2015,135,0.0,0.0,0.0,0.0,0.0,0.0,0.0
2015,136,0.0,0.0,0.0,0.0,0.0,0.0,0.0
2015,137,0.0,0.0,0.0,0.0,0.0,0.0,0.0
2015,138,0.0,0.0,0.0,0.0,0.0,0.0,0.0
2015,139,0.0,0.0,0.0,0.0,0.0,0.0,0.0
2015,140,0.0,0.0,0.0,0.0,0.0,0.0,0.0
2015,141,0.0,0.0,0.0,0.0,0.0,0.0,0.0
2015,142,0.0,0.0,0.0,0.0,0.0,0.0,0.0
2015,143,0.0,0.0,0.0,0.0,0.0,0.0,0.0
2015,144,0.0,0.0,0.0,0.0,0.0,0.0,0.0
2015,145,0.0,0.0,0.0,0.0,0.0,0.0,0.0
2015,146,0.0,0.0,0.0,0.0,0.0,0.0,0.0
2015,147,0.0,0.0,0.0,0.0,0.0,0.0,0.0
2015,148,0.0,0.0,0.0,0.0,0.0,0.0,0.0
2015,149,0.0,0.0,0.0,0.0,0.0,0.0,0.0
2015,150,0.0,0.0,0.0,0.0,0.0,0.0,0.0
2015,151,0.0,0.0,0.0,0.0,0.0,0.0,0.0
2015,152,0.0,0.0,0.0,0.0,0.0,0.0,0.0
2015,153,0.0,0.0,0.0,0.0,0.0,0.0,0.0
2015,154,0.0,0.0,0.0,0.0,0.0,0.0,0.0
2015,155,0.0,0.0,0.0,0.0,0.0,0.0,0.0
2015,156,0.0,0.0,0.0,0.0,0.0,0.0,0.0
2015,157,0.0,0.0,0.0,0.0,0.0,0.0,0.0
2015,158,0.0,0.0,0.0,0.0,0.0,0.0,0.0
2015,159,0.0,0.0,0.0,0.0,0.0,0.0,0.0
2015,160,0.0,0.0,0.0,0.0,0.0,0.0,0.0
2015,161,0.0,0.0,0.0,0.0,0.0,0.0,0.0
2015,162,0.0,0.0,0.0,0.0,0.0,0.0,0.0
2015,163,0.0,0.0,0.0,0.0,0.0,0.0,0.0
2015,164,0.0,0.0,0.0,0.0,0.0,0.0,0.0
2015,165,0.0,0.0,0.0,0.0,0.0,0.0,0.0
2015,166,0.0,0.0,0.0,0.0,0.0,0.0,0.0
2015,167,0.0,0.0,0.0,0.0,0.0,0.0,0.0
2015,168,0.0,0.0,0.0,0.0,0.0,0.0,0.0
2015,169,0.0,0.0,0.0,0.0,0.0,0.0,0.0
2015,170,0.0,0.0,0.0,0.0,0.0,0.0,0.0
2015,171,0.0,0.0,0.0,0.0,0.0,0.0,0.0
2015,172,0.0,0.0,0.0,0.0,0.0,0.0,0.0
2015,173,0.0,0.0,0.0,0.0,0.0,0.0,0.0
2015,174,0.0,0.0,0.0,0.0,0.0,0.0,0.0
2015,175,0.0,0.0,0.0,0.0,0.0,0.0,0.0
2015,176,0.0,0.0,0.0,0.0,0.0,0.0,0.0
2015,177,0.0,0.0,0.0,0.0,0.0,0.0,0.0
2015,178,0.0,0.0,0.0,0.0,0.0,0.0,0.0
2015,179,0.0,0.0,0.0,0.0,0.0,0.0,0.0
2015,180,0.0,0.0,0.0,0.0,0.0,0.0,0.0
2015,181,0.0,0.0,0.0,0.0,0.0,0.0,0.0
2015,182,0.0,0.0,0.0,0.0,0.0,0.0,0.0
2015,183,0.0,0.0,0.0,0.0,0.0,0.0,0.0
2015,184,0.0,0.0,0.0,0.0,0.0,0.0,0.0
2015,185,0.0,0.0,0.0,0.0,0.0,0.0,0.0
2015,186,0.0,0.0,0.0,0.0,0.0,0.0,0.0
2015,187,0.0,0.0,0.0,0.0,0.0,0.0,0.0
2015,188,0.0,0.0,0.0,0.0,0.0,0.0,0.0
2015,189,0.0,0.0,0.0,0.0,0.0,0.0,0.0
2015,190,0.0,0.0,0.0,0.0,0.0,0.0,0.0
2015,191,0.0,0.0,0.0,0.0,0.0,0.0,0.0
2015,192,0.0,0.0,0.0,0.0,0.0,0.0,0.0
2015,193,0.0,0.0,0.0,0.0,0.0,0.0,0.0
2015,194,0.0,0.0,0.0,0.0,0.0,0.0,0.0
2015,195,0.0,0.0,0.0,0.0,0.0,0.0,0.0
2015,196,0.0,0.0,0.0,0.0,0.0,0.0,0.0
2015,197,0.0,0.0,0.0,0.0,0.0,0.0,0.0
2015,198,0.0,0.0,0.0,0.0,0.0,0.0,0.0
2015,199,0.0,0.0,0.0,0.0,0.0,0.0,0.0
2015,200,0.0,0.0,0.0,0.0,0.0,0.0,0.0
2015,201,0.0,0.0,0.0,0.0,0.0,0.0,0.0
2015,202,0.0,0.0,0.0,0.0,0.0,0.0,0.0
2015,203,0.0,0.0,0.0,0.0,0.0,0.0,0.0
2015,204,0.0,0.0,0.0,0.0,0.0,0.0,0.0
2015,205,0.0,0.0,0.0,0.0,0.0,0.0,0.0
2015,206,0.0,0.0,0.0,0.0,0.0,0.0,0.0
2015,207,0.0,0.0,0.0,0.0,0.0,0.0,0.0
2015,208,0.0,0.0,0.0,0.0,0.0,0.0,0.0
2015,209,0.0,0.0,0.0,0.0,0.0,0.0,0.0
2015,210,0.0,0.0,0.0,0.0,0.0,0.0,0.0
2015,211,0.0,0.0,0.0,0.0,0.0,0.0,0.0
2015,212,0.0,0.0,0.0,0.0,0.0,0.0,0.0
2015,213,0.0,0.0,0.0,0.0,0.0,0.0,0.0
2015,214,0.0,0.0,0.0,0.0,0.0,0.0,0.0
2015,215,0.0,0.0,0.0,0.0,0.0,0.0,0.0
2015,216,0.0,0.0,0.0,0.0,0.0,0.0,0.0
2015,217,0.0,0.0,0.0,0.0,0.0,0.0,0.0
2015,218,0.0,0.0,0.0,0.0,0.0,0.0,0.0
2015,219,0.0,0.0,0.0,0.0,0.0,0.0,0.0
2015,220,0.0,0.0,0.0,0.0,0.0,0.0,0.0
2015,221,0.0,0.0,0.0,0.0,0.0,0.0,0.0
2015,222,0.0,0.0,0.0,0.0,0.0,0.0,0.0
2015,223,0.0,0.0,0.0,0.0,0.0,0.0,0.0
2015,224,0.0,0.0,0.0,0.0,0.0,0.0,0.0
2015,225,0.0,0.0,0.0,0.0,0.0,0.0,0.0
2015,226,0.0,0.0,0.0,0.0,0.0,0.0,0.0
2015,227,0.0,0.0,0.0,0.0,0.0,0.0,0.0
2015,228,0.0,0.0,0.0,0.0,0.0,0.0,0.0
2015,229,0.0,0.0,0.0,0.0,0.0,0.0,0.0
2015,230,0.0,0.0,0.0,0.0,0.0,0.0,0.0
2015,231,0.0,0.0,0.0,0.0,0.0,0.0,0.0
2015,232,0.0,0.0,0.0,0.0,0.0,0.0,0.0
2015,233,0.0,0.0,0.0,0.0,0.0,0.0,0.0
2015,234,0.0,0.0,0.0,0.0,0.0,0.0,0.0
2015,235,0.0,0.0,0.0,0.0,0.0,0.0,0.0
2015,236,0.0,0.0,0.0,0.0,0.0,0.0,0.0
2015,237,0.0,0.0,0.0,0.0,0.0,0.0,0.0
2015,238,0.0,0.0,0.0,0.0,0.0,0.0,0.0
2015,239,0.0,0.0,0.0,0.0,0.0,0.0,0.0
2015,240,0.0,0.0,0.0,0.0,0.0,0.0,0.0
2015,241,0.0,0.0,0.0,0.0,0.0,0.0,0.0
2015,242,0.0,0.0,0.0,0.0,0.0,0.0,0.0
2015,243,0.0,0.0,0.0,0.0,0.0,0.0,0.0
2015,244,0.0,0.0,0.0,0.0,0.0,0.0,0.0
2015,245,0.0,0.0,0.0,0.0,0.0,0.0,0.0
2015,246,0.0,0.0,0.0,0.0,0.0,0.0,0.0
2015,247,0.0,0.0,0.0,0.0,0.0,0.0,0.0
2015,248,0.0,0.0,0.0,0.0,0.0,0.0,0.0
2015,249,0.0,0.0,0.0,0.0,0.0,0.0,0.0
2015,250,0.0,0.0,0.0,0.0,0.0,0.0,0.0
2015,251,0.0,0.0,0.0,0.0,0.0,0.0,0.0
2015,252,0.0,0.0,0.0,0.0,0.0,0.0,0.0
2015,253,0.0,0.0,0.0,0.0,0.0,0.0,0.0
2015,254,0.0,0.0,0.0,0.0,0.0,0.0,0.0
2015,255,0.0,0.0,0.0,0.0,0.0,0.0,0.0
2015,256,0.0,0.0,0.0,0.0,0.0,0.0,0.0
2015,257,0.0,0.0,0.0,0.0,0.0,0.0,0.0
2015,258,0.0,0.0,0.0,0.0,0.0,0.0,0.0
2015,259,0.0,0.0,0.0,0.0,0.0,0.0,0.0
2015,260,0.0,0.0,0.0,0.0,0.0,0.0,0.0
2015,261,0.0,0.0,0.0,0.0,0.0,0.0,0.0
2015,262,0.0,0.0,0.0,0.0,0.0,0.0,0.0
2015,263,0.0,0.0,0.0,0.0,0.0,0.0,0.0
2015,264,0.0,0.0,0.0,0.0,0.0,0.0,0.0
2015,265,0.0,0.0,0.0,0.0,0.0,0.0,0.0
2015,266,0.0,0.0,0.0,0.0,0.0,0.0,0.0
2015,267,0.0,0.0,0.0,0.0,0.0,0.0,0.0
2015,268,0.0,0.0,0.0,0.0,0.0,0.0,0.0
2015,269,0.0,0.0,0.0,0.0,0.0,0.0,0.0
2015,270,0.0,0.0,0.0,0.0,0.0,0.0,0.0
2015,271,0.0,0.0,0.0,0.0,0.0,0.0,0.0
2015,272,0.0,0.0,0.0,0.0,0.0,0.0,0.0
2015,273,0.0,0.0,0.0,0.0,0.0,0.0,0.0
2015,274,0.0,0.0,0.0,0.0,0.0,0.0,0.0
2015,275,0.0,0.0,0.0,0.0,0.0,0.0,0.0
2015,276,0.0,0.0,0.0,0.0,0.0,0.0,0.0
2015,277,0.0,0.0,0.0,0.0,0.0,0.0,0.0
2015,278,0.0,0.0,0.0,0.0,0.0,0.0,0.0
2015,279,0.0,0.0,0.0,0.0,0.0,0.0,0.0
2015,280,0.0,0.0,0.0,0.0,0.0,0.0,0.0
2015,281,0.0,0.0,0.0,0.0,0.0,0.0,0.0
2015,282,0.0,0.0,0.0,0.0,0.0,0.0,0.0
2015,283,0.0,0.0,0.0,0.0,0.0,0.0,0.0
2015,284,0.0,0.0,0.0,0.0,0.0,0.0,0.0
2015,285,0.0,0.0,0.0,0.0,0.0,0.0,0.0
2015,286,0.0,0.0,0.0,0.0,0.0,0.0,0.0
2015,287,0.0,0.0,0.0,0.0,0.0,0.0,0.0
2015,288,0.0,0.0,0.0,0.0,0.0,0.0,0.0
2015,289,0.0,0.0,0.0,0.0,0.0,0.0,0.0
2015,290,0.0,0.0,0.0,0.0,0.0,0.0,0.0
2015,291,0.0,0.0,0.0,0.0,0.0,0.0,0.0
2015,292,0.0,0.0,0.0,0.0,0.0,0.0,0.0
2015,293,0.0,0.0,0.0,0.0,0.0,0.0,0.0
2015,294,0.0,0.0,0.0,0.0,0.0,0.0,0.0
2015,295,0.0,0.0,0.0,0.0,0.0,0.0,0.0
2015,296,0.0,0.0,0.0,0.0,0.0,0.0,0.0
2015,297,0.0,0.0,0.0,0.0,0.0,0.0,0.0
2015,298,0.0,0.0,0.0,0.0,0.0,0.0,0.0
2015,299,0.0,0.0,0.0,0.0,0.0,0.0,0.0
2015,300,0.0,0.0,0.0,0.0,0.0,0.0,0.0
2015,301,0.0,0.0,0.0,0.0,0.0,0.0,0.0
2015,302,0.0,0.0,0.0,0.0,0.0,0.0,0.0
2015,303,0.0,0.0,0.0,0.0,0.0,0.0,0.0
2015,304,0.0,0.0,0.0,0.0,0.0,0.0,0.0
2015,305,0.0,0.0,0.0,0.0,0.0,0.0,0.0
2015,306,0.0,0.0,0.0,0.0,0.0,0.0,0.0
2015,307,0.0,0.0,0.0,0.0,0.0,0.0,0.0
2015,308,0.0,0.0,0.0,0.0,0.0,0.0,0.0
2015,309,0.0,0.0,0.0,0.0,0.0,0.0,0.0
2015,310,0.0,0.0,0.0,0.0,0.0,0.0,0.0
2015,311,0.0,0.0,0.0,0.0,0.0,0.0,0.0
2015,312,0.0,0.0,0.0,0.0,0.0,0.0,0.0
2015,313,0.0,0.0,0.0,0.0,0.0,0.0,0.0
2015,314,0.0,0.0,0.0,0.0,0.0,0.0,0.0
2015,315,0.0,0.0,0.0,0.0,0.0,0.0,0.0
2015,316,0.0,0.0,0.0,0.0,0.0,0.0,0.0
2015,317,0.0,0.0,0.0,0.0,0.0,0.0,0.0
2015,318,0.0,0.0,0.0,0.0,0.0,0.0,0.0
2015,319,0.0,0.0,0.0,0.0,0.0,0.0,0.0
2015,320,0.0,0.0,0.0,0.0,0.0,0.0,0.0
2015,321,0.0,0.0,0.0,0.0,0.0,0.0,0.0
2015,322,0.0,0.0,0.0,0.0,0.0,0.0,0.0
2015,323,0.0,0.0,0.0,0.0,0.0,0.0,0.0
2015,324,0.0,0.0,0.0,0.0,0.0,0.0,0.0
2015,325,0.0,0.0,0.0,0.0,0.0,0.0,0.0
2015,326,0.0,0.0,0.0,0.0,0.0,0.0,0.0
2015,327,0.0,0.0,0.0,0.0,0.0,0.0,0.0
2015,328,0.0,0.0,0.0,0.0,0.0,0.0,0.0
2015,329,0.0,0.0,0.0,0.0,0.0,0.0,0.0
2015,330,0.0,0.0,0.0,0.0,0.0,0.0,0.0
2015,331,0.0,0.0,0.0,0.0,0.0,0.0,0.0
2015,332,0.0,0.0,0.0,0.0,0.0,0.0,0.0
2015,333,0.0,0.0,0.0,0.0,0.0,0.0,0.0
2015,334,0.0,0.0,0.0,0.0,0.0,0.0,0.0
2015,335,0.0,0.0,0.0,0.0,0.0,0.0,0.0
2015,336,0.0,0.0,0.0,0.0,0.0,0.0,0.0
2015,337,0.0,0.0,0.0,0.0,0.0,0.0,0.0
2015,338,0.0,0.0,0.0,0.0,0.0,0.0,0.0
2015,339,0.0,0.0,0.0,0.0,0.0,0.0,0.0
2015,340,0.0,0.0,0.0,0.0,0.0,0.0,0.0
2015,341,0.0,0.0,0.0,0.0,0.0,0.0,0.0
2015,342,0.0,0.0,0.0,0.0,0.0,0.0,0.0
2015,343,0.0,0.0,0.0,0.0,0.0,0.0,0.0
2015,344,0.0,0.0,0.0,0.0,0.0,0.0,0.0
2015,345,0.0,0.0,0.0,0.0,0.0,0.0,0.0
2015,346,0.0,0.0,0.0,0.0,0.0,0.0,0.0
2015,347,0.0,0.0,0.0,0.0,0.0,0.0,0.0
2015,348,0.0,0.0,0.0,0.0,0.0,0.0,0.0
2015,349,0.0,0.0,0.0,0.0,0.0,0.0,0.0
2015,350,0.0,0.0,0.0,0.0,0.0,0.0,0.0
2015,351,0.0,0.0,0.0,0.0,0.0,0.0,0.0
2015,352,0.0,0.0,0.0,0.0,0.0,0.0,0.0
2015,353,0.0,0.0,0.0,0.0,0.0,0.0,0.0
2015,354,0.0,0.0,0.0,0.0,0.0,0.0,0.0
2015,355,0.0,0.0,0.0,0.0,0.0,0.0,0.0
2015,356,0.0,0.0,0.0,0.0,0.0,0.0,0.0
2015,357,0.0,0.0,0.0,0.0,0.0,0.0,0.0
2015,358,0.0,0.0,0.0,0.0,0.0,0.0,0.0
2015,359,0.0,0.0,0.0,0.0,0.0,0.0,0.0
2015,360,0.0,0.0,0.0,0.0,0.0,0.0,0.0
2015,361,0.0,0.0,0.0,0.0,0.0,0.0,0.0
2015,362,0.0,0.0,0.0,0.0,0.0,0.0,0.0
2015,363,0.0,0.0,0.0,0.0,0.0,0.0,0.0
2015,364,0.0,0.0,0.0,0.0,0.0,0.0,0.0
2015,365,0.0,0.0,0.0,0.0,0.0,0.0,0.0
2016,1,0.0,0.0,0.0,0.0,0.0,0.0,0.0
2016,2,0.0,0.0,0.0,0.0,0.0,0.0,0.0
2016,3,10400.0,520.0,624.0,0.0,0.0,0.0,0.0
2016,4,0.0,0.0,0.0,0.0,0.0,0.0,0.0
2016,5,0.0,0.0,0.0,0.0,0.0,0.0,0.0
2016,6,0.0,0.0,0.0,0.0,0.0,0.0,0.0
2016,7,0.0,0.0,0.0,0.0,0.0,0.0,0.0
2016,8,0.0,0.0,0.0,0.0,0.0,0.0,0.0
2016,9,0.0,0.0,0.0,0.0,0.0,0.0,0.0
2016,10,0.0,0.0,0.0,0.0,0.0,0.0,0.0
2016,11,0.0,0.0,0.0,0.0,0.0,0.0,0.0
2016,12,0.0,0.0,0.0,0.0,0.0,0.0,0.0
2016,13,0.0,0.0,0.0,0.0,0.0,0.0,0.0
2016,14,0.0,0.0,0.0,0.0,0.0,0.0,0.0
2016,15,0.0,0.0,0.0,0.0,0.0,0.0,0.0
2016,16,0.0,0.0,0.0,0.0,0.0,0.0,0.0
2016,17,0.0,0.0,0.0,0.0,0.0,0.0,0.0
2016,18,0.0,0.0,0.0,0.0,0.0,0.0,0.0
2016,19,0.0,0.0,0.0,0.0,0.0,0.0,0.0
2016,20,0.0,0.0,0.0,0.0,0.0,0.0,0.0
2016,21,0.0,0.0,0.0,0.0,0.0,0.0,0.0
2016,22,0.0,0.0,0.0,0.0,0.0,0.0,0.0
2016,23,0.0,0.0,0.0,0.0,0.0,0.0,0.0
2016,24,0.0,0.0,0.0,0.0,0.0,0.0,0.0
2016,25,0.0,0.0,0.0,0.0,0.0,0.0,0.0
2016,26,0.0,0.0,0.0,0.0,0.0,0.0,0.0
2016,27,0.0,0.0,0.0,0.0,0.0,0.0,0.0
2016,28,0.0,0.0,0.0,0.0,0.0,0.0,0.0
2016,29,0.0,0.0,0.0,0.0,0.0,0.0,0.0
2016,30,0.0,0.0,0.0,0.0,0.0,0.0,0.0
2016,31,0.0,0.0,0.0,0.0,0.0,0.0,0.0
2016,32,0.0,0.0,0.0,0.0,0.0,0.0,0.0
2016,33,0.0,0.0,0.0,0.0,0.0,0.0,0.0
2016,34,0.0,0.0,0.0,0.0,0.0,0.0,0.0
2016,35,0.0,0.0,0.0,0.0,0.0,0.0,0.0
2016,36,0.0,0.0,0.0,0.0,0.0,0.0,0.0
2016,37,0.0,0.0,0.0,0.0,0.0,0.0,0.0
2016,38,0.0,0.0,0.0,0.0,0.0,0.0,0.0
2016,39,0.0,0.0,0.0,0.0,0.0,0.0,0.0
2016,40,0.0,0.0,0.0,0.0,0.0,0.0,0.0
2016,41,0.0,0.0,0.0,0.0,0.0,0.0,0.0
2016,42,0.0,0.0,0.0,0.0,0.0,0.0,0.0
2016,43,0.0,0.0,0.0,0.0,0.0,0.0,0.0
2016,44,0.0,0.0,0.0,0.0,0.0,0.0,0.0
2016,45,0.0,0.0,0.0,0.0,0.0,0.0,0.0
2016,46,0.0,0.0,0.0,0.0,0.0,0.0,0.0
2016,47,0.0,0.0,0.0,0.0,0.0,0.0,0.0
2016,48,0.0,0.0,0.0,0.0,0.0,0.0,0.0
2016,49,0.0,0.0,0.0,0.0,0.0,0.0,0.0
2016,50,0.0,0.0,0.0,0.0,0.0,0.0,0.0
2016,51,0.0,0.0,0.0,0.0,0.0,0.0,0.0
2016,52,0.0,0.0,0.0,0.0,0.0,0.0,0.0
2016,53,0.0,0.0,0.0,0.0,0.0,0.0,0.0
2016,54,0.0,0.0,0.0,0.0,0.0,0.0,0.0
2016,55,0.0,0.0,0.0,0.0,0.0,0.0,0.0
2016,56,0.0,0.0,0.0,0.0,0.0,0.0,0.0
2016,57,0.0,0.0,0.0,0.0,0.0,0.0,0.0
2016,58,0.0,0.0,0.0,0.0,0.0,0.0,0.0
2016,59,0.0,0.0,0.0,0.0,0.0,0.0,0.0
2016,60,0.0,0.0,0.0,0.0,0.0,0.0,0.0
2016,61,0.0,0.0,0.0,0.0,0.0,0.0,0.0
2016,62,0.0,0.0,0.0,0.0,0.0,0.0,0.0
2016,63,0.0,0.0,0.0,0.0,0.0,0.0,0.0
2016,64,0.0,0.0,0.0,0.0,0.0,0.0,0.0
2016,65,0.0,0.0,0.0,0.0,0.0,0.0,0.0
2016,66,0.0,0.0,0.0,0.0,0.0,0.0,0.0
2016,67,0.0,0.0,0.0,0.0,0.0,0.0,0.0
2016,68,0.0,0.0,0.0,0.0,0.0,0.0,0.0
2016,69,0.0,0.0,0.0,0.0,0.0,0.0,0.0
2016,70,0.0,0.0,0.0,0.0,0.0,0.0,0.0
2016,71,0.0,0.0,0.0,0.0,0.0,0.0,0.0
2016,72,0.0,0.0,0.0,0.0,0.0,0.0,0.0
2016,73,0.0,0.0,0.0,0.0,0.0,0.0,0.0
2016,74,0.0,0.0,0.0,0.0,0.0,0.0,0.0
2016,75,0.0,0.0,0.0,0.0,0.0,0.0,0.0
2016,76,0.0,0.0,0.0,0.0,0.0,0.0,0.0
2016,77,0.0,0.0,0.0,0.0,0.0,0.0,0.0
2016,78,0.0,0.0,0.0,0.0,0.0,0.0,0.0
2016,79,0.0,0.0,0.0,0.0,0.0,0.0,0.0
2016,80,0.0,0.0,0.0,0.0,0.0,0.0,0.0
2016,81,0.0,0.0,0.0,0.0,0.0,0.0,0.0
2016,82,0.0,0.0,0.0,0.0,0.0,0.0,0.0
2016,83,0.0,0.0,0.0,0.0,0.0,0.0,0.0
2016,84,0.0,0.0,0.0,0.0,0.0,0.0,0.0
2016,85,0.0,0.0,0.0,0.0,0.0,0.0,0.0
2016,86,0.0,0.0,0.0,0.0,0.0,0.0,0.0
2016,87,0.0,0.0,0.0,0.0,0.0,0.0,0.0
2016,88,0.0,0.0,0.0,0.0,0.0,0.0,0.0
2016,89,0.0,0.0,0.0,0.0,0.0,0.0,0.0
2016,90,0.0,0.0,0.0,0.0,0.0,0.0,0.0
2016,91,0.0,0.0,0.0,0.0,0.0,0.0,0.0
2016,92,0.0,0.0,0.0,0.0,0.0,0.0,0.0
2016,93,0.0,0.0,0.0,0.0,0.0,0.0,0.0
2016,94,0.0,0.0,0.0,0.0,0.0,0.0,0.0
2016,95,0.0,0.0,0.0,0.0,0.0,0.0,0.0
2016,96,0.0,0.0,0.0,0.0,0.0,0.0,0.0
2016,97,0.0,0.0,0.0,0.0,0.0,0.0,0.0
2016,98,0.0,0.0,0.0,0.0,0.0,0.0,0.0
2016,99,0.0,0.0,0.0,0.0,0.0,0.0,0.0
2016,100,0.0,0.0,0.0,0.0,0.0,0.0,0.0
2016,101,0.0,0.0,0.0,0.0,0.0,0.0,0.0
2016,102,0.0,0.0,0.0,0.0,0.0,0.0,0.0
2016,103,0.0,0.0,0.0,0.0,0.0,0.0,0.0
2016,104,0.0,0.0,0.0,0.0,0.0,0.0,0.0
2016,105,0.0,0.0,0.0,0.0,0.0,0.0,0.0
2016,106,0.0,0.0,0.0,0.0,0.0,0.0,0.0
2016,107,0.0,0.0,0.0,0.0,0.0,0.0,0.0
2016,108,0.0,0.0,0.0,0.0,0.0,0.0,0.0
2016,109,0.0,0.0,0.0,0.0,0.0,0.0,0.0
2016,110,0.0,0.0,0.0,0.0,0.0,0.0,0.0
2016,111,0.0,0.0,0.0,0.0,0.0,0.0,0.0
2016,112,0.0,0.0,0.0,0.0,0.0,0.0,0.0
2016,113,0.0,0.0,0.0,0.0,0.0,0.0,0.0
2016,114,0.0,0.0,0.0,0.0,0.0,0.0,0.0
2016,115,0.0,0.0,0.0,0.0,0.0,0.0,0.0
2016,116,0.0,0.0,0.0,0.0,0.0,0.0,0.0
2016,117,0.0,0.0,0.0,0.0,0.0,0.0,0.0
2016,118,0.0,0.0,0.0,0.0,0.0,0.0,0.0
2016,119,0.0,0.0,0.0,0.0,0.0,0.0,0.0
2016,120,0.0,0.0,0.0,0.0,0.0,0.0,0.0
2016,121,0.0,0.0,0.0,0.0,0.0,0.0,0.0
2016,122,0.0,0.0,0.0,0.0,0.0,0.0,0.0
2016,123,0.0,0.0,0.0,0.0,0.0,0.0,0.0
2016,124,0.0,0.0,0.0,0.0,0.0,0.0,0.0
2016,125,0.0,0.0,0.0,0.0,0.0,0.0,0.0
2016,126,0.0,0.0,0.0,0.0,0.0,0.0,0.0
2016,127,0.0,0.0,0.0,0.0,0.0,0.0,0.0
2016,128,0.0,0.0,0.0,0.0,0.0,0.0,0.0
2016,129,0.0,0.0,0.0,0.0,0.0,0.0,0.0
2016,130,0.0,0.0,0.0,0.0,0.0,0.0,0.0
2016,131,0.0,0.0,0.0,0.0,0.0,0.0,0.0
2016,132,0.0,0.0,0.0,0.0,0.0,0.0,0.0
2016,133,0.0,0.0,0.0,0.0,0.0,0.0,0.0
2016,134,0.0,0.0,0.0,0.0,0.0,0.0,0.0
2016,135,0.0,0.0,0.0,0.0,0.0,0.0,0.0
2016,136,0.0,0.0,0.0,0.0,0.0,0.0,0.0
2016,137,0.0,0.0,0.0,0.0,0.0,0.0,0.0
2016,138,0.0,0.0,0.0,0.0,0.0,0.0,0.0
2016,139,0.0,0.0,0.0,0.0,0.0,0.0,0.0
2016,140,0.0,0.0,0.0,0.0,0.0,0.0,0.0
2016,141,0.0,0.0,0.0,0.0,0.0,0.0,0.0
2016,142,0.0,0.0,0.0,0.0,0.0,0.0,0.0
2016,143,0.0,0.0,0.0,0.0,0.0,0.0,0.0
2016,144,0.0,0.0,0.0,0.0,0.0,0.0,0.0
2016,145,0.0,0.0,0.0,0.0,0.0,0.0,0.0
2016,146,0.0,0.0,0.0,0.0,0.0,0.0,0.0
2016,147,0.0,0.0,0.0,0.0,0.0,0.0,0.0
2016,148,0.0,0.0,0.0,0.0,0.0,0.0,0.0
2016,149,0.0,0.0,0.0,0.0,0.0,0.0,0.0
2016,150,0.0,0.0,0.0,0.0,0.0,0.0,0.0
2016,151,0.0,0.0,0.0,0.0,0.0,0.0,0.0
2016,152,0.0,0.0,0.0,0.0,0.0,0.0,0.0
2016,153,0.0,0.0,0.0,0.0,0.0,0.0,0.0
2016,154,0.0,0.0,0.0,0.0,0.0,0.0,0.0
2016,155,0.0,0.0,0.0,0.0,0.0,0.0,0.0
2016,156,0.0,0.0,0.0,0.0,0.0,0.0,0.0
2016,157,0.0,0.0,0.0,0.0,0.0,0.0,0.0
2016,158,0.0,0.0,0.0,0.0,0.0,0.0,0.0
2016,159,0.0,0.0,0.0,0.0,0.0,0.0,0.0
2016,160,0.0,0.0,0.0,0.0,0.0,0.0,0.0
2016,161,0.0,0.0,0.0,0.0,0.0,0.0,0.0
2016,162,0.0,0.0,0.0,0.0,0.0,0.0,0.0
2016,163,0.0,0.0,0.0,0.0,0.0,0.0,0.0
2016,164,0.0,0.0,0.0,0.0,0.0,0.0,0.0
2016,165,0.0,0.0,0.0,0.0,0.0,0.0,0.0
2016,166,0.0,0.0,0.0,0.0,0.0,0.0,0.0
2016,167,0.0,0.0,0.0,0.0,0.0,0.0,0.0
2016,168,0.0,0.0,0.0,0.0,0.0,0.0,0.0
2016,169,0.0,0.0,0.0,0.0,0.0,0.0,0.0
2016,170,0.0,0.0,0.0,0.0,0.0,0.0,0.0
2016,171,0.0,0.0,0.0,0.0,0.0,0.0,0.0
2016,172,0.0,0.0,0.0,0.0,0.0,0.0,0.0
2016,173,0.0,0.0,0.0,0.0,0.0,0.0,0.0
2016,174,0.0,0.0,0.0,0.0,0.0,0.0,0.0
2016,175,0.0,0.0,0.0,0.0,0.0,0.0,0.0
2016,176,0.0,0.0,0.0,0.0,0.0,0.0,0.0
2016,177,0.0,0.0,0.0,0.0,0.0,0.0,0.0
2016,178,0.0,0.0,0.0,0.0,0.0,0.0,0.0
2016,179,0.0,0.0,0.0,0.0,0.0,0.0,0.0
2016,180,0.0,0.0,0.0,0.0,0.0,0.0,0.0
2016,181,0.0,0.0,0.0,0.0,0.0,0.0,0.0
2016,182,0.0,0.0,0.0,0.0,0.0,0.0,0.0
2016,183,0.0,0.0,0.0,0.0,0.0,0.0,0.0
2016,184,0.0,0.0,0.0,0.0,0.0,0.0,0.0
2016,185,0.0,0.0,0.0,0.0,0.0,0.0,0.0
2016,186,0.0,0.0,0.0,0.0,0.0,0.0,0.0
2016,187,0.0,0.0,0.0,0.0,0.0,0.0,0.0
2016,188,0.0,0.0,0.0,0.0,0.0,0.0,0.0
2016,189,0.0,0.0,0.0,0.0,0.0,0.0,0.0
2016,190,0.0,0.0,0.0,0.0,0.0,0.0,0.0
2016,191,0.0,0.0,0.0,0.0,0.0,0.0,0.0
2016,192,0.0,0.0,0.0,0.0,0.0,0.0,0.0
2016,193,0.0,0.0,0.0,0.0,0.0,0.0,0.0
2016,194,0.0,0.0,0.0,0.0,0.0,0.0,0.0
2016,195,0.0,0.0,0.0,0.0,0.0,0.0,0.0
2016,196,0.0,0.0,0.0,0.0,0.0,0.0,0.0
2016,197,0.0,0.0,0.0,0.0,0.0,0.0,0.0
2016,198,0.0,0.0,0.0,0.0,0.0,0.0,0.0
2016,199,0.0,0.0,0.0,0.0,0.0,0.0,0.0
2016,200,0.0,0.0,0.0,0.0,0.0,0.0,0.0
2016,201,0.0,0.0,0.0,0.0,0.0,0.0,0.0
2016,202,0.0,0.0,0.0,0.0,0.0,0.0,0.0
2016,203,0.0,0.0,0.0,0.0,0.0,0.0,0.0
2016,204,0.0,0.0,0.0,0.0,0.0,0.0,0.0
2016,205,0.0,0.0,0.0,0.0,0.0,0.0,0.0
2016,206,0.0,0.0,0.0,0.0,0.0,0.0,0.0
2016,207,0.0,0.0,0.0,0.0,0.0,0.0,0.0
2016,208,0.0,0.0,0.0,0.0,0.0,0.0,0.0
2016,209,0.0,0.0,0.0,0.0,0.0,0.0,0.0
2016,210,0.0,0.0,0.0,0.0,0.0,0.0,0.0
2016,211,0.0,0.0,0.0,0.0,0.0,0.0,0.0
2016,212,0.0,0.0,0.0,0.0,0.0,0.0,0.0
2016,213,0.0,0.0,0.0,0.0,0.0,0.0,0.0
2016,214,0.0,0.0,0.0,0.0,0.0,0.0,0.0
2016,215,0.0,0.0,0.0,0.0,0.0,0.0,0.0
2016,216,0.0,0.0,0.0,0.0,0.0,0.0,0.0
2016,217,0.0,0.0,0.0,0.0,0.0,0.0,0.0
2016,218,0.0,0.0,0.0,0.0,0.0,0.0,0.0
2016,219,0.0,0.0,0.0,0.0,0.0,0.0,0.0
2016,220,0.0,0.0,0.0,0.0,0.0,0.0,0.0
2016,221,0.0,0.0,0.0,0.0,0.0,0.0,0.0
2016,222,0.0,0.0,0.0,0.0,0.0,0.0,0.0
2016,223,0.0,0.0,0.0,0.0,0.0,0.0,0.0
2016,224,0.0,0.0,0.0,0.0,0.0,0.0,0.0
2016,225,0.0,0.0,0.0,0.0,0.0,0.0,0.0
2016,226,0.0,0.0,0.0,0.0,0.0,0.0,0.0
2016,227,0.0,0.0,0.0,0.0,0.0,0.0,0.0
2016,228,0.0,0.0,0.0,0.0,0.0,0.0,0.0
2016,229,0.0,0.0,0.0,0.0,0.0,0.0,0.0
2016,230,0.0,0.0,0.0,0.0,0.0,0.0,0.0
2016,231,0.0,0.0,0.0,0.0,0.0,0.0,0.0
2016,232,0.0,0.0,0.0,0.0,0.0,0.0,0.0
2016,233,0.0,0.0,0.0,0.0,0.0,0.0,0.0
2016,234,0.0,0.0,0.0,0.0,0.0,0.0,0.0
2016,235,0.0,0.0,0.0,0.0,0.0,0.0,0.0
2016,236,0.0,0.0,0.0,0.0,0.0,0.0,0.0
2016,237,0.0,0.0,0.0,0.0,0.0,0.0,0.0
2016,238,0.0,0.0,0.0,0.0,0.0,0.0,0.0
2016,239,0.0,0.0,0.0,0.0,0.0,0.0,0.0
2016,240,0.0,0.0,0.0,0.0,0.0,0.0,0.0
2016,241,0.0,0.0,0.0,0.0,0.0,0.0,0.0
2016,242,0.0,0.0,0.0,0.0,0.0,0.0,0.0
2016,243,0.0,0.0,0.0,0.0,0.0,0.0,0.0
