year,j_day,profile_N,manure_N_applied,fresh_N,NO3_drainage,NH4_drainage,NO3_runoff,NH4_runoff,active_N_drainage,active_N_erosion,stable_N_erosion,fresh_N_erosion,NH4_erosion
,,kg,kg,kg,kg/ha,kg/ha,kg/ha,kg/ha,kg/ha,kg/ha,kg/ha,kg/ha,kg/ha
2009,244,128.1046760409376,0.0,0.0,0,0,0.0,0.0,0.0,0.0,0.0,0.0,0
2009,245,128.10195106593793,0.0,0.0,0,0,0.0,0.0,0.0,0.0,0.0,0.0,0
2009,246,128.0994638610769,0.0,0.0,0,0,0.0,0.0,0.0,0.0,0.0,0.0,0
2009,247,128.09703890552728,0.0,0.0,0,0,0.0,0.0,0.0,0.0,0.0,0.0,0
2009,248,128.09452150551286,0.0,0.0,0,0,0.0,0.0,0.0,0.0,0.0,0.0,0
2009,249,128.0919885180297,0.0,0.0,0,0,0.0,0.0,0.0,0.0,0.0,0.0,0
2009,250,128.08925646891154,0.0,0.0,0,0,0.0,0.0,0.0,0.0,0.0,0.0,0
2009,251,128.08681297830313,0.0,0.0,0,0,0.0,0.0,0.0,0.0,0.0,0.0,0
2009,252,128.08437849430481,0.0,0.0,0,0,0.0,0.0,0.0,0.0,0.0,0.0,0
2009,253,128.0819301908814,0.0,0.0,0,0,0.0,0.0,0.0,0.0,0.0,0.0,0
2009,254,128.07917499318782,0.0,0.0,0,0,0.0,0.0,0.0,0.0,0.0,0.0,0
2009,255,128.07657054912605,0.0,0.0,0,0,0.0,0.0,0.0,0.0,0.0,0.0,0
2009,256,128.07429853012158,0.0,0.0,0,0,0.0,0.0,0.0,0.0,0.0,0.0,0
2009,257,128.07222400256646,0.0,0.0,0,0,0.0,0.0,0.0,0.0,0.0,0.0,0
2009,258,128.07020069337435,0.0,0.0,0,0,0.0,0.0,0.0,0.0,0.0,0.0,0
2009,259,128.06815181424014,0.0,0.0,0,0,0.0,0.0,0.0,0.0,0.0,0.0,0
2009,260,128.06675567899705,0.0,0.0,0,0,0.0,0.0,0.0,0.0,0.0,0.0,0
2009,261,128.06566780916168,0.0,0.0,0,0,0.0,0.0,0.0,0.0,0.0,0.0,0
2009,262,128.0646814044161,0.0,0.0,0,0,0.0,0.0,0.0,0.0,0.0,0.0,0
2009,263,128.06387010181967,0.0,0.0,0,0,0.0,0.0,0.0,0.0,0.0,0.0,0
2009,264,128.06306545951668,0.0,0.0,0,0,0.0,0.0,0.0,0.0,0.0,0.0,0
2009,265,128.06230718141316,0.0,0.0,0,0,0.0,0.0,0.0,0.0,0.0,0.0,0
2009,266,127.81810783830515,0.0,0.0,0,0,0.21862176446548554,0.021326778838183826,0.0,0.0,0.0,0.0,2.462315814966372e-05
2009,267,127.81482512501483,0.0,0.0,0,0,0.0,0.0,0.0,0.0,0.0,0.0,0
2009,268,127.81268876364938,0.0,0.0,0,0,0.0,0.0,0.0,0.0,0.0,0.0,0
2009,269,125.40620196210442,0.0,0.0,2.310209028996963,0.09239867521926277,0.0,0.0,0.0,0.0,0.0,0.0,0
2009,270,125.40577150795521,0.0,0.0,0,0,0.0,0.0,0.0,0.0,0.0,0.0,0
2009,271,125.403056251764,0.0,0.0,0,0,0.0,0.0,0.0,0.0,0.0,0.0,0
2009,272,125.39993419588812,0.0,0.0,0,0,0.0,0.0,0.0,0.0,0.0,0.0,0
2009,273,125.39845850689527,0.0,0.0,0,0,0.0,0.0,0.0,0.0,0.0,0.0,0
2009,274,124.88220708466173,0.0,0.0,0.4997410008625267,0.016040901764769144,0.0,0.0,0.0,0.0,0.0,0.0,0
2009,275,124.59024429353906,0.0,0.0,0.1767472924861144,0.0055025316765516035,0.10317836895786628,0.005915225540564166,0.0,0.0,0.0,0.0,7.392724918771311e-06
2009,276,124.58938771057488,0.0,0.0,0,0,0.0,0.0,0.0,0.0,0.0,0.0,0
2009,277,124.58867322862672,0.0,0.0,0,0,0.0,0.0,0.0,0.0,0.0,0.0,0
2009,278,120.31772377784436,0.0,0.0,4.142418093569127,0.12827515212902418,0.0,0.0,0.0,0.0,0.0,0.0,0
2009,279,119.65838848347303,0.0,0.0,0.6424873556476349,0.016637056422231965,0.0,0.0,0.0,0.0,0.0,0.0,0
2009,280,119.65792815241612,0.0,0.0,0,0,0.0,0.0,0.0,0.0,0.0,0.0,0
2009,281,119.65746015906029,0.0,0.0,0,0,0.0,0.0,0.0,0.0,0.0,0.0,0
2009,282,118.28765321178165,0.0,0.0,1.3361682468405285,0.03345976854121068,0.0,0.0,0.0,0.0,0.0,0.0,0
2009,283,117.20417342666894,0.0,0.0,1.0582788623303445,0.0251937080194617,0.0,0.0,0.0,0.0,0.0,0.0,0
2009,284,117.20416945717069,0.0,0.0,0,0,0.0,0.0,0.0,0.0,0.0,0.0,0
2009,285,117.20416688409708,0.0,0.0,0,0,0.0,0.0,0.0,0.0,0.0,0.0,0
2009,286,117.20416498816091,0.0,0.0,0,0,0.0,0.0,0.0,0.0,0.0,0.0,0
2009,287,117.20416348826065,0.0,0.0,0,0,0.0,0.0,0.0,0.0,0.0,0.0,0
2009,288,117.20415032187407,0.0,0.0,0,0,0.0,0.0,0.0,0.0,0.0,0.0,0
2009,289,117.20410224715071,0.0,0.0,0,0,0.0,0.0,0.0,0.0,0.0,0.0,0
2009,290,117.20403463114317,0.0,0.0,0,0,0.0,0.0,0.0,0.0,0.0,0.0,0
2009,291,117.18093339144674,0.0,0.0,0.022556874222141095,0.000512227562038041,0.0,0.0,0.0,0.0,0.0,0.0,0
2009,292,116.03921800375174,0.0,0.0,1.1162435363452998,0.02547057391275823,0.0,0.0,0.0,0.0,0.0,0.0,0
2009,293,116.03921585929454,0.0,0.0,0,0,0.0,0.0,0.0,0.0,0.0,0.0,0
2009,294,116.03921315274327,0.0,0.0,0,0,0.0,0.0,0.0,0.0,0.0,0.0,0
2009,295,116.03767460094416,0.0,0.0,0,0,0.0014219071001870228,7.516498174291228e-05,0.0,0.0,0.0,0.0,1.147960435436299e-07
2009,296,115.92349809855739,0.0,0.0,0,0,0.10833503874152658,0.005720048720711913,0.0,0.0,0.0,0.0,6.933055066205773e-06
2009,297,115.86553186498145,0.0,0.0,0,0,0.05502338351213047,0.0027764552487956787,0.0,0.0,0.0,0.0,3.4043792784447943e-06
2009,298,113.20509648058847,0.0,0.0,2.603161198619217,0.057108037545106814,0.0,0.0,0.0,0.0,0.0,0.0,0
2009,299,107.7773249590403,0.0,0.0,5.319400980944248,0.10817472231971115,0.0,0.0,0.0,0.0,0.0,0.0,0
2009,300,103.8875863922235,0.0,0.0,3.82548371898336,0.06409675640861244,0.0,0.0,0.0,0.0,0.0,0.0,0
2009,301,103.8426046643441,0.0,0.0,0.044204664609115055,0.0006401365712480051,0.0,0.0,0.0,0.0,0.0,0.0,0
2009,302,103.81947895473408,0.0,0.0,0.022718257568656107,0.00032794438604481394,0.0,0.0,0.0,0.0,0.0,0.0,0
2009,303,102.38241488441288,0.0,0.0,1.377425595258163,0.01995286157961059,0.03781768880644299,0.0018462677203933066,0.0,0.0,0.0,0.0,2.2653210076767944e-06
2009,304,102.38230655475643,0.0,0.0,0,0,0.0,0.0,0.0,0.0,0.0,0.0,0
2009,305,102.38221614752467,0.0,0.0,0,0,0.0,0.0,0.0,0.0,0.0,0.0,0
2009,306,97.17053852572914,0.0,0.0,5.139360520261285,0.07231620873344946,0.0,0.0,0.0,0.0,0.0,0.0,0
2009,307,97.17053782437941,0.0,0.0,0,0,0.0,0.0,0.0,0.0,0.0,0.0,0
2009,308,97.17053724537317,0.0,0.0,0,0,0.0,0.0,0.0,0.0,0.0,0.0,0
2009,309,97.17053675817633,0.0,0.0,0,0,0.0,0.0,0.0,0.0,0.0,0.0,0
2009,310,97.17053630787967,0.0,0.0,0,0,0.0,0.0,0.0,0.0,0.0,0.0,0
2009,311,97.17053560317854,0.0,0.0,0,0,0.0,0.0,0.0,0.0,0.0,0.0,0
2009,312,97.17053479347719,0.0,0.0,0,0,0.0,0.0,0.0,0.0,0.0,0.0,0
2009,313,97.1705338643906,0.0,0.0,0,0,0.0,0.0,0.0,0.0,0.0,0.0,0
2009,314,97.17053301406276,0.0,0.0,0,0,0.0,0.0,0.0,0.0,0.0,0.0,0
2009,315,97.17053232267702,0.0,0.0,0,0,0.0,0.0,0.0,0.0,0.0,0.0,0
2009,316,97.17053176893182,0.0,0.0,0,0,0.0,0.0,0.0,0.0,0.0,0.0,0
2009,317,97.17053132026955,0.0,0.0,0,0,0.0,0.0,0.0,0.0,0.0,0.0,0
2009,318,97.17053077910964,0.0,0.0,0,0,0.0,0.0,0.0,0.0,0.0,0.0,0
2009,319,97.17053029277471,0.0,0.0,0,0,0.0,0.0,0.0,0.0,0.0,0.0,0
2009,320,97.17052990245394,0.0,0.0,0,0,0.0,0.0,0.0,0.0,0.0,0.0,0
2009,321,97.17052956005858,0.0,0.0,0,0,0.0,0.0,0.0,0.0,0.0,0.0,0
2009,322,97.17052922624976,0.0,0.0,0,0,0.0,0.0,0.0,0.0,0.0,0.0,0
2009,323,97.17052890731408,0.0,0.0,0,0,0.0,0.0,0.0,0.0,0.0,0.0,0
2009,324,97.1705285855899,0.0,0.0,0,0,0.0,0.0,0.0,0.0,0.0,0.0,0
2009,325,97.17052827446203,0.0,0.0,0,0,0.0,0.0,0.0,0.0,0.0,0.0,0
2009,326,97.17052798177983,0.0,0.0,0,0,0.0,0.0,0.0,0.0,0.0,0.0,0
2009,327,97.17052763728806,0.0,0.0,0,0,0.0,0.0,0.0,0.0,0.0,0.0,0
2009,328,97.1705272830661,0.0,0.0,0,0,0.0,0.0,0.0,0.0,0.0,0.0,0
2009,329,97.17052232873897,0.0,0.0,0,0,0.0,0.0,0.0,0.0,0.0,0.0,0
2009,330,97.16535424628104,0.0,0.0,0,0,0.004901142966607616,0.00022898611164839198,0.0,0.0,0.0,0.0,3.092721940814045e-07
2009,331,97.16529429981944,0.0,0.0,0,0,0.0,0.0,0.0,0.0,0.0,0.0,0
2009,332,95.7500252986444,0.0,0.0,1.3992795365017427,0.015957558264914084,0.0,0.0,0.0,0.0,0.0,0.0,0
2009,333,91.80998054714486,0.0,0.0,3.896845264714961,0.043199353287416406,0.0,0.0,0.0,0.0,0.0,0.0,0
2009,334,91.8099804389482,0.0,0.0,0,0,0.0,0.0,0.0,0.0,0.0,0.0,0
2009,335,91.80998035388083,0.0,0.0,0,0,0.0,0.0,0.0,0.0,0.0,0.0,0
2009,336,91.8099802676894,0.0,0.0,0,0,0.0,0.0,0.0,0.0,0.0,0.0,0
2009,337,91.80998019432988,0.0,0.0,0,0,0.0,0.0,0.0,0.0,0.0,0.0,0
2009,338,91.80871666590231,0.0,0.0,0,0,0.001207347866422765,5.6057949237355794e-05,0.0,0.0,0.0,0.0,7.576899590343543e-08
2009,339,91.80871663994274,0.0,0.0,0,0,0.0,0.0,0.0,0.0,0.0,0.0,0
2009,340,91.8087166237376,0.0,0.0,0,0,0.0,0.0,0.0,0.0,0.0,0.0,0
2009,341,91.80741421362967,0.0,0.0,0,0,0.0012445412797047197,5.7663769375003404e-05,0.0,0.0,0.0,0.0,7.823622556084899e-08
2009,342,91.80727250436944,0.0,0.0,0,0,0.00013252315549123458,6.126988135266333e-06,0.0,0.0,0.0,0.0,9.4973293057298e-09
2009,343,91.7431807665971,0.0,0.0,0,0,0.0612470606589699,0.0028310051799750914,0.0,0.0,0.0,0.0,2.920719246694507e-06
2009,344,91.41646449185168,0.0,0.0,0.3221394235117294,0.0030951552832136396,0.001417273701594348,5.832743981179364e-05,0.0,0.0,0.0,0.0,7.84822950416703e-08
2009,345,91.09105947929271,0.0,0.0,0.3223351513097692,0.003067875958118216,0.0,0.0,0.0,0.0,0.0,0.0,0
2009,346,89.8318791167393,0.0,0.0,1.2473607544126712,0.011819024771044753,0.0,0.0,0.0,0.0,0.0,0.0,0
2009,347,89.31039779045801,0.0,0.0,0.5166607480889549,0.004697037150480472,0.0001186626221097633,4.870889427044115e-06,0.0,0.0,0.0,0.0,7.527986051196438e-09
2009,348,89.31039779045393,0.0,0.0,0,0,0.0,0.0,0.0,0.0,0.0,0.0,0
2009,349,89.30686154416952,0.0,0.0,0,0,0.0033949981480200864,0.00013932518142210272,0.0,0.0,0.0,0.0,1.7685943370052768e-07
2009,350,89.01085721910614,0.0,0.0,0.2933805656094045,0.002623562153529216,0.0,0.0,0.0,0.0,0.0,0.0,0
2009,351,88.85394003406859,0.0,0.0,0.15553926382041605,0.0013779212171410773,0.0,0.0,0.0,0.0,0.0,0.0,0
2009,352,88.15620491898584,0.0,0.0,0.6916183558284026,0.006116759254346865,0.0,0.0,0.0,0.0,0.0,0.0,0
2009,353,88.15620491898524,0.0,0.0,0,0,0.0,0.0,0.0,0.0,0.0,0.0,0
2009,354,88.15620491898356,0.0,0.0,0,0,0.0,0.0,0.0,0.0,0.0,0.0,0
2009,355,88.15620491898126,0.0,0.0,0,0,0.0,0.0,0.0,0.0,0.0,0.0,0
2009,356,88.15295645488973,0.0,0.0,0,0,0.003121246317818335,0.00012719558442431095,0.0,0.0,0.0,0.0,2.2186525867135517e-08
2009,357,88.14958733346693,0.0,0.0,0,0,0.00323803398858056,0.00013106455820161648,0.0,0.0,0.0,0.0,2.2872340065838273e-08
2009,358,88.10226664738518,0.0,0.0,0,0,0.04548909435632962,0.0018283454174639064,0.0,0.0,0.0,0.0,2.6128886228002616e-07
2009,359,87.53455058994717,0.0,0.0,0.5105511744715867,0.004419139996687244,0.05090436398144123,0.0018361576790979167,0.0,0.0,0.0,0.0,2.567756346744582e-07
2009,360,86.82379114841824,0.0,0.0,0.6996438486514786,0.005970769443471401,0.004981463567579046,0.00015791435659266836,0.0,0.0,0.0,0.0,2.652159930893778e-08
2009,361,85.60461382419889,0.0,0.0,1.2088882643916374,0.01012973918799157,0.0001515596784413122,4.743263312013386e-06,0.0,0.0,0.0,0.0,9.760485719547492e-10
2009,362,84.44157140178075,0.0,0.0,1.1537246508616337,0.009315240340873734,0.0,0.0,0.0,0.0,0.0,0.0,0
2009,363,83.75093977833632,0.0,0.0,0.685301656083445,0.005328509616823564,0.0,0.0,0.0,0.0,0.0,0.0,0
2009,364,83.42184065206169,0.0,0.0,0.3266164133552158,0.002482712918608436,0.0,0.0,0.0,0.0,0.0,0.0,0
2009,365,83.42136952711954,0.0,0.0,0,0,0.000456830992857432,1.429120413308096e-05,0.0,0.0,0.0,0.0,2.7449413312533145e-09
2010,1,83.42136952711954,0.0,0.0,0,0,0.0,0.0,0.0,0.0,0.0,0.0,0
2010,2,183.42136952711957,520.0,0.0,0,0,0.0,0.0,0.0,0,0,0.0,0
2010,3,283.0712025331704,520.0,0.0,0.3475508072726664,0.0026161866765093853,0.0,0.0,0.0,0,0,0.0,0
2010,4,383.07120253317044,520.0,0.0,0,0,0.0,0.0,0.0,0,0,0.0,0
2010,5,483.07120253317044,520.0,0.0,0,0,0.0,0.0,0.0,0,0,0.0,0
2010,6,583.0712025331704,520.0,0.0,0,0,0.0,0.0,0.0,0,0,0.0,0
2010,7,674.6267542042416,520.0,0.0,0,0,0.004266887797032836,8.438762435806039,0.0,0.006540479296776049,0.0009434892264318111,0.0,0.0014190053256978182
2010,8,743.9009377128616,520.0,0.0,0,0,0.013452074510525706,30.707582955795374,0.0,0.023010289811348113,0.003325753208514434,0.0,0.004781461074098147
2010,9,843.9009377128616,520.0,0.0,0,0,0.0,0.0,0.0,0,0,0.0,0
2010,10,943.1105378819494,520.0,0.0,0.7343950004484356,0.05600483046379594,0.0,0.0,1.94325148110185e-06,0,0,0.0,0
2010,11,1041.7587994618355,520.0,0.0,1.029920704671739,0.3218177154422177,0.0,0.0,1.2529640017236696e-05,0,0,0.0,0
2010,12,1141.7587994618355,520.0,0.0,0,0,0.0,0.0,0,0,0,0.0,0
2010,13,1241.7587994618355,520.0,0.0,0,0,0.0,0.0,0,0,0,0.0,0
2010,14,1341.7587994618355,520.0,0.0,0,0,0.0,0.0,0,0,0,0.0,0
2010,15,1441.7587994618355,520.0,0.0,0,0,0.0,0.0,0,0,0,0.0,0
2010,16,1541.7587994618355,520.0,0.0,0,0,0.0,0.0,0,0,0,0.0,0
2010,17,1641.7587994618355,520.0,0.0,0,0,0.0,0.0,0,0,0,0.0,0
2010,18,1741.758799470201,520.0,0.0,0,0,0.0,0.0,0,0,0,0.0,0
2010,19,1841.7587994836367,520.0,0.0,0,0,0.0,0.0,0,0,0,0.0,0
2010,20,1941.7587994964529,520.0,0.0,0,0,0.0,0.0,0,0,0,0.0,0
2010,21,2041.7587995148644,520.0,0.0,0,0,0.0,0.0,0,0,0,0.0,0
2010,22,2141.758799538282,520.0,0.0,0,0,0.0,0.0,0,0,0,0.0,0
2010,23,2241.758799566409,520.0,0.0,0,0,0.0,0.0,0,0,0,0.0,0
2010,24,2106.8158718465666,520.0,0.0,0,0,0.029145691596347476,234.88042557205392,0,0.17756759288261809,0.02647626378560193,0.0,0.03336353976357804
2010,25,2190.8641670674333,520.0,0.0,0,0,0.002086128296478482,15.94685774067224,0,0.014804740163709775,0.002211552322346302,0.0,0.002781034102192456
2010,26,2290.8641908808727,520.0,0.0,0,0,0.0,0.0,0,0,0,0.0,0
2010,27,2390.1871398935923,520.0,0.0,0.4542076547727002,0.2228405526729264,0.0,0.0,9.242390128704743e-06,0,0,0.0,0
2010,28,2488.9787965896066,520.0,0.0,0.6352741328287033,0.5730692292742982,0.0,0.0,2.4599051534738987e-05,0,0,0.0,0
2010,29,2588.9787965896066,520.0,0.0,0,0,0.0,0.0,0,0,0,0.0,0
2010,30,2688.9787965896066,520.0,0.0,0,0,0.0,0.0,0,0,0,0.0,0
2010,31,2788.9787965896066,520.0,0.0,0,0,0.0,0.0,0,0,0,0.0,0
2010,32,2888.9787965896066,520.0,0.0,0,0,0.0,0.0,0,0,0,0.0,0
2010,33,2951.1259686951107,520.0,0.0,0,0,0.003517375161596151,37.842967984811416,0,0.034321909568858736,0.005208302475500162,0.0,0.006342534522980921
2010,34,3051.1259686951107,520.0,0.0,0,0,0.0,0.0,0,0,0,0.0,0
2010,35,3151.1259686951107,520.0,0.0,0,0,0.0,0.0,0,0,0,0.0,0
2010,36,3249.9501883018997,520.0,0.0,0.492157447882982,0.6558018556097288,2.3484541459008615e-06,0.0278115802912254,2.9069122033327124e-05,3.912554684686969e-05,5.972713447328116e-06,0.0,7.160973028827432e-06
2010,37,3349.950188339384,520.0,0.0,0,0,0.0,0.0,0,0,0,0.0,0
2010,38,3449.9501883533553,520.0,0.0,0,0,0.0,0.0,0,0,0,0.0,0
2010,39,3542.344572577561,520.0,0.0,0,0,0.000581591054898644,7.603617449646182,0,0.007626544094929902,0.0011704761729946674,0.0,0.0014167703242992124
2010,40,3617.200137925936,520.0,0.0,0,0,0.0018681360124730157,25.138179739586207,0,0.023673338469223138,0.003639724920548296,0.0,0.004386816524098218
2010,41,3668.828756493647,520.0,0.0,0,0,0.0035093151509606037,48.35975602358681,0,0.04485210823077626,0.006910211935888357,0.0,0.008115783630639022
2010,42,3768.220522733771,520.0,0.0,0.23734992390485266,0.3708838359713259,0.0,0.0,1.6841837528381283e-05,0,0,0.0,0
2010,43,3866.062105676075,520.0,0.0,0.625829097064692,1.5325879606306338,0.0,0.0,7.008256730544998e-05,0,0,0.0,0
2010,44,3962.3803229169953,520.0,0.0,0.7637750507470767,2.9180077083325178,0.0,0.0,0.00013737752394861493,0,0,0.0,0
2010,45,4062.3803229169953,520.0,0.0,0,0,0.0,0.0,0,0,0,0.0,0
2010,46,4162.380322916995,520.0,0.0,0,0,0.0,0.0,0,0,0,0.0,0
2010,47,4259.84603978114,520.0,0.0,0,0,0.0001554152284521598,2.5336223660416235,0,0.002906430304544208,0.00045320856022382266,0.0,0.0005053545859190322
2010,48,4359.84603978114,520.0,0.0,0,0,0.0,0.0,0,0,0,0.0,0
2010,49,4459.84603978114,520.0,0.0,0,0,0.0,0.0,0,0,0,0.0,0
2010,50,4559.84603978114,520.0,0.0,0,0,0.0,0.0,0,0,0,0.0,0
2010,51,4650.524526259405,520.0,0.0,0,0,0.0005146462176601323,9.319268508994003,0,0.009748043252948629,0.0015306161501802658,0.0,0.0017303665220260807
2010,52,4750.501397658016,520.0,0.0,0,0,1.2481646883375966e-06,0.023121201574268595,0,3.44756805672315e-05,5.422682034280719e-06,0.0,6.151651253209767e-06
2010,53,4847.3488426034655,520.0,0.0,0,0,0.00016607246054570326,3.1517592057418344,0,0.003515323472473985,0.0005538839967700613,0.0,0.0006299180229420986
2010,54,4920.694726445749,520.0,0.0,0,0,0.0013720698911330936,26.648037249316488,0,0.02642563225240809,0.004171314556352559,0.0,0.004705869308313759
2010,55,5020.443949497319,520.0,0.0,0.051997445712237966,0.19877848719614377,0.0,0.0,9.731487428041626e-06,0,0,0.0,0
2010,56,5118.654610316537,520.0,0.0,0.32443164664388036,1.4649075630289314,0.0,0.0,7.163542729496497e-05,0,0,0.0,0
2010,57,5214.6696610798845,520.0,0.0,0.5733944613042172,3.41155477534767,0.0,0.0,0.00016854866701196102,0,0,0.0,0
2010,58,5314.6696610798845,520.0,0.0,0,0,0.0,0.0,0,0,0,0.0,0
2010,59,5414.669661240982,520.0,0.0,0,0,0.0,0.0,0,0,0,0.0,0
2010,60,5514.669661716633,520.0,0.0,0,0,0.0,0.0,0,0,0,0.0,0
2010,61,5614.669662170973,520.0,0.0,0,0,0.0,0.0,0,0,0,0.0,0
2010,62,5714.669662493753,520.0,0.0,0,0,0.0,0.0,0,0,0,0.0,0
2010,63,5814.669662792222,520.0,0.0,0,0,0.0,0.0,0,0,0,0.0,0
2010,64,5914.669663145543,520.0,0.0,0,0,0.0,0.0,0,0,0,0.0,0
2010,65,6014.669663508072,520.0,0.0,0,0,0.0,0.0,0,0,0,0.0,0
2010,66,6114.669664101103,520.0,0.0,0,0,0.0,0.0,0,0,0,0.0,0
2010,67,6214.669766793954,520.0,0.0,0,0,0.0,0.0,0,0,0,0.0,0
2010,68,6314.6699698854345,520.0,0.0,0,0,0.0,0.0,0,0,0,0.0,0
2010,69,6234.868190910874,520.0,0.0,0,0,0.006771174308972968,179.63182443107954,0,1.1537781161852427,0.18703703426820012,0.0,0.2023370482889228
2010,70,6303.064198752759,520.0,0.0,0,0,0.001213753022790486,31.836420797333453,0,0.23122204342560165,0.03754663324095843,0.0,0.0404816801445669
2010,71,6403.162461604079,520.0,0.0,0,0,0.0,0.0,0,0,0,0.0,0
2010,72,6503.295833314373,520.0,0.0,0,0,0.0,0.0,0,0,0,0.0,0
2010,73,6603.449040759176,520.0,0.0,0,0,0.0,0.0,0,0,0,0.0,0
2010,74,6582.403042241541,0.0,0.0,1.5821071977900245,19.6309483822099,0.0,0.0,0.0009640680693551217,0,0,0.0,0
2010,75,6582.580055996464,0.0,0.0,0,0,0.0,0.0,0,0,0,0.0,0
2010,76,6582.76152502155,0.0,0.0,0,0,0.0,0.0,0,0,0,0.0,0
2010,77,6582.944440825991,0.0,0.0,0,0,0.0,0.0,0,0,0,0.0,0
2010,78,6583.129133459649,0.0,0.0,0,0,0.0,0.0,0,0,0,0.0,0
2010,79,6583.344627368119,0.0,0.0,0,0,0.0,0.0,0,0,0,0.0,0
2010,80,6583.535347323955,0.0,0.0,0,0,0.0,0.0,0,0,0,0.0,0
2010,81,6583.7129761772285,0.0,0.0,0,0,0.0,0.0,0,0,0,0.0,0
2010,82,6583.8849415916775,0.0,0.0,0,0,0.0,0.0,0,0,0,0.0,0
2010,83,6584.056905769875,0.0,0.0,0,0,0.0,0.0,0,0,0,0.0,0
2010,84,6584.229920591396,0.0,0.0,0,0,0.0,0.0,0,0,0,0.0,0
2010,85,6584.382909182022,0.0,0.0,0,0,0.0,0.0,0,0,0,0.0,0
2010,86,6584.518827198998,0.0,0.0,0,0,0.0,0.0,0,0,0,0.0,0
2010,87,6584.650658918609,0.0,0.0,0,0,0.0,0.0,0,0,0,0.0,0
2010,88,6584.776744651877,0.0,0.0,0,0,0.0,0.0,0,0,0,0.0,0
2010,89,6584.901270846445,0.0,0.0,0,0,0.0,0.0,0,0,0,0.0,0
2010,90,6585.05185665728,0.0,0.0,0,0,0.0,0.0,0,0,0,0.0,0
2010,91,6585.198828144539,0.0,0.0,0,0,0.0,0.0,0,0,0,0.0,0
2010,92,6585.243994160396,0.0,0.0,0,0,0.0,0.0,0,0,0,0.0,0
2010,93,6585.201359007796,0.0,0.0,0,0,0.0,0.0,0,0,0,0.0,0
2010,94,6585.035659078898,0.0,0.0,0,0,0.0,0.0,0,0,0,0.0,0
2010,95,6584.847384571212,0.0,0.0,0,0,0.0,0.0,0,0,0,0.0,0
2010,96,6436.378581642447,0.0,0.0,0,0,0.4904063316934027,147.50671289914027,0,1.1447153388100288,0.20227517668839531,0.0,0.17511275969470277
2010,97,6114.929859228168,0.0,0.0,0,0,1.2197736704209141,319.4485788598048,0,2.589194359861931,0.4590191483138179,0.0,0.36860875020523576
2010,98,6022.473575082675,0.0,0.0,0,0,0.41398191944516666,91.90937335400668,0,0.963498935144811,0.17197119599636015,0.0,0.11024818225143905
2010,99,5937.767502041878,0.0,0.0,4.221721069235457,80.72424784493501,0.0,0.0,0.004537369030289618,0,0,0.0,0
2010,100,5600.922949672282,0.0,0.0,9.46643931787019,327.7387924423369,0.0,0.0,0.022186081849080032,0,0,0.0,0
2010,101,5360.271194828429,0.0,0.0,6.959117191233339,234.08812427601904,0.0,0.0,0.022226035487829768,0,0,0.0,0
2010,102,5360.681624070354,0.0,0.0,0,0,0.0,0.0,0,0,0,0.0,0
2010,103,5360.9308182841205,0.0,0.0,0,0,0.0,0.0,0,0,0,0.0,0
2010,104,5361.121323410072,0.0,0.0,0,0,0.0,0.0,0,0,0,0.0,0
2010,105,5361.091058262829,0.0,0.0,0,0,0.0,0.0,0,0,0,0.0,0
2010,106,5360.840015324978,0.0,0.0,0,0,0.0,0.0,0,0,0,0.0,0
2010,107,5360.163359306291,0.0,0.0,0,0,0.0,0.0,0,0,0,0.0,0
2010,108,5359.249179734749,0.0,0.0,0,0,0.0,0.0,0,0,0,0.0,0
2010,109,5358.879918378909,0.0,0.0,0,0,0.0,0.0,0,0,0,0.0,0
2010,110,5359.2013517746445,0.0,0.0,0,0,0.0,0.0,0,0,0,0.0,0
2010,111,5359.1721180984005,0.0,0.0,0,0,0.0,0.0,0,0,0,0.0,0
2010,112,5358.9853423306995,0.0,0.0,0,0,0.0,0.0,0,0,0,0.0,0
2010,113,5358.010209917628,0.0,0.0,0,0,0.0,0.0,0,0,0,0.0,0
2010,114,5357.368118662234,0.0,0.0,0,0,0.0,0.0,0,0,0,0.0,0
2010,115,5349.7459997233855,0.0,0.0,0,0,0.14072958982048073,6.63136933167949,0,0.09473759326767098,0.018010612837667802,0.0,0.005511139937451608
2010,116,5348.017610507658,0.0,0.0,0,0,0.0,0.0,0,0,0,0.0,0
2010,117,5346.818828212915,0.0,0.0,0,0,0.0,0.0,0,0,0,0.0,0
2010,118,5209.975430324813,0.0,0.0,12.279965461286677,124.78318337420085,0.0,0.0,0.017088314995303416,0,0,0.0,0
2010,119,5208.278484843874,0.0,0.0,0,0,0.0,0.0,0,0,0,0.0,0
2010,120,5208.445403813998,0.0,0.0,0,0,0.0,0.0,0,0,0,0.0,0
2010,121,5113.33415245807,0.0,0.0,0,0,2.646099990582017,92.01772441951421,0,1.1087287457503623,0.21535569876442565,0.0,0.04826980865529578
2010,122,5110.920270995332,0.0,0.0,0,0,0.0,0.0,0,0,0,0.0,0
2010,123,5107.631797166614,0.0,0.0,0,0,0.0,0.0,0,0,0,0.0,0
2010,124,4751.513275490292,0.0,0.0,41.043993112191046,311.4863276213895,0.0,0.0,0.054168630116687384,0,0,0.0,0
2010,125,4747.471819005693,0.0,0.0,0,0,0.0,0.0,0,0,0,0.0,0
2010,126,4743.659971740093,0.0,0.0,0,0,0.0,0.0,0,0,0,0.0,0
2010,127,4739.761999512067,0.0,0.0,0,0,0.0,0.0,0,0,0,0.0,0
2010,128,4728.859950647829,0.0,0.0,0,0,0.4477350998164791,6.656059928276707,0,0.07609823092231056,0.015176896294999825,0.0,0.0018910127523233027
2010,129,4725.489082433708,0.0,0.0,0,0,0.0,0.0,0,0,0,0.0,0
2010,130,4725.403165720254,0.0,0.0,0,0,0.0,0.0,0,0,0,0.0,0
2010,131,4595.287377459021,0.0,0.0,22.824225128311745,104.45117964467289,0.23246216258959004,3.119211885194645,0.027463467697808594,0.04542508126821858,0.009171460152446988,0.0,0.0009008388676890412
2010,132,4595.88659008415,0.0,0.0,0,0,0.0,0.0,0,0,0,0.0,0
2010,133,4533.802468644683,0.0,0.0,0,0,4.356567228156213,56.29403649123556,0,0.8485969540425192,0.17285163426172254,0.0,0.012620714926294904
2010,134,4375.465727415061,0.0,0.0,30.189692472203973,126.66238773821917,0.0,0.0,0.03883724361634503,0,0,0.0,0
2010,135,4324.601208190697,0.0,0.0,10.331535129400057,40.41009326911042,0.0,0.0,0.014196359522495107,0,0,0.0,0
2010,136,3827.2426584326777,0.0,0.0,97.35646428532498,396.94256270377156,0.0,0.0,0.1555282232893642,0,0,0.0,0
2010,137,3823.8429177487824,0.0,0.0,0,0,0.0,0.0,0,0,0,0.0,0
2010,138,3819.575395020149,0.0,0.0,0,0,0.0,0.0,0,0,0,0.0,0
2010,139,3815.2309577844508,0.0,0.0,0,0,0.0,0.0,0,0,0,0.0,0
2010,140,3811.112421160878,0.0,0.0,0,0,0.0,0.0,0,0,0,0.0,0
2010,141,3806.961393547827,0.0,0.0,0,0,0.0,0.0,0,0,0,0.0,0
2010,142,3802.5801212337255,0.0,0.0,0,0,0.0,0.0,0,0,0,0.0,0
2010,143,3798.2298812267413,0.0,0.0,0,0,0.0,0.0,0,0,0,0.0,0
2010,144,3794.5619173361656,0.0,0.0,0,0,0.0,0.0,0,0,0,0.0,0
2010,145,3791.364910883677,0.0,0.0,0,0,0.0,0.0,0,0,0,0.0,0
2010,146,3788.2463275324494,0.0,0.0,0,0,0.0,0.0,0,0,0,0.0,0
2010,147,3785.120798512756,0.0,0.0,0,0,0.0,0.0,0,0,0,0.0,0
2010,148,3781.7354195606968,0.0,0.0,0,0,0.0,0.0,0,0,0,0.0,0
2010,149,3778.536801472654,0.0,0.0,0,0,0.0,0.0,0,0,0,0.0,0
2010,150,3775.6366664479065,0.0,0.0,0,0,0.0,0.0,0,0,0,0.0,0
2010,151,3772.564263427509,0.0,0.0,0,0,0.0,0.0,0,0,0,0.0,0
2010,152,3769.2406248270877,0.0,0.0,0,0,0.0,0.0,0,0,0,0.0,0
2010,153,3765.9109087152738,0.0,0.0,0,0,0.0,0.0,0,0,0,0.0,0
2010,154,3763.367716314955,0.0,0.0,0,0,0.0,0.0,0,0,0,0.0,0
2010,155,3761.6839543397164,0.0,0.0,0,0,0.0,0.0,0,0,0,0.0,0
2010,156,3759.9635483417787,0.0,0.0,0,0,0.0,0.0,0,0,0,0.0,0
2010,157,3753.5591687118567,0.0,0.0,0,0,2.0933303808417403,1.5270275977351302,0,0.1612012332256383,0.03544131909921615,0.0,0.0001852611505875269
2010,158,3752.8069062439945,0.0,0.0,0,0,0.0,0.0,0,0,0,0.0,0
2010,159,3752.2228834690795,0.0,0.0,0,0,0.06815602670863577,0.03268616611247412,0,0.007989112305333938,0.0017762859426396114,0.0,4.717543068790445e-06
2010,160,3753.306790709592,0.0,0.0,0,0,0.04159267824912599,0.018949512035007936,0,0.005043933205201317,0.0011251574861280817,0.0,2.7991480046492072e-06
2010,161,3756.530954429541,0.0,0.0,0,0,0.0,0.0,0,0,0,0.0,0
2010,162,3711.8561755824794,0.0,0.0,44.24518079820655,5.203001032631756,0.0,0.0,0.04210323038297908,0,0,0.0,0
2010,163,3605.819730586411,0.0,0.0,101.77729045799273,9.532309557919712,0.0,0.0,0.10640687552515224,0,0,0.0,0
2010,164,3611.0621965337727,0.0,0.0,0,0,0.0,0.0,0,0,0,0.0,0
2010,165,3616.3428093423972,0.0,0.0,0,0,0.0,0.0,0,0,0,0.0,0
2010,166,3618.9384627076147,0.0,0.0,0,0,0.9886535710629107,0.47348208352453536,0,0.12912394909145253,0.029481785291690255,0.0,5.745047807491399e-05
2010,167,3621.224360226997,0.0,0.0,0,0,0.8493485878829649,0.404945262938092,0,0.11072074579891197,0.02534988274027452,0.0,4.974606103643976e-05
2010,168,3625.805940098909,0.0,0.0,0,0,0.0,0.0,0,0,0,0.0,0
2010,169,3463.8673712480895,0.0,0.0,161.72564203150148,5.625817681005026,0.0,0.0,0.1940717005529503,0,0,0.0,0
2010,170,3309.2576620578634,0.0,0.0,156.16008007114303,3.779146591400366,0.0,0.0,0.22277129528267986,0,0,0.0,0
2010,171,3314.679055275813,0.0,0.0,0,0,0.0,0.0,0,0,0,0.0,0
2010,172,3315.573723263112,0.0,0.0,4.7734185460084,0.06566599295742934,0.0,0.0,0.007430428930788913,0,0,0.0,0
2010,173,3321.136063304141,0.0,0.0,0,0,0.11510954514623362,0.057454102291374425,0,0.04378953266551739,0.01028881551934469,0.0,1.4759647733477825e-05
2010,174,3313.878872912489,0.0,0.0,0,0,5.143130811249665,3.6809589382559422,0,1.8128597579730992,0.42712819234422617,0.0,0.0006529115907972935
2010,175,3317.2743469521524,0.0,0.0,0,0,0.0,0.0,0,0,0,0.0,0
2010,176,3247.1184785106625,0.0,0.0,72.96376636394213,0.4826867826571439,0.0,0.0,0.11776130004339706,0,0,0.0,0
2010,177,2982.1245378529184,0.0,0.0,265.4872699953574,1.3805613137223547,0.6479809873501213,0.4139990055470004,0.5008326662637764,0.31842275183409546,0.07637857502513698,0.0,7.799269349756463e-05
2010,178,2983.9192823795797,0.0,0.0,0,0,0.05936957691487325,0.03742386788748953,0,0.030589693058568034,0.007357469112347378,0.0,7.987629117677644e-06
2010,179,2985.7794364764227,0.0,0.0,0,0,0.0,0.0,0,0,0,0.0,0
2010,180,2898.7706788611436,0.0,0.0,88.55108528042629,0.1737208285546642,0.0,0.0,0.20129801680926993,0,0,0.0,0
2010,181,2806.35539238527,0.0,0.0,94.56584075421105,0.1529263301941522,0.0,0.0,0.2352604403664901,0,0,0.0,0
2010,182,2796.4618103727134,0.0,0.0,12.441487231536716,0.014294293265871671,0.0,0.0,0.03296191201618245,0,0,0.0,0
2010,183,2798.3206129609543,0.0,0.0,0,0,0.0,0.0,0,0,0,0.0,0
2010,184,2799.852669651642,0.0,0.0,0,0,0.0,0.0,0,0,0,0.0,0
2010,185,2801.530124038132,0.0,0.0,0,0,0.0,0.0,0,0,0,0.0,0
2010,186,2804.039823586755,0.0,0.0,0,0,0.0,0.0,0,0,0,0.0,0
2010,187,2807.470553904335,0.0,0.0,0,0,0.0017049012793430305,0.0010237536168956661,0,0.0007993218878197526,0.00019832978826874823,0.0,1.968569191698604e-07
2010,188,2810.7419307773494,0.0,0.0,0,0,0.0,0.0,0,0,0,0.0,0
2010,189,2814.042820610247,0.0,0.0,0,0,0.0,0.0,0,0,0,0.0,0
2010,190,2816.506649434716,0.0,0.0,0,0,0.0,0.0,0,0,0,0.0,0
2010,191,2819.7173886062355,0.0,0.0,0,0,0.0,0.0,0,0,0,0.0,0
2010,192,2822.7735617579374,0.0,0.0,0,0,0.0,0.0,0,0,0,0.0,0
2010,193,2825.9632554415384,0.0,0.0,0,0,0.0,0.0,0,0,0,0.0,0
2010,194,2828.821809988311,0.0,0.0,0,0,0.0,0.0,0,0,0,0.0,0
2010,195,2831.6078608301796,0.0,0.0,0,0,0.0,0.0,0,0,0,0.0,0
2010,196,2832.6504156719097,0.0,0.0,0,0,0.6219806762433235,0.3633557598676121,0,0.15563376439721183,0.039610831926736895,0.0,4.5833125458021196e-05
2010,197,2835.907170136057,0.0,0.0,0,0,0.0,0.0,0,0,0,0.0,0
2010,198,2840.500294001873,0.0,0.0,0,0,0.0,0.0,0,0,0,0.0,0
2010,199,2743.901385803135,0.0,0.0,103.41168278130628,0.03263855230541575,0.0,0.0,0.288667299098985,0,0,0.0,0
2010,200,2751.0279933523043,0.0,0.0,0,0,0.0,0.0,0,0,0,0.0,0
2010,201,2758.426177235264,0.0,0.0,0,0,0.0,0.0,0,0,0,0.0,0
2010,202,2765.5504870981,0.0,0.0,0,0,0.0,0.0,0,0,0,0.0,0
2010,203,2772.4332187448763,0.0,0.0,0,0,0.0,0.0,0,0,0,0.0,0
2010,204,2769.5936593256906,0.0,0.0,0,0,3.4123155175956934,2.562876548198769,0,0.7852851249737397,0.20500905358805438,0.0,0.0002624339886063251
2010,205,2766.5108336486574,0.0,0.0,0,0,4.093785461563898,2.351718094354037,0,0.9478839608495667,0.24806754246886567,0.0,0.0002277088504754626
2010,206,2771.9990205663757,0.0,0.0,0,0,0.0,0.0,0,0,0,0.0,0
2010,207,2542.564242888477,0.0,0.0,235.4134100238442,0.34280742704654477,0.0,0.0,0.7532712942504455,0,0,0.0,0
2010,208,2364.105873232487,0.0,0.0,184.99004719375006,0.25579828866897125,0.0,0.0,0.7244071431572795,0,0,0.0,0
2010,209,2370.857711122191,0.0,0.0,0,0,0.030940306023445822,0.02264738901742511,0,0.03046543838099458,0.008161244652170947,0.0,7.18431104245312e-06
2010,210,2375.620129723904,0.0,0.0,0,0,0.0,0.0,0,0,0,0.0,0
2010,211,2379.337600011714,0.0,0.0,0,0,0.0,0.0,0,0,0,0.0,0
2010,212,2338.1778883119855,0.0,0.0,44.90241772124589,0.020943355380088374,0.0,0.0,0.20112093589171237,0,0,0.0,0
2010,213,2341.5286615852265,0.0,0.0,0,0,0.0,0.0,0,0,0,0.0,0
2010,214,2344.531764731582,0.0,0.0,0,0,0.0,0.0,0,0,0,0.0,0
2010,215,2347.422934713822,0.0,0.0,0,0,0.0,0.0,0,0,0,0.0,0
2010,216,2349.9425951837216,0.0,0.0,0,0,0.0,0.0,0,0,0,0.0,0
2010,217,2352.3564218108545,0.0,0.0,0,0,0.0,0.0,0,0,0,0.0,0
2010,218,2354.720989009247,0.0,0.0,0,0,0.0,0.0,0,0,0,0.0,0
2010,219,2356.8416408040484,0.0,0.0,0,0,0.0,0.0,0,0,0,0.0,0
2010,220,2357.222512952187,0.0,0.0,0,0,0.8599969061726357,0.6506440048146006,0,0.32458873408463046,0.08955710000017374,0.0,0.00010351111209826577
2010,221,2357.3433554592693,0.0,0.0,0,0,0.4235798262675076,0.312593690387056,0,0.160547314269538,0.04440509420151113,0.0,5.263611340075674e-05
2010,222,2359.3124529641896,0.0,0.0,0,0,0.0,0.0,0,0,0,0.0,0
2010,223,2274.0302546013227,0.0,0.0,87.92164468365337,0.06620881827340121,0.0,0.0,0.4179653123906772,0,0,0.0,0
2010,224,2147.0186396040017,0.0,0.0,130.1845921728446,0.13573311152669096,0.0,0.0,0.6830252361146203,0,0,0.0,0
2010,225,2150.218168881105,0.0,0.0,0,0,0.0,0.0,0,0,0,0.0,0
2010,226,2150.483457688163,0.0,0.0,0,0,0.6837612062914125,0.6797263170680707,0,0.30341000516117883,0.08574270274943226,0.0,9.415296749511364e-05
2010,227,2153.4210004734214,0.0,0.0,0,0,0.0,0.0,0,0,0,0.0,0
2010,228,2156.122423765495,0.0,0.0,0,0,0.0,0.0,0,0,0,0.0,0
2010,229,2029.0192199594583,0.0,0.0,130.05045268054621,0.11628539581395564,0.0,0.0,0.7759971466512995,0,0,0.0,0
2010,230,2032.1425585538118,0.0,0.0,0,0,0.0,0.0,0,0,0,0.0,0
2010,231,2035.9054142031523,0.0,0.0,0,0,0.0,0.0,0,0,0,0.0,0
2010,232,2040.6285612791864,0.0,0.0,0,0,0.0,0.0,0,0,0,0.0,0
2010,233,2044.9828705757682,0.0,0.0,0,0,0.34470548475878593,0.33915083022413367,0,0.13825494831291874,0.039948001915004736,0.0,4.5924643129817443e-05
2010,234,2050.8321734363626,0.0,0.0,0,0,0.0,0.0,0,0,0,0.0,0
2010,235,2056.4803956742444,0.0,0.0,0,0,0.0,0.0,0,0,0,0.0,0
2010,236,1966.7051849112574,0.0,0.0,95.53246464224799,0.08600814180759722,0.0,0.0,0.6417551128309402,0,0,0.0,0
2010,237,1972.1505274442502,0.0,0.0,0,0,0.0,0.0,0,0,0,0.0,0
2010,238,1977.1563230162528,0.0,0.0,0,0,0.0,0.0,0,0,0,0.0,0
2010,239,1981.7841873159066,0.0,0.0,0,0,0.0,0.0,0,0,0,0.0,0
2010,240,1986.2619718414708,0.0,0.0,0,0,0.0,0.0,0,0,0,0.0,0
2010,241,1990.6204759861444,0.0,0.0,0,0,0.0,0.0,0,0,0,0.0,0
2010,242,1994.9517806363808,0.0,0.0,0,0,0.0,0.0,0,0,0,0.0,0
2010,243,1999.3759145004803,0.0,0.0,0,0,0.0,0.0,0,0,0,0.0,0
2010,244,1999.0455281953828,0.0,0.0,0,0,1.799736386563544,2.0505765437345844,0,1.4404084371937793,0.4287230547626314,0.0,0.0006234455029663963
2010,245,2004.1074442946076,0.0,0.0,0,0,0.0,0.0,0,0,0,0.0,0
2010,246,2006.1894482709167,0.0,0.0,0,0,0.312922363769446,0.3110379335604644,0,0.31331350444857214,0.0942389384967715,0.0,0.00010104622862292472
2010,247,1863.3869319500448,0.0,0.0,144.93553789663525,0.3010719598993061,0.0,0.0,1.0786368811836176,0,0,0.0,0
2010,248,1864.887711545866,0.0,0.0,0,0,0.0,0.0,0,0,0,0.0,0
2010,249,1774.4591821556564,0.0,0.0,91.4808607152369,0.27506206905024866,0.0,0.0,0.7810099185993961,0,0,0.0,0
2010,250,1775.490730431397,0.0,0.0,0,0,0.0,0.0,0,0,0,0.0,0
2010,251,1775.8931086077887,0.0,0.0,0,0,0.0,0.0,0,0,0,0.0,0
2010,252,1775.9606715085467,0.0,0.0,0,0,0.0,0.0,0,0,0,0.0,0
2010,253,1775.8692816965827,0.0,0.0,0,0,0.0,0.0,0,0,0,0.0,0
2010,254,1775.906068758727,0.0,0.0,0,0,0.0,0.0,0,0,0,0.0,0
2010,255,1775.8561550204338,0.0,0.0,0,0,0.0,0.0,0,0,0,0.0,0
2010,256,1775.4485633049424,0.0,0.0,0,0,0.0,0.0,0,0,0,0.0,0
2010,257,1775.0963597399304,0.0,0.0,0,0,0.0,0.0,0,0,0,0.0,0
2010,258,1774.7583729704259,0.0,0.0,0,0,0.0,0.0,0,0,0,0.0,0
2010,259,1774.6177686145738,0.0,0.0,0,0,0.0,0.0,0,0,0,0.0,0
2010,260,1774.2225491313018,0.0,0.0,0,0,0.0,0.0,0,0,0,0.0,0
2010,261,1774.00044630463,0.0,0.0,0,0,0.0,0.0,0,0,0,0.0,0
2010,262,1773.5415758410736,0.0,0.0,0,0,0.0,0.0,0,0,0,0.0,0
2010,263,1772.8993139600095,0.0,0.0,0,0,0.0,0.0,0,0,0,0.0,0
2010,264,1772.4631588668326,0.0,0.0,0,0,0.0,0.0,0,0,0,0.0,0
2010,265,1772.0920931810517,0.0,0.0,0,0,0.0,0.0,0,0,0,0.0,0
2010,266,1771.69857537245,0.0,0.0,0,0,0.0,0.0,0,0,0,0.0,0
2010,267,1771.5502008829146,0.0,0.0,0,0,0.0,0.0,0,0,0,0.0,0
2010,268,1771.240405006378,0.0,0.0,0,0,0.0,0.0,0,0,0,0.0,0
2010,269,1770.6329268347113,0.0,0.0,0,0,0.0,0.0,0,0,0,0.0,0
2010,270,1769.8608315194315,0.0,0.0,0,0,0.0,0.0,0,0,0,0.0,0
2010,271,1769.7485998546993,0.0,0.0,0,0,0.0,0.0,0,0,0,0.0,0
2010,272,1769.7354297939094,0.0,0.0,0,0,0.0,0.0,0,0,0,0.0,0
2010,273,1769.3905017857596,0.0,0.0,0,0,0.0,0.0,0,0,0,0.0,0
2010,274,1768.5225342050537,0.0,0.0,0,0,0.0,0.0,0,0,0,0.0,0
2010,275,1767.5420428132725,0.0,0.0,0,0,0.0,0.0,0,0,0,0.0,0
2010,276,1766.3495508502842,0.0,0.0,0,0,0.0,0.0,0,0,0,0.0,0
2010,277,1765.02679987362,0.0,0.0,0,0,0.0,0.0,0,0,0,0.0,0
2010,278,1765.29420085991,0.0,0.0,0,0,0.0,0.0,0,0,0,0.0,0
2010,279,1765.8818104905083,0.0,0.0,0,0,0.0,0.0,0,0,0,0.0,0
2010,280,1766.2290467217003,0.0,0.0,0,0,0.0,0.0,0,0,0,0.0,0
2010,281,1766.0548375745925,0.0,0.0,0,0,0.0,0.0,0,0,0,0.0,0
2010,282,1765.508146273914,0.0,0.0,0,0,0.0,0.0,0,0,0,0.0,0
2010,283,1765.351768417595,0.0,0.0,0,0,0.0,0.0,0,0,0,0.0,0
2010,284,1765.617248182861,0.0,0.0,0,0,0.0,0.0,0,0,0,0.0,0
2010,285,1766.210405556113,0.0,0.0,0,0,0.0,0.0,0,0,0,0.0,0
2010,286,1767.0230806690038,0.0,0.0,0,0,0.0,0.0,0,0,0,0.0,0
2010,287,1767.7907087478952,0.0,0.0,0,0,0.0,0.0,0,0,0,0.0,0
2010,288,1768.5154632614904,0.0,0.0,0,0,0.0,0.0,0,0,0,0.0,0
2010,289,1769.165742024061,0.0,0.0,0,0,0.0,0.0,0,0,0,0.0,0
2010,290,1769.7772204334142,0.0,0.0,0,0,0.0,0.0,0,0,0,0.0,0
2010,291,1770.355430900035,0.0,0.0,0,0,0.0,0.0,0,0,0,0.0,0
2010,292,1770.877557360601,0.0,0.0,0,0,0.0,0.0,0,0,0,0.0,0
2010,293,1771.3583269251824,0.0,0.0,0,0,0.0,0.0,0,0,0,0.0,0
2010,294,1771.8166592524199,0.0,0.0,0,0,0.0,0.0,0,0,0,0.0,0
2010,295,1772.2189282555375,0.0,0.0,0,0,0.0,0.0,0,0,0,0.0,0
2010,296,1772.6120087099832,0.0,0.0,0,0,0.0,0.0,0,0,0,0.0,0
2010,297,1772.834593894247,0.0,0.0,0,0,0.045647459360629666,0.23205086605017575,0,0.02361794779542526,0.007932835853993703,0.0,3.447062897445171e-05
2010,298,1773.363839025755,0.0,0.0,0,0,0.0,0.0,0,0,0,0.0,0
2010,299,1772.8688274477406,0.0,0.0,0,0,0.15031298937908497,0.7719070309806153,0,0.08271580940804958,0.027926477766024485,0.0,0.00011298853098841666
2010,300,1773.4198124591117,0.0,0.0,0,0,0.0,0.0,0,0,0,0.0,0
2010,301,1773.9526333197837,0.0,0.0,0,0,0.0,0.0,0,0,0,0.0,0
2010,302,1655.4630116583728,0.0,0.0,117.42390843103877,1.5325190578951329,0.0,0.0,1.1026010631750052,0,0,0.0,0
2010,303,1648.6684552407648,0.0,0.0,7.137873509319864,0.08087631688565589,0.0,0.0,0.07442172630910959,0,0,0.0,0
2010,304,1649.0662730343163,0.0,0.0,0,0,0.0,0.0,0,0,0,0.0,0
2010,305,1649.4216594318439,0.0,0.0,0,0,0.0,0.0,0,0,0,0.0,0
2010,306,1649.7426169749913,0.0,0.0,0,0,0.0,0.0,0,0,0,0.0,0
2010,307,1650.0443129019163,0.0,0.0,0,0,0.0,0.0,0,0,0,0.0,0
2010,308,1650.3478815607184,0.0,0.0,0,0,0.0,0.0,0,0,0,0.0,0
2010,309,1650.6266804840732,0.0,0.0,0,0,0.0,0.0,0,0,0,0.0,0
2010,310,1650.8719454840486,0.0,0.0,0,0,0.0,0.0,0,0,0,0.0,0
2010,311,1651.095877175132,0.0,0.0,0,0,0.0,0.0,0,0,0,0.0,0
2010,312,1651.3183125396527,0.0,0.0,0,0,0.0,0.0,0,0,0,0.0,0
2010,313,1651.6833085033845,0.0,0.13420643972387278,0,0,0.0,0.0,0,0,0,0.0,0
2010,314,1652.0591364587779,0.0,0.26804551200212323,0,0,0.0,0.0,0,0,0,0,0
2010,315,1652.4536917682472,0.0,0.4014789979965849,0,0,0.0,0.0,0,0,0,0,0
2010,316,1652.8582755562377,0.0,0.5344811683513152,0,0,0.0,0.0,0,0,0,0,0
2010,317,1653.2554935258831,0.0,0.6670831654808296,0,0,3.7853767373630845e-06,2.256344273553236e-05,0,5.0065282106253465e-06,1.7617478409041277e-06,1.1013608387036488e-10,5.603013466045001e-09
2010,318,1653.6419324462627,0.0,0.7993022541842442,0,0,0.0,0.0,0,0,0,0,0
2010,319,1654.0143434725846,0.0,0.9311712093802923,0,0,0.0,0.0,0,0,0,0,0
2010,320,1621.998899282933,0.0,1.0627235405165287,31.936004703890188,0.4424324006074824,0.0,0.0,0.3349328926694354,0,0,0,0
2010,321,1592.5187609250752,0.0,1.1939709052032441,29.366510424611,0.46884849962529984,0.0,0.0,0.31941515667882453,0,0,0,0
2010,322,1590.5424469079371,0.0,1.324995583759283,2.281006262713,0.035256160830316366,0.0,0.0,0.025509960828163036,0,0,0,0
2010,323,1590.8635113522041,0.0,1.4558504228808828,0,0,0.0,0.0,0,0,0,0,0
2010,324,1591.1701407780356,0.0,1.586541314705064,0,0,0.0,0.0,0,0,0,0,0
2010,325,1591.4614896086055,0.0,1.7171107173415712,0,0,0.0,0.0,0,0,0,0,0
2010,326,1591.7663365097287,0.0,1.847291058056763,0,0,0.0,0.0,0,0,0,0,0
2010,327,1592.0644738377036,0.0,1.9772812844017522,0,0,0.0,0.0,0,0,0,0,0
2010,328,1592.3389359609032,0.0,2.1072999040943188,0,0,0.0,0.0,0,0,0,0,0
2010,329,1592.5964059539886,0.0,2.2373294964326367,0,0,0.0,0.0,0,0,0,0,0
2010,330,1592.8427335995484,0.0,2.3672841716744784,0,0,0.0,0.0,0,0,0,0,0
2010,331,1593.0730753012097,0.0,2.497304080169618,0,0,0.0,0.0,0,0,0,0,0
2010,332,1558.6991168292043,0.0,2.627380337472164,33.94703852976895,0.6447337951636243,0.0,0.0,0.38175380970597067,0,0,0,0
2010,333,1558.922969725437,0.0,2.757231779940637,0,0,0.0,0.0,0,0,0,0,0
2010,334,1558.0330145276869,0.0,2.88688096513051,0,0,0.1469080527508513,0.9698968887895439,0,0.13207619099859697,0.04819523412757226,1.518851631585169e-05,0.00012335099036728283
2010,335,1558.2508728162013,0.0,3.016544503197493,0,0,0.0,0.0,0,0,0,0,0
2010,336,1558.4492912087674,0.0,3.1464414043863185,0,0,0.0,0.0,0,0,0,0,0
2010,337,1541.1487869920772,0.0,3.2765425324253004,17.14418017684347,0.3399415916437325,0.0,0.0,0.1995286971636491,0,0,0,0
2010,338,1540.4815817892552,0.0,3.406935265944052,0,0,0.11211587610166594,0.7204606017025343,0,0.10667833760474722,0.039245900873688365,1.4619905800814097e-05,9.337154412425563e-05
2010,339,1540.60180145149,0.0,3.5378466940458644,0,0,0.0028681912286113117,0.017897091801030603,0,0.003310627177703551,0.0012201514374744476,4.7199814813542606e-07,2.8998467809446764e-06
2010,340,1540.7405519753117,0.0,3.668758594145825,0,0,0.0,0.0,0,0,0,0,0
2010,341,1520.5327739608413,0.0,3.7996704942457855,19.91678003316616,0.42776974999952083,0.0,0.0,0.2363957935752786,0,0,0,0
2010,342,1511.72606723396,0.0,3.930582394345746,8.750925168732156,0.19040654379766078,0.0,0.0,0.1060993564474762,0,0,0,0
2010,343,1511.8576355449065,0.0,4.061494294445707,0,0,0.0,0.0,0,0,0,0,0
2010,344,1511.819799563857,0.0,4.192401809362598,0,0,0.023410656262734936,0.1459667088062842,0,0.025700142757193612,0.009571680447159628,4.385183068802922e-06,2.079377183102958e-05
2010,345,1511.9510949497603,0.0,4.323313698229351,0,0,4.021236856440514e-05,0.0002490273420906911,0,6.374744539667372e-05,2.378446297381439e-05,1.1233206378256254e-08,5.160195391545225e-08
2010,346,1509.0399708868638,0.0,4.454145262618402,0,0,0.42312413189130416,2.620294580568847,0,0.44157973776199533,0.16516182295583454,8.033571090898967e-05,0.00029708615903941137
2010,347,1496.038117966307,0.0,4.585057162718362,12.839365449423733,0.2938659600669659,0.0,0.0,0.15713972592777287,0,0,0,0
2010,348,1490.9888447010096,0.0,4.715969062818322,5.064139985930535,0.11637223194452882,0.0,0.0,0.06282724690921417,0,0,0,0
2010,349,1463.0088866876908,0.0,4.8468809629182825,27.40094872934851,0.7101350323866753,0.0,0.0,0.3438101652276692,0,0,0,0
2010,350,1463.139798587791,0.0,4.977792863018243,0,0,0.0,0.0,0,0,0,0,0
2010,351,1463.2707104878907,0.0,5.108704763118203,0,0,0.0,0.0,0,0,0,0,0
2010,352,1463.4016223879908,0.0,5.239616663218163,0,0,0.0,0.0,0,0,0,0,0
2010,353,1463.5325342880908,0.0,5.370528563318123,0,0,0.0,0.0,0,0,0,0,0
2010,354,1463.6634461881906,0.0,5.501440463418083,0,0,0.0,0.0,0,0,0,0,0
2010,355,1463.3893118770782,0.0,5.632349964108446,0,0,0.06332075595561398,0.3417168186665589,0,0.010301408900810405,0.003921677615138879,2.3994095969533143e-06,6.237180613191057e-06
2010,356,1463.5202237771782,0.0,5.763261864208406,0,0,0.0,0.0,0,0,0,0,0
2010,357,1463.6512486831086,0.0,5.894173764308366,0,0,0.0,0.0,0,0,0,0,0
2010,358,1446.00353522188,0.0,6.025085661990022,17.31567295988293,0.462879122288262,3.748211883020677e-05,0.00019801747553091582,0.22332499639615555,9.667606249233468e-06,3.7033150298724956e-06,2.418304391420279e-09,5.594610197239374e-09
2010,359,1445.9599940181395,0.0,6.155996302335496,0,0,0.02780301025915108,0.14688096936387798,0,0.004924276372914936,0.0018896272995890028,1.259754485431775e-06,2.820337151519174e-06
2010,360,1446.0911638168986,0.0,6.286908202435456,0,0,0.0,0.0,0,0,0,0,0
2010,361,1443.3020496079182,0.0,6.4178201025354165,2.8454309680436207,0.07482637289052262,0.0,0.0,0.03732606265623984,0,0,0,0
2010,362,1426.5887504966454,0.0,6.548732002635377,16.385085756090866,0.4593536436149518,0.0,0.0,0.2163363867790827,0,0,0,0
2010,363,1426.7198143845458,0.0,6.679643902735337,0,0,0.0,0.0,0,0,0,0,0
2010,364,1426.8510463278706,0.0,6.810555802835297,0,0,0.0,0.0,0,0,0,0,0
2010,365,1426.982475525835,0.0,6.941467702935257,0,0,0.0,0.0,0,0,0,0,0
2011,1,1427.1139679574515,0.0,7.072379603035217,0,0,0.0,0.0,0,0,0,0,0
2011,2,1427.245507260819,0.0,7.203291503135177,0,0,0.0,0.0,0,0,0,0,0
2011,3,1427.376993858425,0.0,7.334203403235137,0,0,0.0,0.0,0,0,0,0,0
2011,4,1427.5084971686285,0.0,7.465115303335097,0,0,0.0,0.0,0,0,0,0,0
2011,5,1427.6398956293897,0.0,7.5960272034350576,0,0,0.0,0.0,0,0,0,0,0
2011,6,1427.7712409641574,0.0,7.726939103535018,0,0,0.0,0.0,0,0,0,0,0
2011,7,1427.9025496307684,0.0,7.857851003634978,0,0,0.0,0.0,0,0,0,0,0
2011,8,1428.03379020248,0.0,7.988762903734938,0,0,0.0,0.0,0,0,0,0,0
2011,9,1428.1649163925872,0.0,8.119674803834899,0,0,0.0,0.0,0,0,0,0,0
2011,10,1428.2959559829403,0.0,8.250586703934859,0,0,0.0,0.0,0,0,0,0,0
2011,11,1428.2907297892812,0.0,8.381497166670052,0,0,0.02187559208529421,0.11444531906312612,0,0.0040649801398980005,0.0016082154585688692,1.4373647669144088e-06,2.2081756063712924e-06
2011,12,1428.3985897926345,0.0,8.512408788134497,0,0,0.003765144671808365,0.0195391153053654,0,0.000775318095907418,0.0003072628702451006,2.7863551472263567e-07,4.20722986693544e-07
2011,13,1428.5297116472354,0.0,8.643320688234457,0,0,0.0,0.0,0,0,0,0,0
2011,14,1422.1115232020206,0.0,8.774232588334417,6.370785219622656,0.1784970523924428,0.0,0.0,0.08497812730215974,0,0,0,0
2011,15,1411.7972892520208,0.0,8.905143151249526,10.044113681998969,0.289853606016889,0.01801512281639471,0.09335925914582617,0.1351393196788555,0.0035457808901245163,0.0014137430110473658,1.3371848522645891e-06,1.8262064323127009e-06
2011,16,1411.9282011521207,0.0,9.036055051349486,0,0,0.0,0.0,0,0,0,0,0
2011,17,1412.059113052221,0.0,9.166966951449446,0,0,0.0,0.0,0,0,0,0,0
2011,18,1398.526869342326,0.0,9.297873451684737,12.840364085701907,0.38306425927889304,0.07156167684286378,0.3682697377190185,0.17488887736046746,0.013675550023831947,0.00548439881526541,5.399864668852386e-06,6.591093544295864e-06
2011,19,1398.6578609020376,0.0,9.428785351784697,0,0,0.0,0.0,0,0,0,0,0
2011,20,1398.4570568921554,0.0,9.559697251884657,0.3222957747539304,0.009420135228323242,0.0,0.0,0.0044455812039375375,0,0,0,0
2011,21,1377.847525550453,0.0,9.690609151984617,20.106947554749226,0.6334956870529788,0.0,0.0,0.2786860272426281,0,0,0,0
2011,22,1377.978437450553,0.0,9.821521052084577,0,0,0.0,0.0,0,0,0,0,0
2011,23,1378.109349350653,0.0,9.952432952184537,0,0,0.0,0.0,0,0,0,0,0
2011,24,1378.240261250753,0.0,10.083344852284498,0,0,0.0,0.0,0,0,0,0,0
2011,25,1378.1183822025948,0.0,10.214256752384458,0.24531868014566433,0.007472268112413446,0.0,0.0,0.0034670170754938904,0,0,0,0
2011,26,1378.2492941026949,0.0,10.345168652484418,0,0,0.0,0.0,0,0,0,0,0
2011,27,1378.377318097509,0.0,10.476080495868592,0,0,0.00048144843461492217,0.0024063423206984276,0,0.00012657704127653008,5.1598226793841434e-05,5.671578561492564e-08,5.7814790266250855e-08
2011,28,1378.4984786013188,0.0,10.606992214932143,0,0,0.0016259568014893283,0.008125076354541832,0,0.00039879029091538753,0.0001628369216139644,1.8103640957991288e-07,1.8209789979880633e-07
2011,29,1378.6293905014186,0.0,10.737904115032103,0,0,0.0,0.0,0,0,0,0,0
2011,30,1374.4581692502875,0.0,10.868816015132063,4.173116250259237,0.12901690097188773,0.0,0.0,0.05891033506663422,0,0,0,0
2011,31,1366.3943702488095,0.0,10.999727915232024,7.9437673720501225,0.25094352952755755,0.0,0.0,0.11281121207477168,0,0,0,0
2011,32,1363.7449447901975,0.0,11.130635005579167,2.4203770548015706,0.07607722359862303,0.047362536291507704,0.23651141943832552,0.03467178024809422,0.01006265148599971,0.004139863954254034,4.809752817280687e-06,4.314829529293716e-06
2011,33,1362.7922292040053,0.0,11.26152857950966,0,0,0.1840283274358521,0.8995660667428118,0,0.03787146577629476,0.015606640736608635,1.8326169467248178e-05,1.4765943901532781e-05
2011,34,1362.9231411041053,0.0,11.39244047960962,0,0,0.0,0.0,0,0,0,0,0
2011,35,1346.4905039421728,0.0,11.52335237970958,16.032733709414487,0.5308153526177558,0.0,0.0,0.23085196512550862,0,0,0,0
2011,36,1321.8692024719867,0.0,11.65426427980954,23.917954706015855,0.8342586642701046,0.0,0.0,0.35234949369809787,0,0,0,0
2011,37,1321.9266322798433,0.0,11.785171148383284,0,0,0.013399178472562692,0.060074463769256424,0,0.009888805877914842,0.004111589483782556,5.031526216823051e-06,3.418475639313385e-06
2011,38,1322.057544179943,0.0,11.916083048483245,0,0,0.0,0.0,0,0,0,0,0
2011,39,1322.1884560800431,0.0,12.046994948583205,0,0,0.0,0.0,0,0,0,0,0
2011,40,1311.0444410059226,0.0,12.177906848683165,10.89765107480461,0.3772758994159874,0.0,0.0,0.16493182084595748,0,0,0,0
2011,41,1311.1753529060225,0.0,12.308818748783125,0,0,0.0,0.0,0,0,0,0,0
2011,42,1311.3062648061225,0.0,12.439730648883085,0,0,0.0,0.0,0,0,0,0,0
2011,43,1311.4350660055331,0.0,12.570642353663313,0,0,0.0003870110927630061,0.0017233739645181614,0,0.0003583597488554527,0.00015057699938081652,1.9531973157632295e-07,1.2031191475413933e-07
2011,44,1311.5659779056332,0.0,12.701554253763273,0,0,0.0,0.0,0,0,0,0,0
2011,45,1311.696889805733,0.0,12.832466153863233,0,0,0.0,0.0,0,0,0,0,0
2011,46,1309.4986863774905,0.0,12.963378053963194,2.2520886663937647,0.07702666194880928,0.0,0.0,0.03441835165527391,0,0,0,0
2011,47,1309.629579302284,0.0,13.094289954063154,0,0,0.0,0.0,0,0,0,0,0
2011,48,1309.7607949490516,0.0,13.225201854163114,0,0,0.0,0.0,0,0,0,0,0
2011,49,1309.892336924736,0.0,13.356113754263074,0,0,0.0,0.0,0,0,0,0,0
2011,50,1310.0239061313541,0.0,13.487025654363034,0,0,0.0,0.0,0,0,0,0,0
2011,51,1310.1574791640626,0.0,13.617937554462994,0,0,0.0,0.0,0,0,0,0,0
2011,52,1309.096808107569,0.0,13.748759354488422,0,0,0.2193570745485793,0.9766169208758521,0,0.15032724248243165,0.06410965876985351,9.010007453268293e-05,4.3879829234248214e-05
2011,53,1309.1771355670112,0.0,13.879666359941188,0,0,0.010377542714731874,0.04079583747584809,0,0.008084774018678742,0.0034534965910884797,4.894647194837576e-06,2.3465315400250615e-06
2011,54,1309.3084718486925,0.0,14.010578260041148,0,0,0.0,0.0,0,0,0,0,0
2011,55,1307.5058801723503,0.0,14.141490160141108,1.8698179707912377,0.06412366397335233,0.0,0.0,0.028536009143726802,0,0,0,0
2011,56,1295.2175597724142,0.0,14.272402060241069,11.994140030419342,0.4256959255412449,0.0,0.0,0.18389549718983247,0,0,0,0
2011,57,1295.3488970075696,0.0,14.403313960341029,0,0,0.0,0.0,0,0,0,0,0
2011,58,1295.4610306065294,0.0,14.534223777912572,0,0,0.003839692416891864,0.01501110935448528,0,0.0032727302402869246,0.0014105467421259572,2.082528415854694e-06,9.101635606131557e-07
2011,59,1295.5919777144768,0.0,14.665135678012533,0,0,0.0,0.0,0,0,0,0,0
2011,60,1295.722769087521,0.0,14.796047578112493,0,0,0.0,0.0,0,0,0,0,0
2011,61,1290.5362845813117,0.0,14.926959478212453,5.136232034036126,0.18128783582826088,0.0,0.0,0.07972466263762737,0,0,0,0
2011,62,1290.6671957117846,0.0,15.057871378312413,0,0,0.0,0.0,0,0,0,0,0
2011,63,1290.7034244743288,0.0,15.1887093473531,0,0,0.019357917126631957,0.07551835205692085,0,0.11082850081353258,0.048168080816820856,7.393105927206975e-05,3.0042795219121206e-05
2011,64,1290.8348741253963,0.0,15.31962124745306,0,0,0.0,0.0,0,0,0,0,0
2011,65,1290.966175350608,0.0,15.45053314755302,0,0,0.0,0.0,0,0,0,0,0
2011,66,1288.4711935744747,0.0,15.58144504765298,2.536961169571904,0.08944270540041466,0.0,0.0,0.039536779778547006,0,0,0,0
2011,67,1288.602674584926,0.0,15.71235694775294,0,0,0.0,0.0,0,0,0,0,0
2011,68,1288.39005475172,0.0,15.842994069188975,0,0,0.0718822670342674,0.27734872153275375,0,0.39372909021166563,0.1725251818322621,0.00027477866392493835,0.00010122969166471296
2011,69,1288.5010936064339,0.0,15.973880615174776,0,0,0.005793512673791989,0.02142917868534444,0,0.03601210160251264,0.01580503465974848,2.5354114158669722e-05,9.229093580338383e-06
2011,70,1288.6395898466092,0.0,16.104792515274738,0,0,0.0,0.0,0,0,0,0,0
2011,71,1276.4531543361973,0.0,16.2357044153747,11.893814010049047,0.43284563362950373,0.0,0.0,0.18599495837461463,0,0,0,0
2011,72,1266.6934746507022,0.0,16.36661631547466,9.550001297804517,0.3498372696355855,0.0,0.0,0.15166713868366424,0,0,0,0
2011,73,1266.8332865570335,0.0,16.49752821557462,0,0,0.0,0.0,0,0,0,0,0
2011,74,1266.9737951942648,0.0,16.62844011567458,0,0,0.0,0.0,0,0,0,0,0
2011,75,1267.1381605061808,0.0,16.75661062402212,0,0,0.0,0.0,0,0,0,0,0
2011,76,1267.3361650464135,0.0,16.88097272911381,0,0,0.0,0.0,0,0,0,0,0
2011,77,1267.5670745186524,0.0,17.001622926875264,0,0,0.0,0.0,0,0,0,0,0
2011,78,1267.799080538819,0.0,17.121986579742657,0,0,0.0,0.0,0,0,0,0,0
2011,79,1267.9688650260211,0.0,17.239716416244654,0,0,0.017328022332811346,0.06698185830535502,0,0.11113101856670053,0.04961629782034374,8.508100399243313e-05,2.7786723685365914e-05
2011,80,1267.790453247018,0.0,17.35742404596333,0,0,0.08735946559949409,0.34073609293646884,0,0.5454052604911623,0.2438895807331207,0.00042063710678533445,0.00013083380380112216
2011,81,1268.08770875998,0.0,17.46810253828811,0,0,0.0,0.0,0,0,0,0,0
2011,82,1210.4912269639283,0.0,17.584757360354736,55.007690890472944,2.3103599720259935,0.10627006031778062,0.4218445197122644,0.8911179753037073,1.0778857831346798,0.4878462496343739,0.0008507216159560038,0.00014835387349889558
2011,83,1112.7570666257204,0.0,17.701434007620122,93.5608095498583,4.418834065573809,0.0,0.0,1.6531311850987076,0,0,0,0
2011,84,1093.6732283839958,0.0,17.82165391686769,18.56385281437513,0.7419695505047453,0.0,0.0,0.368929369073633,0,0,0,0
2011,85,1009.7771442440019,0.0,17.944658923835615,80.43075966542463,3.6640247201703726,0.0,0.0,1.6714487197244634,0,0,0,0
2011,86,1009.9454816817095,0.0,18.071237697611192,0,0,0.0,0.0,0,0,0,0,0
2011,87,1010.0866255966903,0.0,18.201230959851276,0,0,0.0,0.0,0,0,0,0,0
2011,88,1010.2263923253738,0.0,18.33122422209136,0,0,0.0,0.0,0,0,0,0,0
2011,89,1010.3668610232667,0.0,18.461217484331446,0,0,0.0,0.0,0,0,0,0,0
2011,90,1010.5085991037618,0.0,18.59121074657153,0,0,0.0,0.0,0,0,0,0,0
2011,91,1010.6741956057855,0.0,18.71796217099289,0,0,0.0,0.0,0,0,0,0,0
2011,92,1010.788603538855,0.0,18.841273942981864,0,0,0.01468309535093428,0.06131102131070547,0,0.2037912236942472,0.09428398717406639,0.00017433353027619287,2.262344393674259e-05
2011,93,1010.9938869134827,0.0,18.95993673471804,0,0,0.004315708210953082,0.017987815362659493,0,0.06433067177692026,0.02980833088230246,5.5421847774705014e-05,7.241123671019362e-06
2011,94,1011.2279750235201,0.0,19.077177357846615,0,0,0.0012019449643473385,0.005152856141653409,0,0.020365423208442448,0.009451049538880872,1.7664306834228905e-05,2.369733700068545e-06
2011,95,1011.4831795689335,0.0,19.19156644718846,0,0,0.0,0.0,0,0,0,0,0
2011,96,1011.763261312535,0.0,19.30291211302581,0,0,0.0,0.0,0,0,0,0,0
2011,97,965.9223141481132,0.0,19.4098487502891,44.327077783657025,1.8271671939236152,0.0,0.0,1.0306588628180964,0,0,0,0
2011,98,966.2756174383401,0.0,19.511189069833016,0,0,0.0,0.0,0,0,0,0,0
2011,99,960.9501445914779,0.0,19.605603364190106,5.524931495664279,0.20652582989988666,0.0,0.0,0.13676148382265435,0,0,0,0
2011,100,961.4569418224057,0.0,19.685876455362976,0,0,0.0,0.0,0,0,0,0,0
2011,101,962.1187322332905,0.0,19.74410323691558,0,0,0.0,0.0,0,0,0,0,0
2011,102,962.7523042852106,0.0,19.80453675031344,0,0,0.0,0.0,0,0,0,0,0
2011,103,961.606824196315,0.0,19.863426058873014,1.7209609073987362,0.06274251137992332,0.0,0.0,0.04286650772233311,0,0,0,0
2011,104,962.3107140939713,0.0,19.91389443952381,0,0,0.0,0.0,0,0,0,0,0
2011,105,962.9060721042475,0.0,19.97658486696104,0,0,0.0,0.0,0,0,0,0,0
2011,106,963.350801470351,0.0,20.050377333583953,0,0,0.003087783222377305,0.03664322410145602,0,0.057633959475604984,0.02734800779162555,5.319168301593202e-05,1.5384367207733517e-05
2011,107,963.8559748075381,0.0,20.12343502884656,0,0,0.0,0.0,0,0,0,0,0
2011,108,964.3611198979901,0.0,20.19764631494312,0,0,0.0,0.0,0,0,0,0,0
2011,109,922.8062519269253,0.0,20.275249932745734,40.44527961478566,1.5909819249454162,0.0,0.0,1.0183525125733182,0,0,0,0
2011,110,917.215113113225,0.0,20.375459007390614,5.420477840833689,0.1949854467698294,0.018997564673976813,0.2855445990367528,0.14496881780131815,0.40326795112134567,0.19320034855229298,0.00037984384650600943,0.00010975371374550542
2011,111,917.5701536024118,0.0,20.467619214889872,0,0,0.0,0.0,0,0,0,0,0
2011,112,917.9367242782001,0.0,20.55975390388345,0,0,0.0,0.0,0,0,0,0,0
2011,113,839.2843043807015,0.0,20.65030070083015,75.73357424657452,3.2981214417174693,0.0,0.0,2.084768367532824,0,0,0,0
2011,114,839.7264097482389,0.0,20.731246657227764,0,0,0.0,0.0,0,0,0,0,0
2011,115,840.2020672411862,0.0,20.807087264478483,0,0,0.0,0.0,0,0,0,0,0
2011,116,830.8285208727026,0.0,20.87523377139084,9.489711993812222,0.3386468932156471,0.0003499028003252693,0.006798205669478648,0.29410698554154513,0.01223188965168386,0.00595262930627217,1.1938370250857408e-05,3.0798409874399322e-06
2011,117,831.2247709062157,0.0,20.94662738362861,0,0,0.0026280331152481497,0.054780357154250704,0,0.08439214558457425,0.041130834099375346,8.267825662408683e-05,2.25155743739296e-05
2011,118,831.6073872760779,0.0,21.008276595650344,0,0,0.0,0.0,0,0,0,0,0
2011,119,805.6604395192605,0.0,21.07953964576902,25.38685010912501,0.9473039422795441,0.0,0.0,0.8043738331427938,0,0,0,0
2011,120,758.0847546418671,0.0,21.14627641896745,46.218805251309774,1.8558510803907071,0.0,0.0,1.5498065977713917,0,0,0,0
2011,121,758.6988481406596,0.0,21.19850969305337,0,0,0.0,0.0,0,0,0,0,0
2011,122,759.152037647702,0.0,21.257068370133396,0,0,0.0,0.0,0,0,0,0,0
2011,123,759.2816728493864,0.0,21.31795992552888,0,0,0.0,0.0,0,0,0,0,0
2011,124,759.6604385055196,0.0,21.389451151491432,0,0,0.0,0.0,0,0,0,0,0
2011,125,760.1353736806608,0.0,21.456998184919172,0,0,0.0,0.0,0,0,0,0,0
2011,126,760.6382235068421,0.0,21.522514453500808,0,0,0.0,0.0,0,0,0,0,0
2011,127,761.1058880707085,0.0,21.579643883639125,0,0,0.0,0.0,0,0,0,0,0
2011,128,761.6386468405021,0.0,21.631461132554776,0,0,0.0,0.0,0,0,0,0,0
2011,129,761.7772203196054,0.0,21.660719393468245,0,0,0.0,0.0,0,0,0,0,0
2011,130,762.0810519157668,0.0,21.639100207396865,0,0,9.512582013552732e-05,0.007617270522107795,0,0.007282212444765309,0.0036409879689596014,7.4981309402691314e-06,3.0728371866599768e-06
2011,131,761.9183112682391,0.0,21.571840346176867,0,0,0.0,0.0,0,0,0,0,0
2011,132,761.507298371967,0.0,21.4475581081107,0,0,0.0,0.0,0,0,0,0,0
2011,133,760.9959568831414,0.0,21.27544930257055,0,0,0.0,0.0,0,0,0,0,0
2011,134,759.5011284020604,0.0,21.109409337416334,0,0,0.0,0.0,0,0,0,0,0
2011,135,757.3319437439197,0.0,20.95120286991965,0,0,0.0,0.0,0,0,0,0,0
2011,136,754.8579115124496,0.0,20.819669638013412,0,0,0.0,0.0,0,0,0,0,0
2011,137,751.6820579248622,0.0,20.726222938000873,0,0,0.0,0.0,0,0,0,0,0
2011,138,748.888549296458,0.0,20.652177732157668,0,0,0.0,0.0,0,0,0,0,0
2011,139,748.7427091992449,0.0,20.579607732938264,0,0,0.0,0.0,0,0,0,0,0
2011,140,747.2687643441668,0.0,20.49620336762239,0,0,0.0,0.0,0,0,0,0,0
2011,141,744.0562051071822,0.0,20.385975074455555,0,0,0.0,0.0,0,0,0,0,0
2011,142,740.2957171823754,0.0,20.225649288357616,0,0,0.0,0.0,0,0,0,0,0
2011,143,736.551389042912,0.0,20.014362475924234,0,0,0.0,0.0,0,0,0,0,0
2011,144,733.0765813808765,0.0,19.80282252354328,0,0,0.0,0.0,0,0,0,0,0
2011,145,729.7990256912279,0.0,19.58493215178398,0,0,0.0,0.0,0,0,0,0,0
2011,146,722.4216192972392,0.0,19.56403521007501,0,0,0.003923866032838281,2.624997748257619,0,0.42881157449853685,0.21964375147040588,0.00040275563200083337,0.000363634510052467
2011,147,718.348075626076,0.0,19.393520876291763,0,0,0.0,0.0,0,0,0,0,0
2011,148,716.8655580276383,0.0,19.243990643740062,0,0,0.0,0.0,0,0,0,0,0
2011,149,664.9290652474687,0.0,19.09239786816334,49.21679070339509,1.6557229337570007,0.0,0.0,1.850206376540541,0,0,0,0
2011,150,662.1932505210934,0.0,18.9238463649393,0,0,0.0,0.0,0,0,0,0,0
2011,151,658.8413378086199,0.0,18.718930763487403,0,0,0.0,0.0,0,0,0,0,0
2011,152,655.3771331018064,0.0,18.497987692177848,0,0,0.0,0.0,0,0,0,0,0
2011,153,651.8082525861291,0.0,18.275074833179914,0,0,0.0,0.0,0,0,0,0,0
2011,154,647.9270026266468,0.0,18.050385985433227,0,0,0.0,0.0,0,0,0,0,0
2011,155,644.4408336195768,0.0,17.790499028203957,0,0,0.0,0.0,0,0,0,0,0
2011,156,640.7019414456033,0.0,17.533612525296043,0,0,0.0,0.0,0,0,0,0,0
2011,157,637.4601767160813,0.0,17.236526522577133,0,0,0.0,0.0,0,0,0,0,0
2011,158,634.5389421558515,0.0,16.937272699623215,0,0,0.0,0.0,0,0,0,0,0
2011,159,631.6751386552309,0.0,16.62631394167458,0,0,0.0,0.0,0,0,0,0,0
2011,160,629.5469987575857,0.0,16.213556479497704,0,0,0.0,0.0,0,0,0,0,0
2011,161,627.3133452961358,0.0,15.768770901258307,0,0,0.0,0.0,0,0,0,0,0
2011,162,625.3839828192932,0.0,15.340147877894394,0,0,0.0,0.0,0,0,0,0,0
2011,163,622.7718412175834,0.0,14.968503919672226,0,0,0.0,0.0,0,0,0,0,0
2011,164,620.5687859576306,0.0,14.624444535032305,0,0,0.0,0.0,0,0,0,0,0
2011,165,617.9405749547789,0.0,14.31472381859442,0,0,0.0,0.0,0,0,0,0,0
2011,166,615.0759828501722,0.0,13.995862048859557,0,0,0.0,0.0,0,0,0,0,0
2011,167,609.9141490034588,0.0,13.875133228490473,0,0,0.05491748488835297,0.8785721345376335,0,0.17339553857486384,0.09238634907568428,0.00011873493076591206,0.00010334804689194982
2011,168,607.6945436672105,0.0,13.550489781436616,0,0,0.0,0.0,0,0,0,0,0
2011,169,605.5198716175457,0.0,13.230097963913211,0,0,0.0,0.0,0,0,0,0,0
2011,170,594.4511909074604,0.0,13.060115164889108,6.612694599357221,0.055202226431044624,0.05294861321082976,1.347914083080278,0.2861724761995801,0.3385279365828609,0.1824444002487186,0.00022105028879761755,0.00014266334557787137
2011,171,594.6827067739448,0.0,12.703313219649928,0,0,0.0,0.0,0,0,0,0,0
2011,172,597.1778397127729,0.0,12.361014171664465,0,0,0.0,0.0,0,0,0,0,0
2011,173,541.2238038614893,0.0,12.051519057078805,59.09094045213239,0.7577765182244733,0.02544876456169142,0.20928477360240075,2.6921415413343,0.07215208596519611,0.03931599869936504,4.4387852466720525e-05,2.4769130313810726e-05
2011,174,545.849393605677,0.0,11.688553566875276,0,0,0.0,0.0,0,0,0,0,0
2011,175,550.0961085421741,0.0,11.366532242187873,0,0,0.0,0.0,0,0,0,0,0
2011,176,527.2354239252004,0.0,11.046982562725425,26.90399539914779,0.26052817272489565,0.0,0.0,1.410864125411983,0,0,0,0
2011,177,528.1286057380415,0.0,10.747166650818151,3.353437086053913,0.02713450041872119,0.0,0.0,0.18742836450727504,0,0,0,0
2011,178,521.7638607192798,0.0,10.449013807933422,10.787508121155708,0.08529978885964239,0.0,0.0,0.61174631412352,0,0,0,0
2011,179,526.1693669715183,0.0,10.167995776185649,0,0,0.0,0.0,0,0,0,0,0
2011,180,530.4179258563257,0.0,9.906854619080079,0,0,0.0,0.0,0,0,0,0,0
2011,181,534.6586854449122,0.0,9.654109792734758,0,0,0.0,0.0,0,0,0,0,0
2011,182,539.2688054308999,0.0,9.381997768028663,0,0,0.0,0.0,0,0,0,0,0
2011,183,544.0097170634167,0.0,9.110767910612244,0,0,0.0,0.0,0,0,0,0,0
2011,184,548.6702544136706,0.0,8.854427564045183,0,0,0.0,0.0,0,0,0,0,0
2011,185,553.1111525706161,0.0,8.612317900222871,0,0,0.0,0.0,0,0,0,0,0
2011,186,555.9156610596422,0.0,8.380801591821651,0,0,0.0,0.0,0,0,0,0,0
2011,187,559.0761917356444,0.0,8.073941698271094,0,0,0.0023785596172361174,0.0024908574888135274,0,0.0017987443696553963,0.0010066366500578604,7.611597845882266e-07,5.421495550821645e-07
2011,188,561.407344489373,0.0,7.790690848912371,0,0,0.0,0.0,0,0,0,0,0
2011,189,563.3788030073733,0.0,7.529403963006964,0,0,0.0,0.0,0,0,0,0,0
2011,190,565.0096026154908,0.0,7.286652214881261,0,0,0.0,0.0,0,0,0,0,0
2011,191,567.3135283684845,0.0,7.008706250490911,0,0,0.0,0.0,0,0,0,0,0
2011,192,569.8936720642687,0.0,6.717144068638747,0,0,0.0,0.0,0,0,0,0,0
2011,193,572.2556839728252,0.0,6.450975990909266,0,0,0.0,0.0,0,0,0,0,0
2011,194,574.2706779360327,0.0,6.20871382411273,0,0,0.0,0.0,0,0,0,0,0
2011,195,576.0676733100472,0.0,5.989325477936765,0,0,0.0,0.0,0,0,0,0,0
2011,196,577.7008442053442,0.0,5.787435735055031,0,0,0.0,0.0,0,0,0,0,0
2011,197,579.411663761402,0.0,5.584972044513126,0,0,0.0,0.0,0,0,0,0,0
2011,198,581.0011620667764,0.0,5.394645929309568,0,0,0.0,0.0,0,0,0,0,0
2011,199,582.4419173766058,0.0,5.207837530150146,0,0,0.0,0.0,0,0,0,0,0
2011,200,584.0303982384197,0.0,5.032935647462192,0,0,0.0,0.0,0,0,0,0,0
2011,201,585.7846121300399,0.0,4.8691898736242445,0,0,0.0,0.0,0,0,0,0,0
2011,202,587.5784385688237,0.0,4.715466545710906,0,0,0.0,0.0,0,0,0,0,0
2011,203,589.3842835023275,0.0,4.559914562279108,0,0,0.0,0.0,0,0,0,0,0
2011,204,591.3509312640617,0.0,4.403224354216672,0,0,0.0,0.0,0,0,0,0,0
2011,205,593.6860339385238,0.0,4.250349601268299,0,0,0.0,0.0,0,0,0,0,0
2011,206,596.9130511081789,0.0,4.108651647944174,0,0,0.0,0.0,0,0,0,0,0
2011,207,601.2047810936351,0.0,3.9762979952743995,0,0,0.0,0.0,0,0,0,0,0
2011,208,607.2414978397805,0.0,3.8159369290283256,0,0,0.0,0.0,0,0,0,0,0
2011,209,613.0031273250652,0.0,3.658127872255083,0,0,0.0,0.0,0,0,0,0,0
2011,210,618.8159457281643,0.0,3.50526606765091,0,0,0.0,0.0,0,0,0,0,0
2011,211,624.7576424855627,0.0,3.366127468769884,0,0,0.0,0.0,0,0,0,0,0
2011,212,630.4972782672578,0.0,3.2382223729209296,0,0,0.0,0.0,0,0,0,0,0
2011,213,636.0814934412437,0.0,3.1194660174808373,0,0,0.0,0.0,0,0,0,0,0
2011,214,641.5693509609544,0.0,3.007828747598764,0,0,0.0,0.0,0,0,0,0,0
2011,215,646.9638869457337,0.0,2.902649533550789,0,0,0.0,0.0,0,0,0,0,0
2011,216,652.151499452219,0.0,2.805801514192509,0,0,0.0,0.0,0,0,0,0,0
2011,217,657.0806043218666,0.0,2.716148885271303,0,0,0.0,0.0,0,0,0,0,0
2011,218,660.3690804341477,0.0,2.6322730530376535,0,0,0.0,0.0,0,0,0,0,0
2011,219,663.0991195130449,0.0,2.547116810743302,0,0,0.0,0.0,0,0,0,0,0
2011,220,665.150751926547,0.0,2.468187292182984,0,0,0.0,0.0,0,0,0,0,0
2011,221,666.7836364044801,0.0,2.393096674562096,0,0,0.0,0.0,0,0,0,0,0
2011,222,668.0782426943333,0.0,2.3250373212782454,0,0,0.0,0.0,0,0,0,0,0
2011,223,668.9876883983845,0.0,2.264196767799134,0,0,0.0,0.0,0,0,0,0,0
2011,224,669.6340428073192,0.0,2.2087556381568905,0,0,0.0,0.0,0,0,0,0,0
2011,225,670.35896286464,0.0,2.153534705772117,0,0,0.0,0.0,0,0,0,0,0
2011,226,671.1815696229311,0.0,2.0968081724756558,0,0,0.0,0.0,0,0,0,0,0
2011,227,671.8448154499981,0.0,2.045214019538728,0,0,0.0,0.0,0,0,0,0,0
2011,228,672.2539386778532,0.0,1.9975158201033214,0,0,0.0,0.0,0,0,0,0,0
2011,229,673.0097052281292,0.0,1.9444623151299032,0,0,0.0,0.0,0,0,0,0,0
2011,230,673.5562392989045,0.0,1.8959754037194978,0,0,0.0,0.0,0,0,0,0,0
2011,231,673.9398025456868,0.0,1.851573879887585,0,0,0.0,0.0,0,0,0,0,0
2011,232,675.0850213216858,0.0,1.7982338896492465,0,0,0.0,0.0,0,0,0,0,0
2011,233,676.207209122967,0.0,1.7472264191123528,0,0,0.0,0.0,0,0,0,0,0
2011,234,676.820358541985,0.0,1.7019338076633201,0,0,0.0,0.0,0,0,0,0,0
2011,235,677.3804377737112,0.0,1.660050839138476,0,0,0.0,0.0,0,0,0,0,0
2011,236,677.0291605329331,0.0,1.6229311016671395,0,0,0.417687723962851,0.187330845140313,0,0.06414671748176048,0.038715823806333684,5.566759113834436e-06,2.8502857884241628e-05
2011,237,678.3367253963146,0.0,1.5765328954558189,0,0,0.0,0.0,0,0,0,0,0
2011,238,679.4742979824154,0.0,1.534820237543043,0,0,0.0,0.0,0,0,0,0,0
2011,239,680.3343717291359,0.0,1.4970012170038536,0,0,0.0,0.0,0,0,0,0,0
2011,240,681.1485651691094,0.0,1.46232082834909,0,0,0.0,0.0,0,0,0,0,0
2011,241,682.1831262403442,0.0,1.4310749484567051,0,0,0.0,0.0,0,0,0,0,0
2011,242,683.7757773010787,0.0,1.4022362541391735,0,0,0.0,0.0,0,0,0,0,0
2011,243,686.4745527059985,0.0,1.3696262406900144,0,0,0.0,0.0,0,0,0,0,0
2011,244,689.775958274036,0.0,1.3380250879440598,0,0,0.0,0.0,0,0,0,0,0
2011,245,693.4059812938244,0.0,1.3063158407015678,0,0,0.0,0.0,0,0,0,0,0
2011,246,695.902260299719,0.0,1.2788548482069173,0,0,0.3751281011464303,0.20605322037981783,0,0.06006489606349664,0.03693588411550576,4.146164209166681e-06,2.908336980878394e-05
2011,247,699.2112612365681,0.0,1.2472344853494914,0,0,0.0,0.0,0,0,0,0,0
2011,248,702.5813740012562,0.0,1.2175204109988662,0,0,0.0,0.0,0,0,0,0,0
2011,249,688.4828928223184,0.0,1.1927297869228313,17.051462572427848,0.12917414606119568,0.0,0.0,1.0053278131019674,0,0,0,0
2011,250,680.4070985848982,0.0,1.1719917479548927,10.775746569442429,0.09061609164370453,0.0,0.0,0.6631915377029951,0,0,0,0
2011,251,682.9269772734085,0.0,1.1540552911526154,0,0,0.0,0.0,0,0,0,0,0
2011,252,685.3114412914296,0.0,1.1376132711578733,0,0,0.0,0.0,0,0,0,0,0
2011,253,687.5769068105851,0.0,1.1224582711868691,0,0,0.0,0.0,0,0,0,0,0
2011,254,689.8509485094501,0.0,1.1074692868228784,0,0,0.0,0.0,0,0,0,0,0
2011,255,692.091783902325,0.0,1.0929875791408303,0,0,0.0,0.0,0,0,0,0,0
2011,256,694.2936779735429,0.0,1.0790429063267102,0,0,0.0,0.0,0,0,0,0,0
2011,257,696.1997887055535,0.0,1.0676874580827174,0,0,0.0,0.0,0,0,0,0,0
2011,258,697.6483068477417,0.0,1.0597845787899474,0,0,0.0,0.0,0,0,0,0,0
2011,259,697.9363590310883,0.0,1.0541760527959538,0,0,0.0,0.0,0,0,0,0,0
2011,260,698.6048886995233,0.0,1.0499697637623273,0,0,0.0,0.0,0,0,0,0,0
2011,261,699.3350931568195,0.0,1.045604393708288,0,0,0.0,0.0,0,0,0,0,0
2011,262,699.9066128719471,0.0,1.040025966083211,0,0,0.12392780299165566,0.14174746164497537,0,0.056295507920023594,0.035582008912576416,3.1576942120297754e-06,4.888324767952831e-05
2011,263,699.6885635816337,0.0,1.0344391004425268,0,0,0.0,0.0,0,0,0,0,0
2011,264,699.2277528823313,0.0,1.0291605560687822,0,0,0.0,0.0,0,0,0,0,0
2011,265,690.1411645249319,0.0,1.0242359107404775,8.361087435801664,0.07523299296368197,0.0,0.0,0.5253018365301118,0,0,0,0
2011,266,689.2562830522957,0.0,1.0201214858174652,0,0,0.0,0.0,0,0,0,0,0
2011,267,688.2158410188235,0.0,1.0168030321031214,0,0,0.0,0.0,0,0,0,0,0
2011,268,687.6017903358428,0.0,1.0137068949009296,0,0,0.0,0.0,0,0,0,0,0
2011,269,685.4515525002743,0.0,1.0125889408625974,0,0,0.6534774081431953,0.9376229315097363,0,0.2597407177292617,0.16592491633707834,1.4199872956694672e-05,0.00024412196820103232
2011,270,684.2117659509718,0.0,1.0101371441778555,0,0,0.0725445253359462,0.10123756354937168,0,0.030112390876127843,0.019260447898633754,1.6452710134026923e-06,2.8552618309080253e-05
2011,271,683.0245311795827,0.0,1.006934738220271,0,0,0.0,0.0,0,0,0,0,0
2011,272,641.2248656042958,0.0,1.0036393788699904,39.439493238886776,1.0850768977601595,0.0,0.0,2.5111563431574226,0,0,0,0
2011,273,617.0665773787737,0.0,1.0005058579852413,22.259456778145,0.7387819387114187,0.0011682383027876366,0.0018864075093874989,1.5627263476375672,0.0008930703390050497,0.0005784547569145375,4.886634888835609e-08,5.851504087278e-07
2011,274,615.7974721030109,0.0,0.9976985574074854,0,0,0.0,0.0,0,0,0,0,0
2011,275,614.4264809152379,0.0,0.9956694176340484,0,0,0.0,0.0,0,0,0,0,0
2011,276,603.583914619996,0.0,0.9938088165030998,10.352249078575607,0.36035285127109024,0.0,0.0,0.771082848367855,0,0,0,0
2011,277,604.0455202909191,0.0,0.9919742491929973,0,0,0.0,0.0,0,0,0,0,0
2011,278,603.246806787309,0.0,0.9900508790861577,0,0,0.0,0.0,0,0,0,0,0
2011,279,602.1264731138564,0.0,0.9879905918999764,0,0,0.0,0.0,0,0,0,0,0
2011,280,600.9405072345068,0.0,0.9854662857822756,0,0,0.0,0.0,0,0,0,0,0
2011,281,599.9211819124438,0.0,0.9822574630551361,0,0,0.0,0.0,0,0,0,0,0
2011,282,598.9134035697477,0.0,0.9789633425422223,0,0,0.0,0.0,0,0,0,0,0
2011,283,598.0210084984217,0.0,0.9757786804448861,0,0,0.0,0.0,0,0,0,0,0
2011,284,597.099825712703,0.0,0.9727477848047438,0,0,0.0,0.0,0,0,0,0,0
2011,285,596.1332332579972,0.0,0.969934408808868,0,0,0.0,0.0,0,0,0,0,0
2011,286,594.4088230400315,0.0,0.9671091860947512,0,0,0.18477879822850105,0.5141868169575893,0,0.10259812550859558,0.06766932390558832,5.471710436335496e-06,9.037538444093696e-05
2011,287,593.5235579455049,0.0,0.963567076994242,0,0,0.0,0.0,0,0,0,0,0
2011,288,592.5641279909164,0.0,0.9606230927009723,0,0,0.0,0.0,0,0,0,0,0
2011,289,573.4592092569554,0.0,0.9579378793783677,17.436675574332607,0.7433026200812662,0.0,0.0,1.3318882715362985,0,0,0,0
2011,290,572.2213180578212,0.0,0.9557695481854178,0.6528460221382186,0.025669462556151133,0.0,0.0,0.052498197385196406,0,0,0,0
2011,291,571.328242246174,0.0,0.9540611824885664,0,0,0.0,0.0,0,0,0,0,0
2011,292,570.8572569161142,0.0,0.9529368640685096,0,0,0.0,0.0,0,0,0,0,0
2011,293,570.550517491018,0.0,0.9522627863769214,0,0,0.0,0.0,0,0,0,0,0
2011,294,570.7903360427728,0.0,0.9520327924000436,0,0,0.0,0.0,0,0,0,0,0
2011,295,571.1249145787027,0.0,0.9520962767836466,0,0,0.0,0.0,0,0,0,0,0
2011,296,571.4612708182144,0.0,0.9523610161095419,0,0,0.0,0.0,0,0,0,0,0
2011,297,571.8089954647539,0.0,0.952546176836722,0,0,0.0,0.0,0,0,0,0,0
2011,298,572.1422105127089,0.0,0.9527913270871285,0,0,0.0,0.0,0,0,0,0,0
2011,299,572.3516997865815,0.0,0.9529368041189266,0,0,0.0,0.0,0,0,0,0,0
2011,300,572.2813495251272,0.0,0.9532785976520822,0,0,0.0,0.0,0,0,0,0,0
2011,301,571.3756238363221,0.0,0.9538523672383652,0,0,0.0,0.0,0,0,0,0,0
2011,302,571.3801271848281,0.0,0.9545653768602921,0,0,0.0,0.0,0,0,0,0,0
2011,303,571.5743768930377,0.0,0.9553877799789989,0,0,0.0,0.0,0,0,0,0,0
2011,304,571.8085400695817,0.0,0.9562489757741051,0,0,0.0,0.0,0,0,0,0,0
2011,305,572.0362023332457,0.0,0.9572262621076179,0,0,0.0,0.0,0,0,0,0,0
2011,306,572.2761772371474,0.0,0.9581488023491269,0,0,0.0,0.0,0,0,0,0,0
2011,307,570.9699313862532,0.0,0.9598304157691103,0,0,0.27127940104448556,1.1867139314916357,0,0.1917164832031201,0.13029653583280057,1.0251386779356505e-05,0.00018689867866374346
2011,308,570.5340339085963,0.0,0.9609360913091199,0,0,0.0,0.0,0,0,0,0,0
2011,309,570.5889305893454,0.0,0.962145939736999,0,0,0.0,0.0,0,0,0,0,0
2011,310,526.8713529039788,0.0,0.963348358194567,40.80306161340023,3.0823215096917944,0.0,0.0,3.201107579787192,0,0,0,0
2011,311,527.0643054222951,0.0,0.9645544417783077,0,0,0.0,0.0,0,0,0,0,0
2011,312,526.8306974707929,0.0,0.96613012291686,0,0,0.06283534358861421,0.2780835061856351,0,0.0659428049118279,0.045369265695725844,3.5807842885967803e-06,4.623813106238629e-05
2011,313,525.5647850166329,0.0,1.1052215246705859,0,0,0.2800776123004678,1.2269522313679995,0,0.2777735391262529,0.1913386635102535,1.5115578842716496e-05,0.000177481510873573
2011,314,524.8880339844719,0.0,1.2439858953815062,0,0,0.1870776369156866,0.7546351746963343,0,0.24088114520525755,0.16692858412012704,1.5075449412566218e-05,0.0001083272627198882
2011,315,492.9882995781128,0.0,1.382245862495912,29.67019144240711,2.5192330331422736,0.0,0.0,2.588975925062524,0,0,0,0
2011,316,453.277054989694,0.0,1.5202620298227045,36.34102167249448,3.664541154986393,0.0,0.0,3.4241953626250137,0,0,0,0
2011,317,424.397622232638,0.0,1.6577909335423193,26.55880720893515,2.633193422775158,0.0,0.0,2.788666928879591,0,0,0,0
2011,318,424.7144483135108,0.0,1.794926016225365,0,0,0.0,0.0,0,0,0,0,0
2011,319,424.9209812459104,0.0,1.9317878842421852,0.0975422450084429,0.008150362634725279,0.0,0.0,0.011248165601400148,0,0,0,0
2011,320,425.23053415598383,0.0,2.068354223727636,0,0,0.0,0.0,0,0,0,0,0
2011,321,425.51811788614236,0.0,2.204927042730418,0,0,0.0,0.0,0,0,0,0,0
2011,322,425.7911139579701,0.0,2.3414528866057633,0,0,0.0,0.0,0,0,0,0,0
2011,323,426.0618992922997,0.0,2.477762484207385,0,0,0.0,0.0,0,0,0,0,0
2011,324,426.3322899510673,0.0,2.6138213901873595,0,0,0.0,0.0,0,0,0,0,0
2011,325,426.5934895397721,0.0,2.749807280489806,0,0,0.0,0.0,0,0,0,0,0
2011,326,426.8485515898933,0.0,2.8856863993885087,0,0,0.0,0.0,0,0,0,0,0
2011,327,427.0942971400853,0.0,3.0215447313549126,0,0,0.0,0.0,0,0,0,0,0
2011,328,427.3364946896231,0.0,3.157281940240745,0,0,0.0,0.0,0,0,0,0,0
2011,329,427.58915800826605,0.0,3.2925815125003335,0,0,0.0,0.0,0,0,0,0,0
2011,330,427.8537898369169,0.0,3.4273718073179924,0,0,0.0,0.0,0,0,0,0,0
2011,331,428.12140198947446,0.0,3.5618478226147534,0,0,0.0,0.0,0,0,0,0,0
2011,332,428.38260301853427,0.0,3.696162843217212,0,0,0.0,0.0,0,0,0,0,0
2011,333,428.6340591679723,0.0,3.8305414239093936,0,0,0.0,0.0,0,0,0,0,0
2011,334,421.89503498321426,0.0,3.9650688163340555,6.40958606593353,0.568890970198543,0.0,0.0,0.7314089933253779,0,0,0,0
2011,335,422.12743024304706,0.0,4.099615878087077,0,0,0.0,0.0,0,0,0,0,0
2011,336,422.3511862668599,0.0,4.234250472121373,0,0,0.0,0.0,0,0,0,0,0
2011,337,422.33001520156785,0.0,4.369012805414496,0,0,0.03531634184361938,0.20014317383675678,0,0.08693982078756186,0.06264647613691227,2.1339025705314003e-05,2.9338241638323506e-05
2011,338,421.50083120957726,0.0,4.503464329268408,0,0,0.1597132719532944,0.886059003107518,0,0.3896063902812816,0.28106443118419205,9.871926312032439e-05,0.00011273246113083963
2011,339,421.71830264800747,0.0,4.637781657572875,0,0,0.0,0.0,0,0,0,0,0
2011,340,417.5868500393964,0.0,4.772190171659752,3.99049847667946,0.35294235832724713,0.0,0.0,0.46407582158971117,0,0,0,0
2011,341,410.1380797067692,0.0,4.906872278670249,7.009684287042683,0.6403235777151023,0.0,0.0,0.8242545923145329,0,0,0,0
2011,342,410.330468535938,0.0,5.041775689707149,0,0,0.0,0.0,0,0,0,0,0
2011,343,410.51293154024637,0.0,5.176977413514225,0,0,0.0,0.0,0,0,0,0,0
2011,344,410.67087739846903,0.0,5.313178569219142,0,0,0.0,0.0,0,0,0,0,0
2011,345,410.8361164408661,0.0,5.449017131961871,0,0,0.0,0.0,0,0,0,0,0
2011,346,411.0154652311152,0.0,5.584181658291157,0,0,0.0,0.0,0,0,0,0,0
2011,347,411.20269971319,0.0,5.7189290538634685,0,0,0.0,0.0,0,0,0,0,0
2011,348,410.96463960164897,0.0,5.853219328554152,0,0,0.07017385523623032,0.3619304737753624,0,0.19096865583707037,0.1396659517470326,6.378867620083147e-05,4.951690493087251e-05
2011,349,411.04109120463295,0.0,5.986919665537797,0,0,0.02206471489967066,0.10693528937137516,0,0.06300560135661869,0.04613226174610397,2.155044242353791e-05,1.609208109937719e-05
2011,350,411.24394636569724,0.0,6.120592286295717,0,0,0.0,0.0,0,0,0,0,0
2011,351,407.58960713783284,0.0,6.254602977092449,3.4997349860516187,0.31598331601285995,0.005614456347029251,0.027239410707621658,0.41984700295624183,0.0025584102326268615,0.001880791005339436,9.17531283702092e-07,6.09504895389493e-07
2011,352,402.4999889929748,0.0,6.388652341845067,4.836591196457556,0.44409609753498996,0.0,0.0,0.5864061388653569,0,0,0,0
2011,353,402.69545874433004,0.0,6.522396544854544,0,0,0.0,0.0,0,0,0,0,0
2011,354,399.56735630232646,0.0,6.656143961162948,3.043932499392187,0.2778530520640051,0.0,0.0,0.3751281186780734,0,0,0,0
2011,355,399.7582398716021,0.0,6.789933254243424,0,0,0.0,0.0,0,0,0,0,0
2011,356,399.83462144860954,0.0,6.9235929529421565,0,0,0.01905271327211823,0.09628704797956329,0,0.0084149429494024,0.006225447835139263,3.358163963233628e-06,1.9929207060338364e-06
2011,357,400.0121327032868,0.0,7.057900498832594,0,0,0.0,0.0,0,0,0,0,0
2011,358,400.1682693689678,0.0,7.193474336383109,0,0,0.0,0.0,0,0,0,0,0
2011,359,395.6867862366361,0.0,7.328907975194418,4.245974151895288,0.39376573670134707,0.0,0.0,0.527132532669975,0,0,0,0
2011,360,395.84788221062513,0.0,7.464131375841918,0,0,0.0,0.0,0,0,0,0,0
2011,361,396.0144592571273,0.0,7.598966285560585,0,0,0.0,0.0,0,0,0,0,0
2011,362,396.1751997223778,0.0,7.734152397981956,0,0,0.0,0.0,0,0,0,0,0
2011,363,396.3405653898858,0.0,7.868994406027793,0,0,0.0,0.0,0,0,0,0,0
2011,364,396.46303214310336,0.0,8.003319663607389,0,0,0.008183656360204837,0.04175878075021072,0,0.003894746727229041,0.0029101984493009963,1.8098936134716214e-06,9.034907508774708e-07
2011,365,396.6013561977242,0.0,8.137914619838357,0,0,0.004808360034650828,0.024430588640735062,0,0.002372098427386782,0.001774461387379467,1.1216765968347764e-06,5.500016523239059e-07
2012,1,396.76979240843394,0.0,8.272373669474467,0,0,0.0,0.0,0,0,0,0,0
2012,2,395.73281616471525,0.0,8.407533777096925,1.0955760760567492,0.10002645276757129,0.0,0.0,0.13769633506252077,0,0,0,0
2012,3,392.01360262539544,0.0,8.543285162043146,3.537658316015059,0.32978978648057566,0.0,0.0,0.44556733474522925,0,0,0,0
2012,4,391.52125292067143,0.0,8.679036546989368,0.5847797287597698,0.05354406951419142,0.0,0.0,0.0746443663540346,0,0,0,0
2012,5,391.6675581378606,0.0,8.814787931935589,0,0,0.0,0.0,0,0,0,0,0
2012,6,391.8159814889376,0.0,8.95053931688181,0,0,0.0,0.0,0,0,0,0,0
2012,7,391.9666559391495,0.0,9.086290701828032,0,0,0.0,0.0,0,0,0,0,0
2012,8,392.1174147717524,0.0,9.222042086774254,0,0,0.0,0.0,0,0,0,0,0
2012,9,392.2710671814322,0.0,9.357582475783538,0,0,0.0,0.0,0,0,0,0,0
2012,10,392.4376649439364,0.0,9.492001935067737,0,0,0.0,0.0,0,0,0,0,0
2012,11,392.6137895410741,0.0,9.625616958865296,0,0,0.0,0.0,0,0,0,0,0
2012,12,392.7970743351515,0.0,9.758604191905127,0,0,0.0,0.0,0,0,0,0,0
2012,13,392.6886254840178,0.0,9.89288664721089,0,0,0.044234329055067426,0.23034199635036295,0,0.020610014263440987,0.015661874059033548,1.197155506823465e-05,4.4019052750468756e-06
2012,14,392.8376349203777,0.0,10.028528203198734,0,0,0.0,0.0,0,0,0,0,0
2012,15,392.98307535811307,0.0,10.164169759186578,0,0,0.0,0.0,0,0,0,0,0
2012,16,391.36205216260794,0.0,10.299811315174422,1.6152221187482336,0.14984867136348404,0.0,0.0,0.20526970052920027,0,0,0,0
2012,17,391.508266189534,0.0,10.435452869408048,0,0,3.569380513064682e-06,1.764611772864761e-05,0,2.8546646463742685e-06,2.1798912528483765e-06,1.7542179627018916e-09,6.013135155813864e-10
2012,18,391.58886735492297,0.0,10.571091226649086,0,0,0.010071537269592883,0.04979091812796169,0,0.005135229261408053,0.003925756470193846,3.1987468060248224e-06,1.0669569705135513e-06
2012,19,391.72594844435133,0.0,10.70673278263693,0,0,0.0,0.0,0,0,0,0,0
2012,20,391.8623359908562,0.0,10.842374338624774,0,0,0.0,0.0,0,0,0,0,0
2012,21,386.9986454776898,0.0,10.97800726989497,4.425921309765022,0.42096321849757024,0.025920641687367692,0.12651573784745532,0.5635202738764331,0.01329444147176714,0.010206938587064077,8.624717647398919e-06,2.536639137373219e-06
2012,22,387.13428703367765,0.0,11.113648825882814,0,0,0.0,0.0,0,0,0,0,0
2012,23,387.24627631165845,0.0,11.24928875208777,0,0,0.00413999935256769,0.019510211412471005,0,0.0024456572696682504,0.0018840508275777999,1.6297828888553917e-06,4.3745911986269796e-07
2012,24,381.3585756194012,0.0,11.384929268397109,5.4816297975051524,0.527915498186561,0.002538471559015531,0.01189282588626272,0.7076247013111177,0.0015405895200090323,0.0011881335995808492,1.0396785050390976e-06,2.74601835944958e-07
2012,25,381.4949544862653,0.0,11.520570824384953,0,0,0.0,0.0,0,0,0,0,0
2012,26,378.29107481583463,0.0,11.656212380372796,3.0506488880088516,0.2898321944639005,0.0,0.0,0.4017423629186449,0,0,0,0
2012,27,375.3425142769967,0.0,11.79185393636064,2.817528940685459,0.2678287183890271,0.0,0.0,0.37505673012071633,0,0,0,0
2012,28,375.47944369007894,0.0,11.927495490633888,0,0,2.522884609663762e-06,1.1777371993606743e-05,0,2.415996750148406e-06,1.8739320082587567e-06,1.7145957367076174e-09,4.047125268753746e-10
2012,29,375.6154129234913,0.0,12.0631369720553,0,0,0.00013671996068023484,0.0006382359690469309,0,0.00010382484799237818,8.061914877405302e-05,7.456643053147479e-08,1.739648448446845e-08
2012,30,375.75205284038935,0.0,12.198778528043144,0,0,0.0,0.0,0,0,0,0,0
2012,31,375.88899995942916,0.0,12.334420084030988,0,0,0.0,0.0,0,0,0,0,0
2012,32,374.8637408926806,0.0,12.470061640018832,1.0647913229221586,0.10019481318669661,0.0,0.0,0.14298578423083244,0,0,0,0
2012,33,375.00650375623627,0.0,12.605703196006676,0,0,0.0,0.0,0,0,0,0,0
2012,34,375.1505022074798,0.0,12.74134475199452,0,0,0.0,0.0,0,0,0,0,0
2012,35,375.2965793513832,0.0,12.876986307982364,0,0,0.0,0.0,0,0,0,0,0
2012,36,375.4434372443483,0.0,13.012627863970208,0,0,0.0,0.0,0,0,0,0,0
2012,37,375.58810823672434,0.0,13.148269419958051,0,0,0.0,0.0,0,0,0,0,0
2012,38,375.7335786141066,0.0,13.283910975945895,0,0,0.0,0.0,0,0,0,0,0
2012,39,375.8757332520442,0.0,13.41955253193374,0,0,0.0,0.0,0,0,0,0,0
2012,40,376.01449111188776,0.0,13.555194087921583,0,0,0.0,0.0,0,0,0,0,0
2012,41,376.1522345308863,0.0,13.690835643909427,0,0,0.0,0.0,0,0,0,0,0
2012,42,376.2854687107565,0.0,13.82647719989727,0,0,0.0,0.0,0,0,0,0,0
2012,43,376.41856203365927,0.0,13.962118755885115,0,0,0.0,0.0,0,0,0,0,0
2012,44,376.5513962560746,0.0,14.097760311872959,0,0,0.0,0.0,0,0,0,0,0
2012,45,376.6733842233436,0.0,14.233399254554588,0,0,0.0018847112674491692,0.008821771546295928,0,0.0030541042492009465,0.0024141341974015713,2.6133062151969794e-06,5.075293218900086e-07
2012,46,376.8068717242774,0.0,14.369040810542431,0,0,0.0,0.0,0,0,0,0,0
2012,47,376.9458829056302,0.0,14.504682366530275,0,0,0.0,0.0,0,0,0,0,0
2012,48,377.0879869930947,0.0,14.64032392251812,0,0,0.0,0.0,0,0,0,0,0
2012,49,377.23191526933766,0.0,14.775965478505963,0,0,0.0,0.0,0,0,0,0,0
2012,50,377.37443384846586,0.0,14.911607034493807,0,0,0.0,0.0,0,0,0,0,0
2012,51,377.5181859494751,0.0,15.04724859048165,0,0,0.0,0.0,0,0,0,0,0
2012,52,377.66293735942475,0.0,15.182890146469495,0,0,0.0,0.0,0,0,0,0,0
2012,53,377.80946178882243,0.0,15.318531702457339,0,0,0.0,0.0,0,0,0,0,0
2012,54,377.96520096506515,0.0,15.45284264978612,0,0,0.0,0.0,0,0,0,0,0
2012,55,378.0939077522375,0.0,15.586916791031351,0,0,0.00496784030755351,0.023345042442022314,0,0.007571819448147115,0.006050717151513976,7.13607331122109e-06,1.258021931833255e-06
2012,56,378.23841256108835,0.0,15.722532973653328,0,0,0.0,0.0,0,0,0,0,0
2012,57,378.38184723737925,0.0,15.858149156275305,0,0,0.0,0.0,0,0,0,0,0
2012,58,378.52545972649466,0.0,15.993765338897282,0,0,0.0,0.0,0,0,0,0,0
2012,59,378.66847310553146,0.0,16.12938152151926,0,0,0.0,0.0,0,0,0,0,0
2012,60,378.5277466863695,0.0,16.26449320220719,0,0,0.050136854552215296,0.23519175442112142,0,0.5116195277654195,0.4110620345485028,0.000504501934045707,7.819902946972453e-05
2012,61,378.6990181638914,0.0,16.396300603031783,0,0,0.0,0.0,0,0,0,0,0
2012,62,378.87438300148875,0.0,16.527475984599544,0,0,0.0,0.0,0,0,0,0,0
2012,63,378.9484035803114,0.0,16.658982994980224,0,0,0.017867850100505164,0.07909621371958003,0,0.19115145341360334,0.15408049892208364,0.00019343055765303063,2.8987705168836056e-05
2012,64,379.10587750120686,0.0,16.792635332727155,0,0,0.0,0.0,0,0,0,0,0
2012,65,379.2479262804609,0.0,16.928136578695327,0,0,0.0,0.0,0,0,0,0,0
2012,66,378.30627072572037,0.0,17.0636378246635,0.9862978021343904,0.09389097988882394,0.0,0.0,0.1307613907924363,0,0,0,0
2012,67,378.47508550872925,0.0,17.195463623764926,0,0,0.0,0.0,0,0,0,0,0
2012,68,378.48213470408206,0.0,17.321585783854484,0,0,0.03642195832546313,0.1610599988586545,0,0.38624303289958933,0.3131714963092128,0.00040782843897711643,5.497453453139522e-05
2012,69,378.52153845498617,0.0,17.44857470420632,0,0,0.0,0.0,0,0,0,0,0
2012,70,378.6171221724886,0.0,17.57477308118137,0,0,0.0,0.0,0,0,0,0,0
2012,71,378.6864913558201,0.0,17.695484788132383,0.1367665668069339,0.01298555105859702,0.0,0.0,0.01816534561467314,0,0,0,0
2012,72,378.98139770651267,0.0,17.807785320754594,0,0,0.0,0.0,0,0,0,0,0
2012,73,379.0758867114705,0.0,17.91517201937674,0,0,0.0,0.0,0,0,0,0,0
2012,74,379.117021270986,0.0,18.017013677088787,0,0,0.0,0.0,0,0,0,0,0
2012,75,377.862915249829,0.0,18.10881202139807,1.3024592826937182,0.12432384950077553,0.0,0.0,0.17270073158774493,0,0,0,0
2012,76,378.0288576101822,0.0,18.190265406744402,0,0,0.0,0.0,0,0,0,0,0
2012,77,378.1672578291038,0.0,18.261396136952673,0,0,0.0,0.0,0,0,0,0,0
2012,78,378.40924336891436,0.0,18.316509424582602,0,0,0.0,0.0,0,0,0,0,0
2012,79,378.8050500258729,0.0,18.348779061639267,0,0,0.0,0.0,0,0,0,0,0
2012,80,379.40939331551925,0.0,18.343308544170842,0,0,0.0,0.0,0,0,0,0,0
2012,81,380.1075883073125,0.0,18.311589049764642,0,0,0.0,0.0,0,0,0,0,0
2012,82,380.86903772236843,0.0,18.24980374018005,0,0,0.0,0.0,0,0,0,0,0
2012,83,381.70567831191295,0.0,18.15174471508405,0,0,0.0,0.0,0,0,0,0,0
2012,84,382.24958316928485,0.0,18.05970889870858,0,0,0.0,0.0,0,0,0,0,0
2012,85,382.5477990813276,0.0,17.985891791266372,0,0,0.0,0.0,0,0,0,0,0
2012,86,382.4626594631835,0.0,17.937959167849105,0,0,0.0,0.0,0,0,0,0,0
2012,87,381.805563272928,0.0,17.933501540245032,0,0,0.0,0.0,0,0,0,0,0
2012,88,381.4081769583911,0.0,17.928065558976122,0,0,0.0,0.0,0,0,0,0,0
2012,89,381.97499111083783,0.0,17.936634267773673,0,0,0.0,0.0,0,0,0,0,0
2012,90,380.9409582635111,0.0,17.970570516664186,0,0,0.0021517405683699857,0.1623306040093113,0,0.0649524976810589,0.053996742857813106,7.24088746441671e-05,4.813960176160742e-05
2012,91,380.5896181511051,0.0,18.015148903868365,0,0,4.291061364444684e-05,0.00443848160261673,0,0.0020944549124748317,0.001743073106972425,2.340512384672341e-06,1.610424509700922e-06
2012,92,380.89281069376864,0.0,18.060182281237854,0,0,0.0,0.0,0,0,0,0,0
2012,93,364.2862481064859,0.0,18.104614394934995,15.687215542212348,1.452755330605804,0.0,0.0,2.062041567602927,0,0,0,0
2012,94,351.74726415840763,0.0,18.144745617832584,12.004510410065729,1.1440923306158715,0.0,0.0,1.6775234488451811,0,0,0,0
2012,95,350.9540834495011,0.0,18.18684799601928,0,0,0.0,0.0,0,0,0,0,0
2012,96,349.1362602772011,0.0,18.230530864238442,0,0,0.0,0.0,0,0,0,0,0
2012,97,347.8276919037878,0.0,18.2858404545988,0,0,0.0,0.0,0,0,0,0,0
2012,98,346.82783934722784,0.0,18.348204738355825,0,0,0.0,0.0,0,0,0,0,0
2012,99,346.9539609420311,0.0,18.410123539762633,0,0,0.0,0.0,0,0,0,0,0
2012,100,347.32429096178777,0.0,18.47316509120858,0,0,0.0,0.0,0,0,0,0,0
2012,101,347.0098964788084,0.0,18.541312131787823,0,0,0.0,0.0,0,0,0,0,0
2012,102,346.9728154685033,0.0,18.617507763277295,0,0,0.0,0.0,0,0,0,0,0
2012,103,347.213423640795,0.0,18.696322614040746,0,0,0.0,0.0,0,0,0,0,0
2012,104,347.52296136351384,0.0,18.77458541124432,0,0,0.0,0.0,0,0,0,0,0
2012,105,347.89083053947803,0.0,18.8452030229782,0,0,0.0,0.0,0,0,0,0,0
2012,106,348.2840978928784,0.0,18.88712733446995,0,0,6.893374990692518e-05,0.11712563862310463,0,0.033893339635542315,0.028850071685207517,4.0277692830940914e-05,2.7924151746869582e-05
2012,107,345.86874849713706,0.0,18.90172432363067,0,0,0.0,0.0,0,0,0,0,0
2012,108,342.92339851473355,0.0,18.925715227135587,0,0,0.0,0.0,0,0,0,0,0
2012,109,339.159748628574,0.0,18.957399602729296,0,0,0.0,0.0,0,0,0,0,0
2012,110,338.3384539737572,0.0,18.984403243390034,0.4219182745900788,0.037623076805591925,0.0,0.0,0.06262794641470736,0,0,0,0
2012,111,337.2939080727854,0.0,19.047971273045214,0,0,0.0003084257414550057,1.220978649489241,0,0.29037885136571573,0.2490740927825664,0.00034931735416348026,0.00022627821310202212
2012,112,334.8604065890906,0.0,19.085349001749982,0,0,0.0,0.0,0,0,0,0,0
2012,113,334.692588004553,0.0,19.128723765617778,0,0,0.0,0.0,0,0,0,0,0
2012,114,306.1577037938343,0.0,19.17635525171453,25.434012509138014,3.41802476373203,0.0,0.0,3.7914006944693814,0,0,0,0
2012,115,306.5737772336315,0.0,19.225498479667237,0,0,0.0,0.0,0,0,0,0,0
2012,116,307.066288915457,0.0,19.26461902472365,0,0,0.0,0.0,0,0,0,0,0
2012,117,307.5424788231446,0.0,19.301403052510956,0,0,0.0,0.0,0,0,0,0,0
2012,118,304.13159787547016,0.0,19.343936773723225,0,0,0.0,0.0,0,0,0,0,0
2012,119,301.38634738443915,0.0,19.379414947797446,0,0,0.0,0.0,0,0,0,0,0
2012,120,301.1263039717937,0.0,19.420608842236028,0,0,0.0,0.0,0,0,0,0,0
2012,121,300.98054335306364,0.0,19.477142530723807,0,0,6.897029753291413e-05,0.2478483366951411,0,0.06406784074747036,0.05588647435359513,7.973720530285694e-05,4.6822256653995074e-05
2012,122,301.3763029973149,0.0,19.51478287278959,0,0,0.0,0.0,0,0,0,0,0
2012,123,299.57232201714055,0.0,19.559153666771966,0,0,8.859226209030165e-05,0.21427126717154438,0,0.06749561412218696,0.059297404337330585,8.492098729116577e-05,3.8523433781875e-05
2012,124,283.6235057057347,0.0,19.554092286673583,14.197461368625756,1.9542106041746616,0.0,0.0,2.403381575382259,0,0,0,0
2012,125,281.0008137068935,0.0,19.517739464258312,0,0,0.0,0.0,0,0,0,0,0
2012,126,262.05480931860944,0.0,19.46785849064428,13.181079881279675,1.9586915138789882,0.0,0.0,2.4266761407256614,0,0,0,0
2012,127,258.2097674833946,0.0,19.41178972705318,0,0,0.0,0.0,0,0,0,0,0
2012,128,254.07772999041376,0.0,19.362198778722497,0,0,0.00011192342308337873,0.04432027729037375,0,0.012038437222026252,0.010675940673425336,1.5167244295891885e-05,7.399258839798255e-06
2012,129,250.59495175876893,0.0,19.27603842122314,0,0,0.0,0.0,0,0,0,0,0
2012,130,247.00786404734546,0.0,19.194101359585005,0,0,0.0,0.0,0,0,0,0,0
2012,131,235.40205043049278,0.0,19.1304641903447,6.513590351421707,0.9229411328997055,0.0,0.0,1.3237472946581763,0,0,0,0
2012,132,231.04688017877274,0.0,19.069324569797313,0,0,0.0,0.0,0,0,0,0,0
2012,133,229.13245946852277,0.0,18.990627531709894,0,0,0.0,0.0,0,0,0,0,0
2012,134,225.55008821392957,0.0,18.92220214221808,0,0,0.0,0.0,0,0,0,0,0
2012,135,221.66461704324826,0.0,18.85828455074453,0,0,0.0,0.0,0,0,0,0,0
2012,136,218.11060828531373,0.0,18.78891371968481,0,0,0.0,0.0,0,0,0,0,0
2012,137,214.23515821022482,0.0,18.714222493740365,0,0,0.0,0.0,0,0,0,0,0
2012,138,210.0482613241221,0.0,18.64676991252232,0,0,0.0,0.0,0,0,0,0,0
2012,139,205.91695234780116,0.0,18.57772013020957,0,0,0.0,0.0,0,0,0,0,0
2012,140,202.08221750176324,0.0,18.48905489891658,0,0,0.0,0.0,0,0,0,0,0
2012,141,198.0468166895066,0.0,18.377301337223187,0,0,0.0,0.0,0,0,0,0,0
2012,142,193.72400545473937,0.0,18.271890789745658,0,0,0.0,0.0,0,0,0,0,0
2012,143,189.2083869607439,0.0,18.185400164300194,0,0,0.0,0.0,0,0,0,0,0
2012,144,184.99141478235651,0.0,18.110006895999696,0,0,0.0,0.0,0,0,0,0,0
2012,145,180.99568443788257,0.0,18.03716798564954,0,0,0.0,0.0,0,0,0,0,0
2012,146,176.99895137183142,0.0,17.93221562058708,0,0,0.0,0.0,0,0,0,0,0
2012,147,173.64033024403213,0.0,17.67262504355926,0,0,0.00015719931817721844,0.009759201024730184,0,0.0013586253062456536,0.0012333516030364384,1.6022763658008311e-06,1.3569570167282067e-06
2012,148,170.3322606107765,0.0,17.39211492647757,0,0,0.0,0.0,0,0,0,0,0
2012,149,168.09115902283318,0.0,17.093096513145905,0,0,0.0,0.0,0,0,0,0,0
2012,150,167.56651930456147,0.0,16.73771893818488,0,0,0.0,0.0,0,0,0,0,0
2012,151,168.50359509210404,0.0,16.408236516843488,0,0,0.0,0.0,0,0,0,0,0
2012,152,171.1121109431125,0.0,16.078134718226337,0,0,0.0,0.0,0,0,0,0,0
2012,153,173.6523111427418,0.0,15.784251229888117,0,0,0.0,0.0,0,0,0,0,0
2012,154,176.0830975647529,0.0,15.51375740911395,0,0,0.0,0.0,0,0,0,0,0
2012,155,178.3855983464571,0.0,15.268084842967289,0,0,0.0,0.0,0,0,0,0,0
2012,156,180.69974425399212,0.0,15.0247928068412,0,0,0.0,0.0,0,0,0,0,0
2012,157,182.94016903332687,0.0,14.796773101983646,0,0,0.0,0.0,0,0,0,0,0
2012,158,185.0998485983543,0.0,14.584281299301265,0,0,0.0,0.0,0,0,0,0,0
2012,159,187.25083029410283,0.0,14.376873774796675,0,0,0.0,0.0,0,0,0,0,0
2012,160,189.4215275985237,0.0,14.170527304508044,0,0,0.0,0.0,0,0,0,0,0
2012,161,191.7224172481535,0.0,13.950902439614852,0,0,0.0,0.0,0,0,0,0,0
2012,162,194.14921733180248,0.0,13.719244935627364,0,0,0.0,0.0,0,0,0,0,0
2012,163,196.9688363273316,0.0,13.43567588718339,0,0,0.0,0.0,0,0,0,0,0
2012,164,199.7950494762306,0.0,13.159019296047317,0,0,0.0,0.0,0,0,0,0,0
2012,165,202.35910169392992,0.0,12.921267212863837,0,0,0.0,0.0,0,0,0,0,0
2012,166,204.6349740165733,0.0,12.707817213162484,0,0,0.0,0.0,0,0,0,0,0
2012,167,205.67662876457456,0.0,12.492270737538249,0,0,0.0,0.0,0,0,0,0,0
2012,168,206.35907424865428,0.0,12.252020502785674,0,0,0.0,0.0,0,0,0,0,0
2012,169,206.63106140864326,0.0,11.995037832362819,0,0,0.0,0.0,0,0,0,0,0
2012,170,206.50656226049142,0.0,11.719578679591256,0,0,0.0,0.0,0,0,0,0,0
2012,171,206.40871051053526,0.0,11.43833817143792,0,0,0.0,0.0,0,0,0,0,0
2012,172,206.04046734461167,0.0,11.1618512711454,0,0,0.0,0.0,0,0,0,0,0
2012,173,205.7310625408255,0.0,10.862911436645966,0,0,0.0,0.0,0,0,0,0,0
2012,174,205.24033916216163,0.0,10.588689696161708,0,0,0.0,0.0,0,0,0,0,0
2012,175,204.64101189520616,0.0,10.337990869318368,0,0,0.0,0.0,0,0,0,0,0
2012,176,203.85617436885556,0.0,10.105985846070304,0,0,0.0,0.0,0,0,0,0,0
2012,177,202.91048038881473,0.0,9.892223032089477,0,0,0.0,0.0,0,0,0,0,0
2012,178,201.69101233508508,0.0,9.701703454457636,0,0,0.0,0.0,0,0,0,0,0
2012,179,200.17907468335932,0.0,9.530738915266921,0,0,0.0,0.0,0,0,0,0,0
2012,180,198.54358080457894,0.0,9.371422924326332,0,0,0.0,0.0,0,0,0,0,0
2012,181,197.06552183627227,0.0,9.229244928374941,0,0,0.0,0.0,0,0,0,0,0
2012,182,195.48690783191984,0.0,9.104448998065568,0,0,0.0,0.0,0,0,0,0,0
2012,183,193.32318138101493,0.0,8.997906267502632,0,0,0.0,0.0,0,0,0,0,0
2012,184,190.916174667306,0.0,8.908965339488168,0,0,0.0,0.0,0,0,0,0,0
2012,185,188.49931980885395,0.0,8.84256896252316,0,0,0.0,0.0,0,0,0,0,0
2012,186,186.06602591874287,0.0,8.80442246622448,0,0,0.0,0.0,0,0,0,0,0
2012,187,183.5740246060772,0.0,8.798027990428428,0,0,0.0,0.0,0,0,0,0,0
2012,188,181.62339565345127,0.0,8.833464711817888,0,0,0.0,0.0,0,0,0,0,0
2012,189,182.18109297294976,0.0,8.789443842029154,0,0,0.0,0.0,0,0,0,0,0
2012,190,183.68675034704623,0.0,8.756065059679543,0,0,0.0,0.0,0,0,0,0,0
2012,191,185.0492321779059,0.0,8.736096140776725,0,0,0.0,0.0,0,0,0,0,0
2012,192,186.22609570534098,0.0,8.733776259861708,0,0,0.0,0.0,0,0,0,0,0
2012,193,187.18448675008992,0.0,8.75183294880655,0,0,0.0,0.0,0,0,0,0,0
2012,194,188.04313126027364,0.0,8.77892609231076,0,0,0.0,0.0,0,0,0,0,0
2012,195,188.85973512829844,0.0,8.810034195391486,0,0,0.0,0.0,0,0,0,0,0
2012,196,189.65842753901285,0.0,8.84293829806613,0,0,0.0,0.0,0,0,0,0,0
2012,197,190.46149359058262,0.0,8.876642430148102,0,0,0.0,0.0,0,0,0,0,0
2012,198,191.2650026763354,0.0,8.911007377551355,0,0,0.0,0.0,0,0,0,0,0
2012,199,191.98135758881574,0.0,8.945372324954608,0,0,0.0,0.0,0,0,0,0,0
2012,200,192.5164733052903,0.0,8.923148002577708,0,0,0.0,0.0,0,0,0,0,0
2012,201,195.40087590022873,0.0,8.559052410908711,0,0,0.1959763249107648,0.22487465068127405,0,0.16287714200135836,0.15700211669029768,9.871879499918016e-05,5.585863671574679e-05
2012,202,199.21171766033666,0.0,8.190627118580494,0,0,0.0,0.0,0,0,0,0,0
2012,203,201.57394764443913,0.0,7.854254226335259,0,0,0.0,0.0,0,0,0,0,0
2012,204,203.53463938331677,0.0,7.539687187816671,0,0,0.0,0.0,0,0,0,0,0
2012,205,205.15083817219008,0.0,7.248331642451094,0,0,0.0,0.0,0,0,0,0,0
2012,206,206.73855247248173,0.0,6.937192634298883,0,0,0.0,0.0,0,0,0,0,0
2012,207,206.8353828468182,0.0,6.7380456300925475,0,0,0.05240205007501025,0.04472738112839117,0,0.03130976007881235,0.03046476636587183,1.4848104090717165e-05,1.0264463138528929e-05
2012,208,207.52298826070015,0.0,6.51867906816579,0,0,0.08114596222812824,0.06469397303345141,0,0.04582320711032257,0.04467686346740782,2.1139410344986792e-05,1.3656941758954508e-05
2012,209,209.27113068353006,0.0,6.244658632848788,0,0,0.0,0.0,0,0,0,0,0
2012,210,211.04066314595352,0.0,5.991839294753282,0,0,0.0,0.0,0,0,0,0,0
2012,211,208.1052519758794,0.0,5.760834143760744,4.758806862969879,0.05383667362304778,0.0,0.0,1.4090923500818329,0,0,0,0
2012,212,209.77806687934427,0.0,5.54217957351862,0,0,0.0,0.0,0,0,0,0,0
2012,213,211.4261727640286,0.0,5.33538881757102,0,0,0.0,0.0,0,0,0,0,0
2012,214,212.8704312915617,0.0,5.145725044277838,0,0,0.0,0.0,0,0,0,0,0
2012,215,214.52846179810496,0.0,4.951032917604311,0,0,0.0,0.0,0,0,0,0,0
2012,216,215.94444618029218,0.0,4.768671840771898,0,0,0.0,0.0,0,0,0,0,0
2012,217,217.35498074177215,0.0,4.599385446169151,0,0,0.0,0.0,0,0,0,0,0
2012,218,219.32682300437835,0.0,4.430978885582656,0,0,0.0,0.0,0,0,0,0,0
2012,219,221.90913782161385,0.0,4.278742860967078,0,0,0.0,0.0,0,0,0,0,0
2012,220,225.22448231688796,0.0,4.14022459403983,0,0,0.0,0.0,0,0,0,0,0
2012,221,229.07241004036933,0.0,4.0116030577328825,0,0,0.0,0.0,0,0,0,0,0
2012,222,232.91966609081442,0.0,3.8924628254546154,0,0,0.0,0.0,0,0,0,0,0
2012,223,236.76194936413447,0.0,3.756596482141773,0,0,0.050876445620028785,0.033992975594189956,0,0.017906602141935932,0.017950219573391806,4.87105181892247e-06,5.3482239901449204e-06
2012,224,240.75004886899418,0.0,3.6288399139370218,0,0,0.0,0.0,0,0,0,0,0
2012,225,244.477020540452,0.0,3.5157547204420765,0,0,0.0,0.0,0,0,0,0,0
2012,226,248.26059025417027,0.0,3.404973809058802,0.048091568543021525,0.00042426500043114216,0.0,0.0,0.014992849682933199,0,0,0,0
2012,227,251.8933621425124,0.0,3.3045127711430906,0,0,0.0,0.0,0,0,0,0,0
2012,228,255.38715036139212,0.0,3.2118060592388735,0,0,0.0,0.0,0,0,0,0,0
2012,229,258.9249610957306,0.0,3.1102020028531454,0,0,0.0,0.0,0,0,0,0,0
2012,230,261.8582801125661,0.0,3.0291692560640144,0,0,0.0033009577626414207,0.0023340762375272553,0,0.0011290770216998694,0.0011427827237744965,2.4696388531767007e-07,4.400539462281243e-07
2012,231,264.91509964119086,0.0,2.9472027972917965,0,0,0.0,0.0,0,0,0,0,0
2012,232,267.23201475913015,0.0,2.872991024263625,0.7222126303764476,0.008060227016642392,0.0,0.0,0.22321115857885923,0,0,0,0
2012,233,264.1517615107089,0.0,2.806219321586597,5.9011563797961175,0.10904980343203237,0.0,0.0,1.8017819419925238,0,0,0,0
2012,234,266.7115004837269,0.0,2.749566647716468,0,0,0.0,0.0,0,0,0,0,0
2012,235,267.7464226212572,0.0,2.6996508057349784,0,0,0.0,0.0,0,0,0,0,0
2012,236,268.2620636396354,0.0,2.6529644024669117,0,0,0.0,0.0,0,0,0,0,0
2012,237,268.6636275077745,0.0,2.6007495849480056,0,0,0.0,0.0,0,0,0,0,0
2012,238,268.78740878835725,0.0,2.548929156760415,0,0,0.0,0.0,0,0,0,0,0
2012,239,269.2845502150922,0.0,2.479473846581425,0,0,7.332130078471975e-05,6.161603778384567e-05,0,6.0169130565100736e-05,6.169826249260067e-05,1.088110915228621e-08,2.7946968618320084e-08
2012,240,269.7966547328419,0.0,2.4084711429624592,0,0,0.0,0.0,0,0,0,0,0
2012,241,270.14514126599653,0.0,2.3417124062792145,0,0,0.0,0.0,0,0,0,0,0
2012,242,270.2866479625073,0.0,2.2774078488638083,0,0,0.0,0.0,0,0,0,0,0
2012,243,270.26842049693187,0.0,2.2148524522350037,0,0,0.0,0.0,0,0,0,0,0
2012,244,270.4174863280603,0.0,2.1535366854486044,0,0,0.0,0.0,0,0,0,0,0
2012,245,270.5623682450547,0.0,2.0941834847275973,0,0,0.0,0.0,0,0,0,0,0
2012,246,270.6153879747041,0.0,2.0382996965298736,0,0,0.0,0.0,0,0,0,0,0
