year,j_day,num_animals
,,
2009,244,800
2009,245,800
2009,246,800
2009,247,800
2009,248,800
2009,249,800
2009,250,800
2009,251,800
2009,252,800
2009,253,800
2009,254,800
2009,255,800
2009,256,800
2009,257,800
2009,258,800
2009,259,800
2009,260,800
2009,261,800
2009,262,800
2009,263,800
2009,264,800
2009,265,800
2009,266,800
2009,267,800
2009,268,800
2009,269,800
2009,270,800
2009,271,800
2009,272,800
2009,273,800
2009,274,800
2009,275,800
2009,276,800
2009,277,800
2009,278,800
2009,279,800
2009,280,800
2009,281,800
2009,282,800
2009,283,800
2009,284,800
2009,285,800
2009,286,800
2009,287,800
2009,288,800
2009,289,800
2009,290,800
2009,291,800
2009,292,800
2009,293,800
2009,294,800
2009,295,800
2009,296,800
2009,297,800
2009,298,800
2009,299,800
2009,300,800
2009,301,800
2009,302,800
2009,303,880
2009,304,1140
2009,305,1270
2009,306,1335
2009,307,1368
2009,308,1384
2009,309,1392
2009,310,1396
2009,311,1398
2009,312,1399
2009,313,1400
2009,314,1400
2009,315,1400
2009,316,1400
2009,317,1400
2009,318,1400
2009,319,1400
2009,320,1400
2009,321,1400
2009,322,1400
2009,323,1400
2009,324,1400
2009,325,1400
2009,326,1400
2009,327,1400
2009,328,1400
2009,329,1400
2009,330,1400
2009,331,1400
2009,332,1400
2009,333,1405
2009,334,1408
2009,335,1411
2009,336,1413
2009,337,1414
2009,338,1414
2009,339,1415
2009,340,1415
2009,341,1415
2009,342,1415
2009,343,1415
2009,344,1415
2009,345,1415
2009,346,1415
2009,347,1415
2009,348,1415
2009,349,1415
2009,350,1415
2009,351,1415
2009,352,1415
2009,353,1415
2009,354,1415
2009,355,1415
2009,356,1415
2009,357,1415
2009,358,1415
2009,359,1415
2009,360,1415
2009,361,1415
2009,362,1415
2009,363,1416
2009,364,1416
2009,365,1416
2010,1,1416
2010,2,1416
2010,3,1416
2010,4,1416
2010,5,1417
2010,6,1418
2010,7,1419
2010,8,1420
2010,9,1420
2010,10,1420
2010,11,1420
2010,12,1420
2010,13,1420
2010,14,1420
2010,15,1421
2010,16,1422
2010,17,1422
2010,18,1422
2010,19,1422
2010,20,1422
2010,21,1422
2010,22,1422
2010,23,1422
2010,24,1422
2010,25,1422
2010,26,1423
2010,27,1423
2010,28,1423
2010,29,1423
2010,30,1423
2010,31,1424
2010,32,1424
2010,33,1424
2010,34,1424
2010,35,1424
2010,36,1425
2010,37,1425
2010,38,1425
2010,39,1426
2010,40,1427
2010,41,1427
2010,42,1427
2010,43,1427
2010,44,1427
2010,45,1427
2010,46,1427
2010,47,1427
2010,48,1427
2010,49,1427
2010,50,1427
2010,51,1427
2010,52,1427
2010,53,1427
2010,54,1427
2010,55,1427
2010,56,1427
2010,57,1427
2010,58,1428
2010,59,1428
2010,60,1428
2010,61,1428
2010,62,1428
2010,63,1428
2010,64,1428
2010,65,1429
2010,66,1429
2010,67,1429
2010,68,1429
2010,69,1429
2010,70,1429
2010,71,1429
2010,72,1429
2010,73,1429
2010,74,1429
2010,75,1429
2010,76,1429
2010,77,1429
2010,78,1429
2010,79,1429
2010,80,1429
2010,81,1429
2010,82,1429
2010,83,1430
2010,84,1431
2010,85,1431
2010,86,1431
2010,87,1431
2010,88,1431
2010,89,1431
2010,90,1431
2010,91,1431
2010,92,1431
2010,93,1431
2010,94,1431
2010,95,1431
2010,96,1432
2010,97,1432
2010,98,1433
2010,99,1433
2010,100,1433
2010,101,1433
2010,102,1433
2010,103,1433
2010,104,1433
2010,105,1433
2010,106,1433
2010,107,1433
2010,108,1433
2010,109,1433
2010,110,1433
2010,111,1433
2010,112,1433
2010,113,1433
2010,114,1433
2010,115,1433
2010,116,1433
2010,117,1433
2010,118,1433
2010,119,1433
2010,120,1433
2010,121,1433
2010,122,1433
2010,123,1433
2010,124,1433
2010,125,1433
2010,126,1434
2010,127,1435
2010,128,1435
2010,129,1435
2010,130,1436
2010,131,1436
2010,132,1437
2010,133,1438
2010,134,1438
2010,135,1439
2010,136,1439
2010,137,1439
2010,138,1439
2010,139,1439
2010,140,1439
2010,141,1439
2010,142,1439
2010,143,1440
2010,144,1441
2010,145,1441
2010,146,1441
2010,147,1441
2010,148,1442
2010,149,1443
2010,150,1443
2010,151,1443
2010,152,1443
2010,153,1443
2010,154,1444
2010,155,1445
2010,156,1446
2010,157,1446
2010,158,1446
2010,159,1446
2010,160,1446
2010,161,1446
2010,162,1446
2010,163,1446
2010,164,1446
2010,165,1446
2010,166,1446
2010,167,1446
2010,168,1446
2010,169,1446
2010,170,1446
2010,171,1446
2010,172,1446
2010,173,1447
2010,174,1447
2010,175,1447
2010,176,1447
2010,177,1447
2010,178,1448
2010,179,1448
2010,180,1448
2010,181,1448
2010,182,1448
2010,183,1448
2010,184,1448
2010,185,1448
2010,186,1448
2010,187,1448
2010,188,1448
2010,189,1448
2010,190,1448
2010,191,1448
2010,192,1448
2010,193,1448
2010,194,1448
2010,195,1448
2010,196,1448
2010,197,1449
2010,198,1449
2010,199,1449
2010,200,1450
2010,201,1450
2010,202,1450
2010,203,1450
2010,204,1450
2010,205,1450
2010,206,1450
2010,207,1450
2010,208,1450
2010,209,1450
2010,210,1450
2010,211,1451
2010,212,1452
2010,213,1452
2010,214,1454
2010,215,1455
2010,216,1455
2010,217,1455
2010,218,1455
2010,219,1056
2010,220,856
2010,221,756
2010,222,706
2010,223,681
2010,224,668
2010,225,662
2010,226,660
2010,227,658
2010,228,657
2010,229,657
2010,230,657
2010,231,657
2010,232,657
2010,233,657
2010,234,657
2010,235,657
2010,236,657
2010,237,657
2010,238,657
2010,239,657
2010,240,657
2010,241,657
2010,242,657
2010,243,657
2010,244,657
2010,245,657
2010,246,657
2010,247,657
2010,248,657
2010,249,657
2010,250,657
2010,251,657
2010,252,657
2010,253,657
2010,254,657
2010,255,658
2010,256,659
2010,257,659
2010,258,659
2010,259,659
2010,260,659
2010,261,659
2010,262,659
2010,263,659
2010,264,659
2010,265,659
2010,266,659
2010,267,659
2010,268,659
2010,269,659
2010,270,659
2010,271,659
2010,272,659
2010,273,659
2010,274,659
2010,275,659
2010,276,659
2010,277,659
2010,278,619
2010,279,470
2010,280,330
2010,281,229
2010,282,160
2010,283,118
2010,284,93
2010,285,78
2010,286,70
2010,287,66
2010,288,63
2010,289,61
2010,290,61
2010,291,60
2010,292,60
2010,293,60
2010,294,60
2010,295,60
2010,296,60
2010,297,60
2010,298,61
2010,299,62
2010,300,62
2010,301,62
2010,302,62
2010,303,62
2010,304,62
2010,305,62
2010,306,62
2010,307,63
2010,308,61
2010,309,59
2010,310,56
2010,311,53
2010,312,53
2010,313,52
2010,314,51
2010,315,51
2010,316,51
2010,317,51
2010,318,51
2010,319,51
2010,320,51
2010,321,51
2010,322,51
2010,323,51
2010,324,52
2010,325,52
2010,326,52
2010,327,53
2010,328,53
2010,329,53
2010,330,53
2010,331,53
2010,332,53
2010,333,53
2010,334,53
2010,335,53
2010,336,54
2010,337,55
2010,338,55
2010,339,55
2010,340,54
2010,341,54
2010,342,54
2010,343,55
2010,344,57
2010,345,58
2010,346,57
2010,347,56
2010,348,56
2010,349,55
2010,350,55
2010,351,55
2010,352,55
2010,353,55
2010,354,55
2010,355,55
2010,356,54
2010,357,54
2010,358,54
2010,359,55
2010,360,56
2010,361,56
2010,362,57
2010,363,57
2010,364,57
2010,365,57
2011,1,57
2011,2,56
2011,3,56
2011,4,56
2011,5,56
2011,6,56
2011,7,55
2011,8,56
2011,9,57
2011,10,57
2011,11,57
2011,12,57
2011,13,57
2011,14,58
2011,15,57
2011,16,56
2011,17,56
2011,18,57
2011,19,58
2011,20,58
2011,21,58
2011,22,58
2011,23,58
2011,24,58
2011,25,58
2011,26,58
2011,27,58
2011,28,58
2011,29,58
2011,30,58
2011,31,58
2011,32,58
2011,33,58
2011,34,57
2011,35,58
2011,36,58
2011,37,58
2011,38,58
2011,39,58
2011,40,58
2011,41,57
2011,42,57
2011,43,58
2011,44,58
2011,45,58
2011,46,58
2011,47,58
2011,48,58
2011,49,58
2011,50,58
2011,51,59
2011,52,59
2011,53,60
2011,54,60
2011,55,61
2011,56,61
2011,57,61
2011,58,61
2011,59,60
2011,60,59
2011,61,59
2011,62,59
2011,63,59
2011,64,59
2011,65,59
2011,66,60
2011,67,60
2011,68,60
2011,69,60
2011,70,60
2011,71,60
2011,72,60
2011,73,60
2011,74,59
2011,75,59
2011,76,59
2011,77,59
2011,78,59
2011,79,59
2011,80,59
2011,81,60
2011,82,60
2011,83,60
2011,84,60
2011,85,60
2011,86,60
2011,87,60
2011,88,60
2011,89,60
2011,90,61
2011,91,62
2011,92,62
2011,93,62
2011,94,62
2011,95,62
2011,96,63
2011,97,63
2011,98,63
2011,99,63
2011,100,63
2011,101,63
2011,102,62
2011,103,62
2011,104,63
2011,105,63
2011,106,62
2011,107,63
2011,108,62
2011,109,61
2011,110,61
2011,111,60
2011,112,60
2011,113,60
2011,114,60
2011,115,61
2011,116,61
2011,117,61
2011,118,61
2011,119,60
2011,120,59
2011,121,60
2011,122,60
2011,123,60
2011,124,59
2011,125,58
2011,126,58
2011,127,58
2011,128,59
2011,129,59
2011,130,58
2011,131,57
2011,132,56
2011,133,56
2011,134,57
2011,135,57
2011,136,57
2011,137,57
2011,138,58
2011,139,58
2011,140,58
2011,141,58
2011,142,59
2011,143,59
2011,144,59
2011,145,59
2011,146,59
2011,147,60
2011,148,60
2011,149,59
2011,150,59
2011,151,59
2011,152,59
2011,153,59
2011,154,58
2011,155,58
2011,156,58
2011,157,58
2011,158,58
2011,159,58
2011,160,59
2011,161,59
2011,162,60
2011,163,61
2011,164,61
2011,165,62
2011,166,63
2011,167,65
2011,168,68
2011,169,70
2011,170,73
2011,171,75
2011,172,76
2011,173,77
2011,174,78
2011,175,82
2011,176,85
2011,177,89
2011,178,94
2011,179,99
2011,180,104
2011,181,111
2011,182,119
2011,183,124
2011,184,130
2011,185,138
2011,186,146
2011,187,152
2011,188,157
2011,189,162
2011,190,170
2011,191,180
2011,192,186
2011,193,198
2011,194,210
2011,195,221
2011,196,234
2011,197,247
2011,198,259
2011,199,270
2011,200,281
2011,201,292
2011,202,301
2011,203,311
2011,204,321
2011,205,332
2011,206,341
2011,207,349
2011,208,356
2011,209,363
2011,210,370
2011,211,377
2011,212,381
2011,213,388
2011,214,393
2011,215,397
2011,216,401
2011,217,406
2011,218,412
2011,219,417
2011,220,420
2011,221,424
2011,222,427
2011,223,429
2011,224,430
2011,225,432
2011,226,433
2011,227,435
2011,228,437
2011,229,438
2011,230,438
2011,231,438
2011,232,439
2011,233,441
2011,234,443
2011,235,446
2011,236,448
2011,237,449
2011,238,450
2011,239,450
2011,240,451
2011,241,451
2011,242,451
2011,243,452
2011,244,453
2011,245,454
2011,246,455
2011,247,455
2011,248,455
2011,249,456
2011,250,456
2011,251,457
2011,252,457
2011,253,458
2011,254,459
2011,255,458
2011,256,458
2011,257,458
2011,258,458
2011,259,458
2011,260,458
2011,261,458
2011,262,459
2011,263,460
2011,264,460
2011,265,460
2011,266,460
2011,267,460
2011,268,461
2011,269,462
2011,270,462
2011,271,462
2011,272,462
2011,273,463
2011,274,463
2011,275,462
2011,276,462
2011,277,462
2011,278,463
2011,279,464
2011,280,464
2011,281,465
2011,282,465
2011,283,465
2011,284,465
2011,285,465
2011,286,466
2011,287,466
2011,288,466
2011,289,467
2011,290,467
2011,291,466
2011,292,466
2011,293,466
2011,294,467
2011,295,467
2011,296,467
2011,297,468
2011,298,469
2011,299,469
2011,300,468
2011,301,469
2011,302,469
2011,303,468
2011,304,469
2011,305,469
2011,306,469
2011,307,469
2011,308,470
2011,309,471
2011,310,472
2011,311,473
2011,312,473
2011,313,473
2011,314,474
2011,315,476
2011,316,478
2011,317,479
2011,318,479
2011,319,478
2011,320,478
2011,321,478
2011,322,478
2011,323,478
2011,324,477
2011,325,477
2011,326,477
2011,327,478
2011,328,478
2011,329,478
2011,330,478
2011,331,478
2011,332,478
2011,333,478
2011,334,478
2011,335,477
2011,336,476
2011,337,476
2011,338,475
2011,339,475
2011,340,475
2011,341,475
2011,342,475
2011,343,475
2011,344,475
2011,345,475
2011,346,475
2011,347,475
2011,348,475
2011,349,475
2011,350,475
2011,351,476
2011,352,476
2011,353,475
2011,354,475
2011,355,474
2011,356,474
2011,357,474
2011,358,474
2011,359,473
2011,360,472
2011,361,472
2011,362,472
2011,363,473
2011,364,473
2011,365,473
2012,1,474
2012,2,474
2012,3,474
2012,4,475
2012,5,476
2012,6,476
2012,7,477
2012,8,478
2012,9,478
2012,10,478
2012,11,478
2012,12,479
2012,13,480
2012,14,481
2012,15,481
2012,16,481
2012,17,481
2012,18,482
2012,19,481
2012,20,482
2012,21,483
2012,22,483
2012,23,483
2012,24,483
2012,25,484
2012,26,484
2012,27,483
2012,28,483
2012,29,482
2012,30,483
2012,31,482
2012,32,482
2012,33,483
2012,34,484
2012,35,485
2012,36,486
2012,37,487
2012,38,487
2012,39,487
2012,40,488
2012,41,489
2012,42,488
2012,43,489
2012,44,489
2012,45,489
2012,46,490
2012,47,491
2012,48,490
2012,49,490
2012,50,490
2012,51,490
2012,52,491
2012,53,491
2012,54,491
2012,55,492
2012,56,493
2012,57,493
2012,58,493
2012,59,493
2012,60,494
2012,61,494
2012,62,494
2012,63,494
2012,64,494
2012,65,495
2012,66,495
2012,67,494
2012,68,495
2012,69,496
2012,70,497
2012,71,497
2012,72,498
2012,73,499
2012,74,499
2012,75,499
2012,76,500
2012,77,501
2012,78,501
2012,79,500
2012,80,499
2012,81,500
2012,82,501
2012,83,500
2012,84,500
2012,85,500
2012,86,500
2012,87,500
2012,88,501
2012,89,501
2012,90,501
2012,91,500
2012,92,500
2012,93,500
2012,94,500
2012,95,500
2012,96,500
2012,97,499
2012,98,500
2012,99,501
2012,100,502
2012,101,503
2012,102,503
2012,103,503
2012,104,502
2012,105,502
2012,106,502
2012,107,503
2012,108,503
2012,109,503
2012,110,502
2012,111,503
2012,112,503
2012,113,504
2012,114,503
2012,115,503
2012,116,504
2012,117,504
2012,118,504
2012,119,504
2012,120,504
2012,121,504
2012,122,504
2012,123,504
2012,124,504
2012,125,505
2012,126,505
2012,127,506
2012,128,507
2012,129,507
2012,130,507
2012,131,507
2012,132,507
2012,133,507
2012,134,507
2012,135,507
2012,136,506
2012,137,506
2012,138,506
2012,139,505
2012,140,505
2012,141,504
2012,142,502
2012,143,500
2012,144,498
2012,145,496
2012,146,493
2012,147,492
2012,148,490
2012,149,488
2012,150,485
2012,151,482
2012,152,479
2012,153,476
2012,154,471
2012,155,466
2012,156,460
2012,157,453
2012,158,447
2012,159,441
2012,160,434
2012,161,427
2012,162,419
2012,163,412
2012,164,407
2012,165,400
2012,166,391
2012,167,383
2012,168,373
2012,169,362
2012,170,351
2012,171,340
2012,172,329
2012,173,317
2012,174,307
2012,175,296
2012,176,284
2012,177,274
2012,178,265
2012,179,255
2012,180,246
2012,181,237
2012,182,230
2012,183,225
2012,184,220
2012,185,215
2012,186,210
2012,187,206
2012,188,201
2012,189,198
2012,190,194
2012,191,191
2012,192,187
2012,193,183
2012,194,181
2012,195,179
2012,196,176
2012,197,176
2012,198,176
2012,199,176
2012,200,177
2012,201,178
2012,202,180
2012,203,181
2012,204,182
2012,205,184
2012,206,185
2012,207,186
2012,208,190
2012,209,195
2012,210,200
2012,211,203
2012,212,206
2012,213,208
2012,214,212
2012,215,216
2012,216,221
2012,217,223
2012,218,226
2012,219,227
2012,220,232
2012,221,234
2012,222,236
2012,223,239
2012,224,244
2012,225,246
2012,226,248
2012,227,250
2012,228,253
2012,229,255
2012,230,256
2012,231,259
2012,232,262
2012,233,264
2012,234,267
2012,235,270
2012,236,272
2012,237,275
2012,238,275
2012,239,279
2012,240,283
2012,241,285
2012,242,287
2012,243,289
2012,244,289
2012,245,291
2012,246,293
2012,247,296
2012,248,300
2012,249,303
2012,250,305
2012,251,308
2012,252,310
2012,253,312
2012,254,313
2012,255,313
2012,256,315
2012,257,316
2012,258,317
2012,259,318
2012,260,319
2012,261,320
2012,262,322
2012,263,324
2012,264,325
2012,265,325
2012,266,326
2012,267,328
2012,268,329
2012,269,331
2012,270,332
2012,271,332
2012,272,334
2012,273,335
2012,274,335
2012,275,335
2012,276,337
2012,277,337
2012,278,338
2012,279,339
2012,280,341
2012,281,343
2012,282,347
2012,283,350
2012,284,352
2012,285,352
2012,286,353
2012,287,354
2012,288,355
2012,289,355
2012,290,355
2012,291,354
2012,292,356
2012,293,357
2012,294,358
2012,295,358
2012,296,358
2012,297,359
2012,298,359
2012,299,360
2012,300,361
2012,301,362
2012,302,363
2012,303,362
2012,304,364
2012,305,366
2012,306,367
2012,307,369
2012,308,371
2012,309,370
2012,310,372
2012,311,372
2012,312,373
2012,313,374
2012,314,375
2012,315,375
2012,316,376
2012,317,378
2012,318,379
2012,319,381
2012,320,382
2012,321,382
2012,322,384
2012,323,386
2012,324,387
2012,325,386
2012,326,386
2012,327,386
2012,328,387
2012,329,390
2012,330,392
2012,331,393
2012,332,395
2012,333,397
2012,334,397
2012,335,398
2012,336,399
2012,337,400
2012,338,401
2012,339,400
2012,340,401
2012,341,404
2012,342,404
2012,343,406
2012,344,406
2012,345,407
2012,346,406
2012,347,408
2012,348,409
2012,349,409
2012,350,410
2012,351,410
2012,352,410
2012,353,410
2012,354,409
2012,355,409
2012,356,409
2012,357,409
2012,358,409
2012,359,409
2012,360,409
2012,361,409
2012,362,409
2012,363,410
2012,364,411
2012,365,413
2012,366,413
2013,1,414
2013,2,414
2013,3,414
2013,4,415
2013,5,414
2013,6,415
2013,7,415
2013,8,415
2013,9,414
2013,10,414
2013,11,414
2013,12,414
2013,13,414
2013,14,415
2013,15,415
2013,16,415
2013,17,415
2013,18,415
2013,19,417
2013,20,418
2013,21,418
2013,22,418
2013,23,418
2013,24,419
2013,25,419
2013,26,420
2013,27,420
2013,28,421
2013,29,421
2013,30,421
2013,31,421
2013,32,420
2013,33,420
2013,34,421
2013,35,421
2013,36,421
2013,37,422
2013,38,424
2013,39,426
2013,40,426
2013,41,427
2013,42,429
2013,43,429
2013,44,429
2013,45,428
2013,46,428
2013,47,427
2013,48,427
2013,49,426
2013,50,426
2013,51,426
2013,52,425
2013,53,425
2013,54,427
2013,55,429
2013,56,428
2013,57,428
2013,58,428
2013,59,428
2013,60,430
2013,61,431
2013,62,432
2013,63,432
2013,64,434
2013,65,435
2013,66,436
2013,67,437
2013,68,438
2013,69,438
2013,70,440
2013,71,441
2013,72,442
2013,73,442
2013,74,442
2013,75,442
2013,76,441
2013,77,441
2013,78,443
2013,79,445
2013,80,446
2013,81,447
2013,82,447
2013,83,447
2013,84,448
2013,85,449
2013,86,448
2013,87,449
2013,88,450
2013,89,452
2013,90,453
2013,91,453
2013,92,453
2013,93,452
2013,94,453
2013,95,456
2013,96,457
2013,97,458
2013,98,457
2013,99,458
2013,100,459
2013,101,460
2013,102,459
2013,103,458
2013,104,459
2013,105,460
2013,106,461
2013,107,462
2013,108,462
2013,109,463
2013,110,464
2013,111,464
2013,112,465
2013,113,466
2013,114,467
2013,115,468
2013,116,468
2013,117,469
2013,118,470
2013,119,470
2013,120,471
2013,121,472
2013,122,472
2013,123,472
2013,124,473
2013,125,474
2013,126,475
2013,127,474
2013,128,474
2013,129,475
2013,130,476
2013,131,476
2013,132,478
2013,133,481
2013,134,482
2013,135,483
2013,136,483
2013,137,484
2013,138,485
2013,139,485
2013,140,487
2013,141,488
2013,142,488
2013,143,488
2013,144,488
2013,145,488
2013,146,487
2013,147,487
2013,148,486
2013,149,485
2013,150,485
2013,151,485
2013,152,484
2013,153,483
2013,154,484
2013,155,484
2013,156,484
2013,157,484
2013,158,482
2013,159,481
2013,160,478
2013,161,476
2013,162,475
2013,163,473
2013,164,472
2013,165,472
2013,166,472
2013,167,470
2013,168,469
2013,169,467
2013,170,466
2013,171,463
2013,172,461
2013,173,459
2013,174,457
2013,175,454
2013,176,450
2013,177,447
2013,178,445
2013,179,443
2013,180,440
2013,181,439
2013,182,434
2013,183,431
2013,184,428
2013,185,421
2013,186,417
2013,187,412
2013,188,409
2013,189,406
2013,190,401
2013,191,398
2013,192,396
2013,193,394
2013,194,391
2013,195,391
2013,196,389
2013,197,387
2013,198,384
2013,199,380
2013,200,378
2013,201,377
2013,202,376
2013,203,373
2013,204,372
2013,205,371
2013,206,370
2013,207,369
2013,208,368
2013,209,367
2013,210,365
2013,211,364
2013,212,364
2013,213,364
2013,214,361
2013,215,361
2013,216,359
2013,217,359
2013,218,359
2013,219,357
2013,220,356
2013,221,355
2013,222,353
2013,223,351
2013,224,349
2013,225,350
2013,226,349
2013,227,347
2013,228,346
2013,229,346
2013,230,345
2013,231,345
2013,232,344
2013,233,344
2013,234,347
2013,235,347
2013,236,346
2013,237,345
2013,238,345
2013,239,346
2013,240,345
2013,241,344
2013,242,345
2013,243,344
2013,244,343
2013,245,343
2013,246,342
2013,247,341
2013,248,343
2013,249,342
2013,250,342
2013,251,343
2013,252,344
2013,253,346
2013,254,345
2013,255,345
2013,256,344
2013,257,343
2013,258,344
2013,259,346
2013,260,346
2013,261,344
2013,262,345
2013,263,346
2013,264,348
2013,265,348
2013,266,347
2013,267,347
2013,268,345
2013,269,346
2013,270,345
2013,271,346
2013,272,346
2013,273,347
2013,274,347
2013,275,346
2013,276,346
2013,277,345
2013,278,345
2013,279,344
2013,280,345
2013,281,345
2013,282,345
2013,283,345
2013,284,344
2013,285,345
2013,286,347
2013,287,348
2013,288,349
2013,289,350
2013,290,351
2013,291,351
2013,292,350
2013,293,351
2013,294,349
2013,295,349
2013,296,349
2013,297,349
2013,298,349
2013,299,349
2013,300,349
2013,301,349
2013,302,349
2013,303,349
2013,304,349
2013,305,348
2013,306,348
2013,307,348
2013,308,348
2013,309,347
2013,310,347
2013,311,346
2013,312,345
2013,313,344
2013,314,347
2013,315,346
2013,316,349
2013,317,350
2013,318,350
2013,319,350
2013,320,351
2013,321,352
2013,322,353
2013,323,353
2013,324,352
2013,325,353
2013,326,355
2013,327,356
2013,328,356
2013,329,358
2013,330,360
2013,331,361
2013,332,361
2013,333,363
2013,334,363
2013,335,365
2013,336,365
2013,337,366
2013,338,366
2013,339,367
2013,340,369
2013,341,370
2013,342,370
2013,343,372
2013,344,374
2013,345,376
2013,346,376
2013,347,376
2013,348,378
2013,349,379
2013,350,380
2013,351,381
2013,352,381
2013,353,382
2013,354,384
2013,355,384
2013,356,384
2013,357,383
2013,358,384
2013,359,383
2013,360,384
2013,361,383
2013,362,383
2013,363,385
2013,364,385
2013,365,385
2014,1,385
2014,2,384
2014,3,384
2014,4,386
2014,5,387
2014,6,388
2014,7,389
2014,8,390
2014,9,393
2014,10,394
2014,11,395
2014,12,399
2014,13,399
2014,14,399
2014,15,399
2014,16,397
2014,17,398
2014,18,397
2014,19,397
2014,20,398
2014,21,398
2014,22,398
2014,23,399
2014,24,400
2014,25,401
2014,26,401
2014,27,402
2014,28,404
2014,29,404
2014,30,403
2014,31,404
2014,32,404
2014,33,404
2014,34,403
2014,35,403
2014,36,402
2014,37,401
2014,38,400
2014,39,401
2014,40,400
2014,41,400
2014,42,399
2014,43,400
2014,44,401
2014,45,400
2014,46,401
2014,47,401
2014,48,401
2014,49,403
2014,50,404
2014,51,406
2014,52,406
2014,53,406
2014,54,405
2014,55,406
2014,56,406
2014,57,405
2014,58,407
2014,59,407
2014,60,407
2014,61,407
2014,62,407
2014,63,406
2014,64,404
2014,65,406
2014,66,405
2014,67,405
2014,68,406
2014,69,407
2014,70,406
2014,71,406
2014,72,404
2014,73,405
2014,74,407
2014,75,408
2014,76,407
2014,77,406
2014,78,409
2014,79,411
2014,80,413
2014,81,414
2014,82,414
2014,83,414
2014,84,416
2014,85,417
2014,86,417
2014,87,418
2014,88,417
2014,89,416
2014,90,415
2014,91,418
2014,92,418
2014,93,419
2014,94,419
2014,95,421
2014,96,422
2014,97,422
2014,98,423
2014,99,425
2014,100,425
2014,101,424
2014,102,425
2014,103,427
2014,104,427
2014,105,428
2014,106,428
2014,107,427
2014,108,425
2014,109,425
2014,110,424
2014,111,425
2014,112,426
2014,113,425
2014,114,425
2014,115,426
2014,116,426
2014,117,426
2014,118,426
2014,119,427
2014,120,428
2014,121,428
2014,122,427
2014,123,427
2014,124,427
2014,125,428
2014,126,430
2014,127,432
2014,128,432
2014,129,434
2014,130,433
2014,131,432
2014,132,432
2014,133,433
2014,134,433
2014,135,434
2014,136,434
2014,137,434
2014,138,434
2014,139,435
2014,140,434
2014,141,433
2014,142,433
2014,143,433
2014,144,434
2014,145,435
2014,146,437
2014,147,437
2014,148,438
2014,149,437
2014,150,438
2014,151,440
2014,152,442
2014,153,444
2014,154,446
2014,155,447
2014,156,447
2014,157,446
2014,158,446
2014,159,444
2014,160,446
2014,161,447
2014,162,448
2014,163,448
2014,164,447
2014,165,446
2014,166,447
2014,167,447
2014,168,448
2014,169,449
2014,170,448
2014,171,447
2014,172,446
2014,173,445
2014,174,444
2014,175,445
2014,176,445
2014,177,444
2014,178,444
2014,179,442
2014,180,442
2014,181,441
2014,182,440
2014,183,438
2014,184,437
2014,185,438
2014,186,436
2014,187,435
2014,188,435
2014,189,433
2014,190,430
2014,191,429
2014,192,428
2014,193,427
2014,194,427
2014,195,427
2014,196,426
2014,197,425
2014,198,425
2014,199,425
2014,200,423
2014,201,422
2014,202,421
2014,203,420
2014,204,419
2014,205,420
2014,206,419
2014,207,419
2014,208,417
2014,209,416
2014,210,415
2014,211,413
2014,212,414
2014,213,413
2014,214,413
2014,215,411
2014,216,413
2014,217,414
2014,218,414
2014,219,415
2014,220,415
2014,221,416
2014,222,416
2014,223,416
2014,224,415
2014,225,414
2014,226,414
2014,227,414
2014,228,414
2014,229,413
2014,230,413
2014,231,414
2014,232,414
2014,233,412
2014,234,410
2014,235,408
2014,236,408
2014,237,409
2014,238,407
2014,239,405
2014,240,403
2014,241,404
2014,242,405
2014,243,405
2014,244,404
2014,245,405
2014,246,405
2014,247,404
2014,248,403
2014,249,404
2014,250,405
2014,251,405
2014,252,405
2014,253,407
2014,254,408
2014,255,409
2014,256,409
2014,257,409
2014,258,409
2014,259,408
2014,260,408
2014,261,408
2014,262,406
2014,263,405
2014,264,406
2014,265,407
2014,266,407
2014,267,408
2014,268,408
2014,269,409
2014,270,410
2014,271,410
2014,272,410
2014,273,411
2014,274,412
2014,275,412
2014,276,412
2014,277,413
2014,278,412
2014,279,411
2014,280,411
2014,281,410
2014,282,409
2014,283,409
2014,284,410
2014,285,410
2014,286,409
2014,287,410
2014,288,410
2014,289,410
2014,290,409
2014,291,407
2014,292,407
2014,293,407
2014,294,406
2014,295,404
2014,296,402
2014,297,402
2014,298,402
2014,299,400
2014,300,400
2014,301,401
2014,302,400
2014,303,399
2014,304,398
2014,305,398
2014,306,397
2014,307,397
2014,308,396
2014,309,396
2014,310,396
2014,311,395
2014,312,394
2014,313,395
2014,314,394
2014,315,393
2014,316,390
2014,317,389
2014,318,388
2014,319,388
2014,320,387
2014,321,386
2014,322,387
2014,323,387
2014,324,385
2014,325,384
2014,326,383
2014,327,385
2014,328,385
2014,329,384
2014,330,385
2014,331,386
2014,332,387
2014,333,386
2014,334,385
2014,335,385
2014,336,385
2014,337,387
2014,338,387
2014,339,388
2014,340,389
2014,341,392
2014,342,393
2014,343,394
2014,344,394
2014,345,395
2014,346,394
2014,347,394
2014,348,394
2014,349,394
2014,350,394
2014,351,394
2014,352,392
2014,353,390
2014,354,390
2014,355,391
2014,356,390
2014,357,390
2014,358,391
2014,359,391
2014,360,390
2014,361,391
2014,362,390
2014,363,391
2014,364,391
2014,365,391
2015,1,392
2015,2,391
2015,3,390
2015,4,392
2015,5,391
2015,6,391
2015,7,391
2015,8,390
2015,9,391
2015,10,392
2015,11,394
2015,12,394
2015,13,394
2015,14,395
2015,15,395
2015,16,396
2015,17,396
2015,18,397
2015,19,398
2015,20,397
2015,21,396
2015,22,396
2015,23,394
2015,24,394
2015,25,394
2015,26,392
2015,27,394
2015,28,394
2015,29,396
2015,30,397
2015,31,396
2015,32,397
2015,33,396
2015,34,397
2015,35,396
2015,36,397
2015,37,398
2015,38,398
2015,39,398
2015,40,397
2015,41,397
2015,42,397
2015,43,397
2015,44,399
2015,45,399
2015,46,399
2015,47,400
2015,48,401
2015,49,401
2015,50,400
2015,51,400
2015,52,400
2015,53,399
2015,54,399
2015,55,397
2015,56,396
2015,57,396
2015,58,396
2015,59,394
2015,60,395
2015,61,396
2015,62,395
2015,63,395
2015,64,397
2015,65,397
2015,66,397
2015,67,399
2015,68,399
2015,69,401
2015,70,400
2015,71,400
2015,72,400
2015,73,399
2015,74,399
2015,75,398
2015,76,397
2015,77,399
2015,78,399
2015,79,399
2015,80,398
2015,81,400
2015,82,400
2015,83,400
2015,84,402
2015,85,401
2015,86,401
2015,87,401
2015,88,402
2015,89,402
2015,90,402
2015,91,402
2015,92,404
2015,93,405
2015,94,405
2015,95,405
2015,96,405
2015,97,406
2015,98,408
2015,99,408
2015,100,408
2015,101,406
2015,102,405
2015,103,405
2015,104,403
2015,105,404
2015,106,404
2015,107,405
2015,108,405
2015,109,404
2015,110,405
2015,111,406
2015,112,406
2015,113,406
2015,114,407
2015,115,407
2015,116,407
2015,117,409
2015,118,410
2015,119,411
2015,120,410
2015,121,409
2015,122,409
2015,123,409
2015,124,412
2015,125,412
2015,126,411
2015,127,410
2015,128,410
2015,129,408
2015,130,407
2015,131,408
2015,132,409
2015,133,411
2015,134,412
2015,135,413
2015,136,412
2015,137,413
2015,138,413
2015,139,414
2015,140,416
2015,141,419
2015,142,419
2015,143,418
2015,144,417
2015,145,415
2015,146,416
2015,147,416
2015,148,416
2015,149,416
2015,150,416
2015,151,417
2015,152,416
2015,153,417
2015,154,418
2015,155,418
2015,156,418
2015,157,419
2015,158,419
2015,159,419
2015,160,420
2015,161,421
2015,162,423
2015,163,423
2015,164,424
2015,165,425
2015,166,427
2015,167,428
2015,168,428
2015,169,429
2015,170,429
2015,171,430
2015,172,431
2015,173,433
2015,174,432
2015,175,433
2015,176,433
2015,177,434
2015,178,434
2015,179,434
2015,180,434
2015,181,434
2015,182,436
2015,183,435
2015,184,436
2015,185,437
2015,186,438
2015,187,437
2015,188,437
2015,189,438
2015,190,438
2015,191,438
2015,192,436
2015,193,435
2015,194,434
2015,195,435
2015,196,433
2015,197,432
2015,198,433
2015,199,434
2015,200,434
2015,201,433
2015,202,433
2015,203,433
2015,204,433
2015,205,433
2015,206,432
2015,207,430
2015,208,430
2015,209,429
2015,210,427
2015,211,426
2015,212,426
2015,213,425
2015,214,426
2015,215,426
2015,216,424
2015,217,424
2015,218,424
2015,219,423
2015,220,422
2015,221,423
2015,222,422
2015,223,423
2015,224,422
2015,225,422
2015,226,425
2015,227,424
2015,228,425
2015,229,425
2015,230,425
2015,231,424
2015,232,425
2015,233,424
2015,234,424
2015,235,423
2015,236,423
2015,237,425
2015,238,426
2015,239,426
2015,240,424
2015,241,424
2015,242,423
2015,243,422
2015,244,422
2015,245,423
2015,246,422
2015,247,421
2015,248,421
2015,249,421
2015,250,419
2015,251,420
2015,252,421
2015,253,420
2015,254,421
2015,255,422
2015,256,422
2015,257,424
2015,258,424
2015,259,425
2015,260,427
2015,261,428
2015,262,430
2015,263,432
2015,264,433
2015,265,432
2015,266,432
2015,267,431
2015,268,430
2015,269,431
2015,270,432
2015,271,432
2015,272,432
2015,273,432
2015,274,433
2015,275,434
2015,276,434
2015,277,436
2015,278,437
2015,279,438
2015,280,437
2015,281,436
2015,282,436
2015,283,436
2015,284,436
2015,285,437
2015,286,437
2015,287,438
2015,288,438
2015,289,437
2015,290,437
2015,291,438
2015,292,439
2015,293,442
2015,294,441
2015,295,441
2015,296,441
2015,297,440
2015,298,440
2015,299,440
2015,300,441
2015,301,441
2015,302,442
2015,303,442
2015,304,444
2015,305,442
2015,306,441
2015,307,442
2015,308,442
2015,309,442
2015,310,443
2015,311,443
2015,312,443
2015,313,442
2015,314,440
2015,315,440
2015,316,439
2015,317,436
2015,318,435
2015,319,434
2015,320,432
2015,321,431
2015,322,429
2015,323,429
2015,324,428
2015,325,427
2015,326,425
2015,327,426
2015,328,426
2015,329,424
2015,330,425
2015,331,425
2015,332,424
2015,333,424
2015,334,423
2015,335,422
2015,336,423
2015,337,423
2015,338,423
2015,339,424
2015,340,425
2015,341,425
2015,342,425
2015,343,424
2015,344,424
2015,345,424
2015,346,424
2015,347,424
2015,348,424
2015,349,425
2015,350,425
2015,351,426
2015,352,427
2015,353,429
2015,354,429
2015,355,429
2015,356,429
2015,357,430
2015,358,430
2015,359,432
2015,360,431
2015,361,430
2015,362,432
2015,363,433
2015,364,433
2015,365,432
2016,1,433
2016,2,433
2016,3,432
2016,4,431
2016,5,429
2016,6,431
2016,7,431
2016,8,432
2016,9,432
2016,10,432
2016,11,431
2016,12,430
2016,13,430
2016,14,430
2016,15,431
2016,16,433
2016,17,433
2016,18,433
2016,19,432
2016,20,432
2016,21,431
2016,22,430
2016,23,429
2016,24,429
2016,25,429
2016,26,429
2016,27,429
2016,28,430
2016,29,431
2016,30,430
2016,31,431
2016,32,431
2016,33,431
2016,34,433
2016,35,432
2016,36,432
2016,37,433
2016,38,433
2016,39,433
2016,40,433
2016,41,434
2016,42,435
2016,43,434
2016,44,433
2016,45,434
2016,46,434
2016,47,434
2016,48,433
2016,49,433
2016,50,432
2016,51,432
2016,52,432
2016,53,432
2016,54,432
2016,55,433
2016,56,434
2016,57,433
2016,58,433
2016,59,432
2016,60,431
2016,61,431
2016,62,431
2016,63,432
2016,64,432
2016,65,433
2016,66,432
2016,67,431
2016,68,431
2016,69,430
2016,70,431
2016,71,431
2016,72,431
2016,73,431
2016,74,430
2016,75,430
2016,76,432
2016,77,433
2016,78,435
2016,79,436
2016,80,437
2016,81,437
2016,82,436
2016,83,435
2016,84,436
2016,85,435
2016,86,436
2016,87,436
2016,88,435
2016,89,435
2016,90,435
2016,91,437
2016,92,437
2016,93,435
2016,94,436
2016,95,434
2016,96,433
2016,97,433
2016,98,435
2016,99,435
2016,100,435
2016,101,435
2016,102,437
2016,103,437
2016,104,438
2016,105,437
2016,106,436
2016,107,435
2016,108,434
2016,109,432
2016,110,431
2016,111,432
2016,112,432
2016,113,430
2016,114,430
2016,115,428
2016,116,427
2016,117,426
2016,118,425
2016,119,426
2016,120,426
2016,121,425
2016,122,424
2016,123,425
2016,124,425
2016,125,425
2016,126,424
2016,127,426
2016,128,426
2016,129,426
2016,130,426
2016,131,427
2016,132,427
2016,133,427
2016,134,428
2016,135,426
2016,136,425
2016,137,424
2016,138,424
2016,139,423
2016,140,421
2016,141,420
2016,142,422
2016,143,421
2016,144,422
2016,145,425
2016,146,426
2016,147,425
2016,148,425
2016,149,425
2016,150,424
2016,151,423
2016,152,424
2016,153,426
2016,154,427
2016,155,428
2016,156,429
2016,157,428
2016,158,430
2016,159,429
2016,160,429
2016,161,429
2016,162,428
2016,163,428
2016,164,429
2016,165,428
2016,166,426
2016,167,427
2016,168,428
2016,169,428
2016,170,429
2016,171,430
2016,172,430
2016,173,429
2016,174,429
2016,175,429
2016,176,428
2016,177,429
2016,178,430
2016,179,430
2016,180,428
2016,181,427
2016,182,427
2016,183,427
2016,184,428
2016,185,428
2016,186,428
2016,187,429
2016,188,428
2016,189,428
2016,190,427
2016,191,431
2016,192,433
2016,193,434
2016,194,435
2016,195,436
2016,196,436
2016,197,436
2016,198,436
2016,199,436
2016,200,436
2016,201,436
2016,202,434
2016,203,433
2016,204,434
2016,205,432
2016,206,433
2016,207,432
2016,208,433
2016,209,432
2016,210,432
2016,211,431
2016,212,431
2016,213,429
2016,214,429
2016,215,431
2016,216,431
2016,217,430
2016,218,431
2016,219,432
2016,220,431
2016,221,429
2016,222,429
2016,223,430
2016,224,431
2016,225,431
2016,226,430
2016,227,430
2016,228,431
2016,229,430
2016,230,430
2016,231,430
2016,232,429
2016,233,429
2016,234,429
2016,235,427
2016,236,427
2016,237,426
2016,238,425
2016,239,425
2016,240,426
2016,241,426
2016,242,425
2016,243,425
