Year,Julian Day,Rainfall,Runoff (Q),Potential Evapotranspiration (E0),Crop Transpiration (Etrans),Maximum Sublimation (Esoil),SoilWater/L1,SoilWater/L2,SoilWater/L3,Esoil/L1,Esoil/L2,Esoil/L3,Perc/L1,Perc/L2,Perc/L3,Temp/L1,Temp/L2,Temp/L3,Surface Temp,Sediment Yield
,,mm,mm,mm d^-1,mm H2O,mm H2O,mm,mm,mm,mm H2O,mm H2O,mm H2O,mm H2O,mm H2O,mm H2O,C,C,C,C,metric tons
1,274,1.02,0.0,1.34,0.0,1.34,45.0,255.0,300.0,1.308,0.032,0.0,0.0,0.0,0.0,11.281,9.545,7.832,8.527,0.0
1,275,0.0,0.0,1.575,0.0,1.575,44.708,254.968,300.0,1.5,0.038,0.0,0.0,0.0,0.0,11.087,9.387,7.756,10.596,0.0
1,276,0.0,0.0,1.51,0.0,1.51,43.208,254.93,300.0,1.269,0.036,0.0,0.0,0.0,0.0,11.668,9.656,7.807,14.581,0.0
1,277,25.65,2.24,1.355,0.0,1.355,41.939,254.894,300.0,1.025,0.032,0.0,0.0,0.0,0.0,11.799,9.693,7.797,12.774,0.15
1,278,0.0,0.0,1.173,0.0,1.173,64.328,254.862,300.0,1.145,0.028,0.0,18.974,0.0,0.0,10.898,9.18,7.636,7.323,0.0
1,279,0.0,0.0,0.985,0.0,0.985,44.209,273.807,300.0,0.9,0.024,0.0,0.0,8.115,0.0,10.038,8.695,7.486,6.568,0.0
1,280,0.0,0.0,1.109,0.0,1.109,43.309,265.669,308.115,0.94,0.027,0.0,0.0,4.603,3.093,9.602,8.443,7.404,7.939,0.0
1,281,0.0,0.0,1.168,0.0,1.168,42.369,261.039,309.624,0.916,0.028,0.0,0.0,2.606,3.669,9.672,8.464,7.401,10.205,0.0
1,282,0.0,0.0,1.23,0.0,1.23,41.453,258.405,308.561,0.893,0.029,0.0,0.0,1.469,3.264,9.955,8.604,7.433,11.436,0.0
1,283,0.0,0.0,0.681,0.0,0.681,40.56,256.906,306.767,0.459,0.016,0.0,0.0,0.823,2.58,8.7,7.921,7.236,3.406,0.0
1,284,2.79,0.0,0.703,0.0,0.703,40.101,256.068,305.01,0.456,0.017,0.0,0.0,0.461,1.91,7.708,7.381,7.08,3.473,0.0
1,285,5.33,0.0,0.585,0.0,0.585,42.439,255.59,303.561,0.461,0.014,0.0,0.0,0.255,1.357,6.236,6.584,6.853,-0.209,0.0
1,286,0.0,0.0,0.388,0.0,0.388,47.312,255.321,302.458,0.379,0.009,0.0,2.269,0.139,0.937,4.708,5.76,6.62,-2.107,0.0
1,287,0.71,0.0,0.443,0.0,0.443,44.664,257.443,301.66,0.42,0.011,0.0,0.0,1.054,0.633,3.913,5.329,6.497,0.211,0.0
1,288,0.2,0.0,0.629,0.0,0.629,44.949,256.378,302.081,0.611,0.015,0.0,0.0,0.595,0.793,3.315,5.005,6.404,0.418,0.0
1,289,0.0,0.0,0.922,0.0,0.922,44.539,255.768,301.882,0.866,0.022,0.0,0.0,0.332,0.718,3.372,5.033,6.41,3.318,0.0
1,290,22.35,1.37,0.325,0.0,0.325,43.673,255.415,301.496,0.284,0.008,0.0,0.0,0.179,0.57,3.969,5.352,6.499,6.311,0.087
1,291,0.25,0.0,0.651,0.0,0.651,64.366,255.228,301.105,0.635,0.016,0.0,19.012,0.098,0.421,4.21,5.482,6.535,5.023,0.0
1,292,3.99,0.0,0.271,0.0,0.271,44.973,274.126,300.782,0.264,0.006,0.0,0.0,8.252,0.298,3.837,5.283,6.48,1.955,0.0
1,293,0.0,0.0,0.348,0.0,0.348,48.701,265.867,308.736,0.34,0.008,0.0,3.633,4.689,3.33,3.283,4.989,6.399,0.566,0.0
1,294,0.0,0.0,0.42,0.0,0.42,44.728,264.803,310.095,0.401,0.01,0.0,0.0,4.23,3.848,3.114,4.899,6.374,2.053,0.0
1,295,0.0,0.0,0.469,0.0,0.469,44.327,260.563,310.476,0.433,0.011,0.0,0.0,2.4,3.994,2.634,4.642,6.303,0.186,0.0
1,296,0.0,0.0,0.325,0.0,0.325,43.895,258.152,308.883,0.289,0.008,0.0,0.0,1.36,3.386,2.248,4.434,6.244,0.177,0.0
1,297,0.51,0.0,0.4,0.0,0.4,43.605,256.784,306.856,0.348,0.01,0.0,0.0,0.77,2.614,1.838,4.213,6.181,-0.367,0.0
1,298,0.36,0.0,0.505,0.0,0.505,43.766,256.005,305.012,0.445,0.012,0.0,0.0,0.433,1.911,1.648,4.109,6.151,0.379,0.0
1,299,0.0,0.0,0.593,0.0,0.593,43.684,255.559,303.535,0.519,0.014,0.0,0.0,0.241,1.348,1.81,4.193,6.173,2.077,0.0
1,300,0.0,0.0,0.441,0.0,0.441,43.165,255.304,302.429,0.369,0.011,0.0,0.0,0.131,0.926,1.825,4.199,6.174,1.464,0.0
1,301,0.0,0.0,0.719,0.0,0.719,42.796,255.162,301.634,0.584,0.017,0.0,0.0,0.07,0.623,2.143,4.368,6.22,3.119,0.0
1,302,0.0,0.0,0.576,0.0,0.576,42.212,255.075,301.081,0.446,0.014,0.0,0.0,0.032,0.412,2.203,4.399,6.228,2.067,0.0
1,303,0.0,0.0,0.6,0.0,0.6,41.766,255.029,300.701,0.447,0.014,0.0,0.0,0.012,0.267,2.319,4.459,6.244,2.431,0.0
1,304,0.0,0.0,0.752,0.0,0.752,41.319,255.002,300.446,0.54,0.018,0.0,0.0,0.001,0.17,2.777,4.705,6.313,4.417,0.0
1,305,0.0,0.0,0.301,0.0,0.301,40.779,254.983,300.277,0.207,0.007,0.0,0.0,0.0,0.106,2.218,4.402,6.227,-0.601,0.0
1,306,0.0,0.0,0.322,0.0,0.322,40.572,254.976,300.171,0.217,0.008,0.0,0.0,0.0,0.065,1.678,4.11,6.144,-1.102,0.0
1,307,0.0,0.0,0.276,0.0,0.276,40.355,254.968,300.106,0.183,0.007,0.0,0.0,0.0,0.04,1.031,3.761,6.044,-2.267,0.0
1,308,0.0,0.0,0.308,0.0,0.308,40.172,254.962,300.066,0.201,0.007,0.0,0.0,0.0,0.025,0.729,3.597,5.998,-1.102,0.0
1,309,0.0,0.0,0.35,0.0,0.35,39.971,254.954,300.041,0.225,0.008,0.0,0.0,0.0,0.015,0.854,3.664,6.016,0.888,0.0
1,310,0.0,0.0,0.571,0.0,0.571,39.746,254.946,300.025,0.36,0.014,0.0,0.0,0.0,0.01,1.408,3.962,6.1,3.348,0.0
1,311,0.0,0.0,0.492,0.0,0.492,39.387,254.932,300.016,0.301,0.012,0.0,0.0,0.0,0.006,1.913,4.233,6.176,3.679,0.0
1,312,0.51,0.0,0.366,0.0,0.366,39.086,254.92,300.01,0.218,0.009,0.0,0.0,0.0,0.004,2.6,4.603,6.281,5.215,0.0
1,313,0.0,0.0,0.695,0.0,0.695,39.376,254.912,300.006,0.425,0.017,0.0,0.0,0.0,0.002,3.551,5.115,6.425,7.389,0.0
1,314,0.18,0.0,0.479,0.0,0.479,38.951,254.895,300.004,0.282,0.011,0.0,0.0,0.0,0.001,3.63,5.157,6.437,3.697,0.0
1,315,0.0,0.0,0.172,0.0,0.172,38.85,254.883,300.002,0.101,0.004,0.0,0.0,0.0,0.001,2.951,4.791,6.333,-0.325,0.0
1,316,0.0,0.0,0.236,0.0,0.236,38.75,254.879,300.001,0.137,0.006,0.0,0.0,0.0,0.001,2.234,4.404,6.224,-1.269,0.0
1,317,0.0,0.0,0.272,0.0,0.272,38.613,254.874,300.001,0.156,0.007,0.0,0.0,0.0,0.0,1.83,4.186,6.162,-0.349,0.0
1,318,1.41,0.0,0.114,0.0,0.114,38.457,254.867,300.001,0.064,0.003,0.0,0.0,0.0,0.0,1.609,4.066,6.128,0.204,0.0
1,319,0.0,0.0,0.167,0.0,0.167,39.803,254.864,300.0,0.106,0.004,0.0,0.0,0.0,0.0,1.4,3.954,6.096,0.035,0.0
1,320,4.23,0.66,0.311,0.0,0.311,39.698,254.86,300.0,0.195,0.007,0.0,0.0,0.0,0.0,1.372,3.939,6.092,0.782,0.038
1,321,0.0,0.0,0.229,0.0,0.229,43.078,254.853,300.0,0.19,0.005,0.0,0.0,0.0,0.0,1.205,3.85,6.067,0.003,0.0
1,322,0.0,0.0,0.288,0.0,0.288,42.887,254.848,300.0,0.236,0.007,0.0,0.0,0.0,0.0,1.024,3.753,6.04,-0.258,0.0
1,323,0.0,0.0,0.217,0.0,0.217,42.651,254.841,300.0,0.174,0.005,0.0,0.0,0.0,0.0,0.872,3.672,6.018,-0.297,0.0
1,324,0.0,0.0,0.25,0.0,0.25,42.477,254.835,300.0,0.198,0.006,0.0,0.0,0.0,0.0,0.773,3.619,6.003,-0.17,0.0
1,325,2.12,0.03,0.316,0.0,0.316,42.28,254.829,300.0,0.246,0.008,0.0,0.0,0.0,0.0,0.791,3.629,6.006,0.35,0.001
1,326,3.31,0.32,0.428,0.0,0.428,44.116,254.822,300.0,0.388,0.01,0.0,0.0,0.0,0.0,1.108,3.8,6.054,1.993,0.017
1,327,0.0,0.0,0.342,0.0,0.342,46.716,254.812,300.0,0.334,0.008,0.0,1.685,0.0,0.0,1.346,3.929,6.091,1.907,0.0
1,328,0.0,0.0,0.448,0.0,0.448,44.698,256.488,300.0,0.426,0.011,0.0,0.0,0.642,0.0,1.678,4.108,6.142,2.676,0.0
1,329,0.0,0.0,0.429,0.0,0.429,44.271,255.835,300.642,0.394,0.01,0.0,0.0,0.36,0.245,2.043,4.305,6.198,3.215,0.0
1,330,0.0,0.0,0.334,0.0,0.334,43.877,255.465,300.758,0.297,0.008,0.0,0.0,0.2,0.289,2.273,4.429,6.233,2.879,0.0
1,331,10.16,0.0,0.17,0.0,0.17,43.58,255.256,300.669,0.147,0.004,0.0,0.0,0.111,0.255,2.459,4.529,6.261,2.888,0.0
1,332,5.33,0.0,0.184,0.0,0.184,53.593,255.142,300.525,0.18,0.004,0.0,8.436,0.061,0.2,2.462,4.533,6.263,2.096,0.0
1,333,6.6,0.0,0.394,0.0,0.394,50.312,263.512,300.386,0.385,0.009,0.0,5.215,3.673,0.147,2.711,4.669,6.303,3.435,0.0
1,334,0.0,0.0,0.232,0.0,0.232,51.317,265.044,303.911,0.226,0.006,0.0,6.201,4.334,1.491,1.996,4.291,6.2,-1.528,0.0
1,335,0.0,0.0,0.094,0.0,0.094,44.889,266.906,306.754,0.091,0.002,0.0,0.0,5.137,2.575,0.889,3.703,6.038,-4.433,0.0
1,336,0.0,0.0,0.174,0.0,0.174,44.798,261.767,309.316,0.167,0.004,0.0,0.0,2.92,3.552,0.206,3.339,5.937,-3.329,0.0
1,337,0.51,0.0,0.098,0.0,0.098,44.631,258.843,308.684,0.093,0.002,0.0,0.0,1.658,3.311,-0.566,2.926,5.822,-4.55,0.0
1,338,0.0,0.0,0.079,0.0,0.079,45.047,257.182,307.032,0.077,0.002,0.0,0.046,0.942,2.681,-1.302,2.53,5.711,-5.192,0.0
1,339,0.0,0.0,0.078,0.0,0.078,44.924,256.285,305.293,0.076,0.002,0.0,0.0,0.554,2.018,-2.123,2.088,5.586,-6.445,0.0
1,340,0.0,0.0,0.168,0.0,0.168,44.848,255.728,303.829,0.162,0.004,0.0,0.0,0.314,1.46,-2.486,1.891,5.529,-4.857,0.0
1,341,0.0,0.0,0.108,0.0,0.108,44.686,255.41,302.684,0.103,0.003,0.0,0.0,0.177,1.023,-2.935,1.647,5.459,-5.713,0.0
1,342,0.0,0.0,0.044,0.0,0.044,44.584,255.231,301.838,0.041,0.001,0.0,0.0,0.099,0.701,-3.528,1.326,5.368,-6.977,0.0
1,343,0.0,0.0,0.144,0.0,0.144,44.542,255.13,301.237,0.135,0.003,0.0,0.0,0.056,0.471,-3.564,1.304,5.361,-4.603,0.0
1,344,0.0,0.0,0.255,0.0,0.255,44.407,255.07,300.821,0.237,0.006,0.0,0.0,0.03,0.313,-2.976,1.618,5.448,-1.259,0.0
1,345,1.41,0.0,0.31,0.0,0.31,44.17,255.034,300.539,0.282,0.007,0.0,0.0,0.015,0.205,-2.269,1.996,5.553,0.021,0.0
1,346,5.29,1.22,0.221,0.0,0.221,45.299,255.012,300.348,0.216,0.005,0.0,0.293,0.005,0.133,-1.793,2.251,5.624,-0.459,0.076
1,347,9.22,3.86,0.264,0.0,0.264,48.867,255.295,300.22,0.258,0.006,0.0,3.796,0.127,0.084,-1.166,2.588,5.719,0.869,0.277
1,348,0.25,0.0,0.185,0.0,0.185,50.178,258.957,300.264,0.181,0.004,0.0,5.083,1.708,0.1,-0.775,2.799,5.779,0.267,0.0
1,349,0.0,0.0,0.282,0.0,0.282,45.168,262.329,301.871,0.275,0.007,0.0,0.165,3.162,0.713,-0.184,3.118,5.869,1.781,0.0
1,350,0.0,0.0,0.145,0.0,0.145,44.728,259.325,304.32,0.138,0.003,0.0,0.0,1.866,1.647,-0.07,3.18,5.887,-0.169,0.0
1,351,0.0,0.0,0.22,0.0,0.22,44.589,257.455,304.539,0.208,0.005,0.0,0.0,1.059,1.73,0.112,3.278,5.914,0.327,0.0
1,352,0.0,0.0,0.193,0.0,0.193,44.382,256.391,303.868,0.179,0.005,0.0,0.0,0.6,1.475,-0.009,3.212,5.896,-1.12,0.0
1,353,0.0,0.0,0.189,0.0,0.189,44.203,255.786,302.993,0.173,0.005,0.0,0.0,0.339,1.141,-0.238,3.089,5.861,-1.833,0.0
1,354,0.0,0.0,0.293,0.0,0.293,44.03,255.442,302.191,0.264,0.007,0.0,0.0,0.191,0.835,-0.275,3.067,5.854,-1.044,0.0
1,355,1.27,0.0,0.197,0.0,0.197,43.767,255.244,301.547,0.173,0.005,0.0,0.0,0.105,0.59,-0.1,3.16,5.88,0.068,0.0
1,356,12.19,6.16,0.086,0.0,0.086,44.863,255.134,301.063,0.083,0.002,0.0,0.0,0.058,0.405,0.03,3.229,5.899,0.012,0.467
1,357,22.8,15.7,0.104,0.0,0.104,50.815,255.074,300.715,0.102,0.002,0.0,5.709,0.032,0.273,0.154,3.297,5.918,0.119,1.328
1,358,0.0,0.0,0.191,0.0,0.191,52.108,260.748,300.475,0.186,0.005,0.0,6.978,2.48,0.181,-0.069,3.181,5.887,-1.627,0.0
1,359,0.0,0.0,0.28,0.0,0.28,44.944,265.242,302.774,0.272,0.007,0.0,0.0,4.419,1.058,-0.18,3.124,5.872,-1.263,0.0
1,360,0.0,0.0,0.114,0.0,0.114,44.672,260.816,306.136,0.108,0.003,0.0,0.0,2.509,2.339,-0.424,2.994,5.837,-2.11,0.0
1,361,0.0,0.0,0.122,0.0,0.122,44.564,258.304,306.306,0.115,0.003,0.0,0.0,1.425,2.404,-0.671,2.862,5.8,-2.384,0.0
1,362,0.0,0.0,0.168,0.0,0.168,44.449,256.875,305.328,0.157,0.004,0.0,0.0,0.809,2.031,-0.608,2.895,5.809,-0.972,0.0
1,363,0.0,0.0,0.12,0.0,0.12,44.292,256.062,304.106,0.11,0.003,0.0,0.0,0.458,1.565,-0.454,2.977,5.832,-0.405,0.0
1,364,1.26,0.0,0.081,0.0,0.081,44.182,255.601,302.999,0.074,0.002,0.0,0.0,0.259,1.143,-0.311,3.052,5.852,-0.304,0.0
1,365,4.15,0.66,0.12,0.0,0.12,45.363,255.34,302.115,0.117,0.003,0.0,0.357,0.147,0.806,-0.084,3.173,5.885,0.31,0.038
2,1,15.18,8.77,0.164,0.0,0.164,48.377,255.547,301.455,0.16,0.004,0.0,3.316,0.236,0.555,0.072,3.256,5.908,0.171,0.693
2,2,0.0,0.0,0.203,0.0,0.203,51.314,258.623,301.136,0.198,0.005,0.0,6.199,1.563,0.433,-0.023,3.207,5.895,-1.027,0.0
2,3,0.0,0.0,0.278,0.0,0.278,44.918,263.253,302.266,0.269,0.007,0.0,0.0,3.561,0.864,-0.033,3.203,5.895,-0.662,0.0
2,4,6.35,1.91,0.337,0.0,0.337,44.648,259.686,304.963,0.319,0.008,0.0,0.0,2.022,1.892,0.27,3.365,5.94,1.017,0.126
2,5,0.62,0.0,0.248,0.0,0.248,48.772,257.656,305.093,0.242,0.006,0.0,3.703,1.146,1.942,0.681,3.587,6.003,1.937,0.0
2,6,0.0,0.0,0.242,0.0,0.242,45.45,260.207,304.297,0.236,0.006,0.0,0.442,2.247,1.638,0.878,3.692,6.032,1.217,0.0
2,7,0.0,0.0,0.191,0.0,0.191,44.772,258.397,304.906,0.183,0.005,0.0,0.0,1.465,1.87,0.707,3.6,6.007,-0.561,0.0
2,8,0.0,0.0,0.276,0.0,0.276,44.589,256.926,304.501,0.26,0.007,0.0,0.0,0.831,1.716,0.392,3.431,5.959,-1.525,0.0
2,9,0.0,0.0,0.23,0.0,0.23,44.329,256.089,303.616,0.212,0.006,0.0,0.0,0.47,1.379,-0.033,3.202,5.894,-2.459,0.0
2,10,0.0,0.0,0.14,0.0,0.14,44.117,255.613,302.707,0.127,0.003,0.0,0.0,0.265,1.032,-0.785,2.796,5.779,-4.697,0.0
2,11,0.0,0.0,0.242,0.0,0.242,43.99,255.345,301.94,0.217,0.006,0.0,0.0,0.149,0.74,-1.088,2.632,5.732,-3.079,0.0
2,12,0.36,0.0,0.304,0.0,0.304,43.772,255.191,301.349,0.268,0.007,0.0,0.0,0.082,0.514,-0.792,2.789,5.776,-0.156,0.0
2,13,0.0,0.0,0.166,0.0,0.166,43.867,255.101,300.917,0.147,0.004,0.0,0.0,0.044,0.35,-1.282,2.525,5.701,-4.095,0.0
2,14,0.0,0.0,0.102,0.0,0.102,43.72,255.053,300.611,0.089,0.002,0.0,0.0,0.023,0.233,-1.917,2.182,5.603,-5.414,0.0
2,15,0.0,0.0,0.136,0.0,0.136,43.631,255.028,300.401,0.118,0.003,0.0,0.0,0.012,0.153,-2.337,1.954,5.539,-4.938,0.0
2,16,0.0,0.0,0.095,0.0,0.095,43.512,255.013,300.26,0.082,0.002,0.0,0.0,0.005,0.099,-3.044,1.573,5.431,-6.945,0.0
2,17,0.0,0.0,0.052,0.0,0.052,43.43,255.005,300.167,0.045,0.001,0.0,0.0,0.002,0.063,-3.858,1.134,5.307,-8.291,0.0
2,18,0.0,0.0,0.114,0.0,0.114,43.386,255.002,300.105,0.097,0.003,0.0,0.0,0.001,0.04,-4.388,0.848,5.226,-7.64,0.0
2,19,0.0,0.0,0.138,0.0,0.138,43.288,254.998,300.066,0.117,0.003,0.0,0.0,0.0,0.025,-4.305,0.892,5.238,-4.887,0.0
2,20,0.0,0.0,0.071,0.0,0.071,43.172,254.995,300.041,0.06,0.002,0.0,0.0,0.0,0.016,-4.785,0.633,5.164,-7.851,0.0
2,21,0.0,0.0,0.102,0.0,0.102,43.112,254.993,300.025,0.085,0.002,0.0,0.0,0.0,0.01,-4.944,0.547,5.14,-6.629,0.0
2,22,0.0,0.0,0.119,0.0,0.119,43.027,254.991,300.016,0.099,0.003,0.0,0.0,0.0,0.006,-4.839,0.603,5.155,-5.369,0.0
2,23,0.0,0.0,0.156,0.0,0.156,42.929,254.988,300.01,0.128,0.004,0.0,0.0,0.0,0.004,-4.653,0.703,5.183,-4.817,0.0
2,24,0.0,0.0,0.177,0.0,0.177,42.8,254.984,300.006,0.144,0.004,0.0,0.0,0.0,0.002,-4.517,0.776,5.204,-4.888,0.0
2,25,0.0,0.0,0.159,0.0,0.159,42.657,254.98,300.004,0.128,0.004,0.0,0.0,0.0,0.001,-4.519,0.774,5.203,-5.49,0.0
2,26,0.0,0.0,0.156,0.0,0.156,42.529,254.976,300.002,0.124,0.004,0.0,0.0,0.0,0.001,-4.559,0.752,5.197,-5.696,0.0
2,27,0.0,0.0,0.379,0.0,0.379,42.405,254.972,300.001,0.298,0.009,0.0,0.0,0.0,0.001,-3.824,1.147,5.308,-1.54,0.0
2,28,0.0,0.0,0.185,0.0,0.185,42.107,254.963,300.001,0.142,0.004,0.0,0.0,0.0,0.0,-3.899,1.106,5.296,-5.133,0.0
2,29,0.0,0.0,0.097,0.0,0.097,41.965,254.959,300.001,0.074,0.002,0.0,0.0,0.0,0.0,-4.386,0.844,5.222,-7.443,0.0
2,30,0.0,0.0,0.125,0.0,0.125,41.892,254.956,300.0,0.094,0.003,0.0,0.0,0.0,0.0,-4.744,0.651,5.167,-7.278,0.0
2,31,0.0,0.0,0.074,0.0,0.074,41.798,254.953,300.0,0.055,0.002,0.0,0.0,0.0,0.0,-5.289,0.357,5.084,-8.676,0.0
2,32,0.0,0.0,0.068,0.0,0.068,41.742,254.952,300.0,0.051,0.002,0.0,0.0,0.0,0.0,-5.785,0.09,5.008,-8.998,0.0
2,33,0.0,0.0,0.056,0.0,0.056,41.692,254.95,300.0,0.041,0.001,0.0,0.0,0.0,0.0,-6.3,-0.188,4.93,-9.645,0.0
2,34,0.0,0.0,0.001,0.0,0.001,41.65,254.949,300.0,0.001,0.0,0.0,0.0,0.0,0.0,-7.101,-0.62,4.808,-11.748,0.0
2,35,0.0,0.0,0.001,0.0,0.001,41.649,254.949,300.0,0.001,0.0,0.0,0.0,0.0,0.0,-8.362,-1.299,4.616,-15.112,0.0
2,36,0.0,0.0,0.001,0.0,0.001,41.649,254.949,300.0,0.001,0.0,0.0,0.0,0.0,0.0,-9.649,-1.992,4.421,-16.615,0.0
2,37,0.0,0.0,0.001,0.0,0.001,41.648,254.949,300.0,0.001,0.0,0.0,0.0,0.0,0.0,-10.527,-2.465,4.287,-15.795,0.0
2,38,0.0,0.0,0.001,0.0,0.001,41.647,254.949,300.0,0.001,0.0,0.0,0.0,0.0,0.0,-10.824,-2.625,4.242,-13.603,0.0
2,39,0.0,0.0,0.022,0.0,0.022,41.646,254.949,300.0,0.016,0.001,0.0,0.0,0.0,0.0,-10.747,-2.584,4.254,-11.896,0.0
2,40,0.0,0.0,0.051,0.0,0.051,41.63,254.948,300.0,0.038,0.001,0.0,0.0,0.0,0.0,-10.639,-2.525,4.27,-11.639,0.0
2,41,0.0,0.0,0.03,0.0,0.03,41.593,254.947,300.0,0.022,0.001,0.0,0.0,0.0,0.0,-10.49,-2.446,4.292,-11.308,0.0
2,42,0.0,0.0,0.031,0.0,0.031,41.571,254.946,300.0,0.023,0.001,0.0,0.0,0.0,0.0,-10.449,-2.423,4.299,-11.727,0.0
2,43,0.0,0.0,0.178,0.0,0.178,41.548,254.945,300.0,0.13,0.004,0.0,0.0,0.0,0.0,-9.913,-2.135,4.38,-9.001,0.0
2,44,0.0,0.0,0.154,0.0,0.154,41.418,254.941,300.0,0.112,0.004,0.0,0.0,0.0,0.0,-9.222,-1.763,4.485,-7.58,0.0
2,45,0.0,0.0,0.079,0.0,0.079,41.306,254.937,300.0,0.057,0.002,0.0,0.0,0.0,0.0,-9.061,-1.676,4.509,-9.701,0.0
2,46,0.0,0.0,0.089,0.0,0.089,41.249,254.936,300.0,0.064,0.002,0.0,0.0,0.0,0.0,-9.048,-1.67,4.511,-10.332,0.0
2,47,0.0,0.0,0.088,0.0,0.088,41.186,254.933,300.0,0.063,0.002,0.0,0.0,0.0,0.0,-9.15,-1.725,4.495,-10.939,0.0
2,48,0.0,0.0,0.175,0.0,0.175,41.123,254.931,300.0,0.124,0.004,0.0,0.0,0.0,0.0,-9.071,-1.683,4.507,-10.071,0.0
2,49,0.0,0.0,0.228,0.0,0.228,41.0,254.927,300.0,0.159,0.005,0.0,0.0,0.0,0.0,-8.492,-1.371,4.595,-7.275,0.0
2,50,0.0,0.0,0.176,0.0,0.176,40.84,254.922,300.0,0.121,0.004,0.0,0.0,0.0,0.0,-8.083,-1.151,4.657,-7.569,0.0
2,51,0.0,0.0,0.549,0.0,0.549,40.719,254.917,300.0,0.375,0.013,0.0,0.0,0.0,0.0,-6.882,-0.505,4.839,-2.833,0.0
2,52,0.0,0.0,0.536,0.0,0.536,40.344,254.904,300.0,0.355,0.013,0.0,0.0,0.0,0.0,-5.58,0.197,5.037,-0.983,0.0
2,53,7.06,2.23,0.751,0.0,0.751,39.989,254.891,300.0,0.483,0.018,0.0,0.0,0.0,0.0,-4.075,1.007,5.265,1.529,0.149
2,54,0.0,0.0,0.388,0.0,0.388,44.334,254.873,300.0,0.358,0.009,0.0,0.0,0.0,0.0,-3.566,1.283,5.344,-2.241,0.0
2,55,0.0,0.0,0.246,0.0,0.246,43.976,254.864,300.0,0.22,0.006,0.0,0.0,0.0,0.0,-3.459,1.341,5.361,-3.87,0.0
2,56,0.0,0.0,0.225,0.0,0.225,43.756,254.858,300.0,0.198,0.005,0.0,0.0,0.0,0.0,-3.425,1.36,5.367,-4.144,0.0
2,57,0.0,0.0,0.254,0.0,0.254,43.558,254.853,300.0,0.22,0.006,0.0,0.0,0.0,0.0,-3.126,1.522,5.413,-2.676,0.0
2,58,0.0,0.0,0.285,0.0,0.285,43.338,254.847,300.0,0.242,0.007,0.0,0.0,0.0,0.0,-2.902,1.643,5.447,-2.754,0.0
2,59,0.0,0.0,0.345,0.0,0.345,43.096,254.84,300.0,0.287,0.008,0.0,0.0,0.0,0.0,-2.641,1.783,5.487,-2.313,0.0
2,60,0.0,0.0,0.314,0.0,0.314,42.808,254.832,300.0,0.255,0.008,0.0,0.0,0.0,0.0,-2.279,1.978,5.541,-1.486,0.0
2,61,0.0,0.0,0.164,0.0,0.164,42.553,254.824,300.0,0.131,0.004,0.0,0.0,0.0,0.0,-2.092,2.079,5.57,-2.036,0.0
2,62,0.0,0.0,0.422,0.0,0.422,42.422,254.82,300.0,0.332,0.01,0.0,0.0,0.0,0.0,-2.226,2.006,5.549,-3.573,0.0
2,63,0.0,0.0,0.221,0.0,0.221,42.09,254.81,300.0,0.169,0.005,0.0,0.0,0.0,0.0,-2.992,1.594,5.433,-7.144,0.0
2,64,0.0,0.0,0.361,0.0,0.361,41.921,254.805,300.0,0.273,0.009,0.0,0.0,0.0,0.0,-3.33,1.412,5.381,-5.655,0.0
2,65,0.0,0.0,0.189,0.0,0.189,41.648,254.796,300.0,0.14,0.005,0.0,0.0,0.0,0.0,-4.441,0.813,5.212,-10.21,0.0
2,66,0.0,0.0,0.126,0.0,0.126,41.509,254.792,300.0,0.092,0.003,0.0,0.0,0.0,0.0,-5.463,0.262,5.056,-10.937,0.0
2,67,0.0,0.0,0.242,0.0,0.242,41.417,254.789,300.0,0.175,0.006,0.0,0.0,0.0,0.0,-5.932,0.009,4.985,-9.041,0.0
2,68,0.0,0.0,0.375,0.0,0.375,41.242,254.783,300.0,0.268,0.009,0.0,0.0,0.0,0.0,-5.791,0.085,5.006,-6.244,0.0
2,69,6.35,1.79,0.84,0.0,0.84,40.974,254.774,300.0,0.586,0.02,0.0,0.0,0.0,0.0,-4.387,0.841,5.219,0.751,0.117
2,70,0.0,0.0,0.797,0.0,0.797,44.947,254.754,300.0,0.774,0.019,0.0,0.0,0.0,0.0,-3.378,1.385,5.373,0.129,0.0
2,71,47.7,39.45,0.843,0.0,0.843,44.173,254.735,300.0,0.768,0.02,0.0,0.0,0.0,0.0,-2.485,1.866,5.509,0.595,3.659
2,72,3.23,0.31,0.814,0.0,0.814,51.655,254.715,300.0,0.794,0.019,0.0,6.533,0.0,0.0,-1.069,2.629,5.725,4.398,0.017
2,73,0.0,0.0,1.177,0.0,1.177,47.239,261.229,300.0,1.149,0.028,0.0,2.198,2.687,0.0,0.587,3.52,5.976,7.232,0.0
2,74,0.0,0.0,0.68,0.0,0.68,43.892,260.711,302.687,0.605,0.016,0.0,0.0,2.464,1.024,0.878,3.679,6.022,1.628,0.0
2,75,0.0,0.0,0.454,0.0,0.454,43.287,258.231,304.127,0.384,0.011,0.0,0.0,1.394,1.573,0.249,3.343,5.929,-3.044,0.0
2,76,0.0,0.0,0.524,0.0,0.524,42.903,256.826,303.948,0.429,0.013,0.0,0.0,0.788,1.505,-0.225,3.09,5.858,-2.884,0.0
2,77,0.0,0.0,0.583,0.0,0.583,42.473,256.025,303.231,0.461,0.014,0.0,0.0,0.442,1.232,-0.34,3.028,5.841,-1.449,0.0
2,78,0.0,0.0,0.643,0.0,0.643,42.012,255.569,302.441,0.489,0.015,0.0,0.0,0.246,0.931,-0.245,3.079,5.855,-0.438,0.0
2,79,0.0,0.0,0.832,0.0,0.832,41.523,255.308,301.756,0.608,0.02,0.0,0.0,0.133,0.67,-0.14,3.135,5.87,-0.275,0.0
2,80,0.0,0.0,0.684,0.0,0.684,40.915,255.155,301.22,0.475,0.016,0.0,0.0,0.067,0.465,-0.368,3.01,5.834,-1.973,0.0
2,81,15.39,8.78,1.209,0.0,1.209,40.44,255.072,300.822,0.807,0.029,0.0,0.0,0.031,0.313,0.773,3.624,6.007,5.206,0.694
2,82,0.0,0.0,1.104,0.0,1.104,46.239,255.012,300.539,1.078,0.026,0.0,1.216,0.005,0.206,1.773,4.162,6.158,5.675,0.0
2,83,0.0,0.0,1.345,0.0,1.345,43.945,256.197,300.339,1.202,0.032,0.0,0.0,0.516,0.129,2.929,4.783,6.333,7.606,0.0
2,84,2.79,0.0,1.24,0.0,1.24,42.743,255.648,300.726,1.003,0.03,0.0,0.0,0.28,0.277,4.243,5.49,6.532,9.71,0.0
2,85,2.54,0.0,1.9,0.0,1.9,44.534,255.339,300.729,1.784,0.046,0.0,0.0,0.146,0.278,6.293,6.592,6.842,15.129,0.0
2,86,0.0,0.0,2.035,0.0,2.035,45.29,255.147,300.597,1.986,0.049,0.0,0.285,0.063,0.228,8.146,7.588,7.122,16.282,0.0
2,87,0.51,0.0,1.27,0.0,1.27,43.019,255.32,300.433,1.051,0.03,0.0,0.0,0.138,0.165,8.484,7.77,7.173,10.077,0.0
2,88,0.0,0.0,0.59,0.0,0.59,42.476,255.151,300.406,0.467,0.014,0.0,0.0,0.065,0.155,7.931,7.472,7.09,5.617,0.0
2,89,0.0,0.0,0.9,0.0,0.9,42.01,255.072,300.316,0.685,0.022,0.0,0.0,0.031,0.121,7.657,7.325,7.048,6.528,0.0
2,90,3.56,0.0,0.726,0.0,0.726,41.325,255.019,300.227,0.522,0.017,0.0,0.0,0.008,0.086,7.138,7.046,6.969,4.904,0.0
2,91,18.8,0.58,0.78,0.0,0.78,44.359,254.994,300.149,0.722,0.019,0.0,0.0,0.0,0.057,6.85,6.891,6.926,5.595,0.033
2,92,4.32,0.0,0.632,0.0,0.632,61.849,254.975,300.092,0.617,0.015,0.0,16.54,0.0,0.035,6.385,6.643,6.857,4.317,0.0
2,93,0.25,0.0,0.873,0.0,0.873,49.01,271.5,300.057,0.852,0.021,0.0,3.936,7.119,0.022,6.25,6.571,6.837,5.606,0.0
2,94,3.56,0.0,0.823,0.0,0.823,44.475,268.296,307.155,0.769,0.02,0.0,0.0,5.737,2.727,5.086,5.951,6.666,-0.122,0.0
2,95,0.0,0.0,0.405,0.0,0.405,47.262,262.539,310.164,0.395,0.01,0.0,2.221,3.253,3.875,3.145,4.916,6.379,-5.6,0.0
2,96,0.0,0.0,0.686,0.0,0.686,44.646,261.498,309.542,0.65,0.016,0.0,0.0,2.804,3.638,1.897,4.249,6.194,-3.946,0.0
2,97,0.0,0.0,0.478,0.0,0.478,43.996,258.678,308.708,0.429,0.011,0.0,0.0,1.587,3.32,0.607,3.557,6.0,-5.528,0.0
2,98,0.0,0.0,0.43,0.0,0.43,43.567,257.079,306.975,0.372,0.01,0.0,0.0,0.897,2.659,-0.355,3.039,5.854,-5.143,0.0
2,99,0.0,0.0,0.782,0.0,0.782,43.195,256.172,305.213,0.657,0.019,0.0,0.0,0.506,1.987,-0.546,2.934,5.823,-2.006,0.0
2,100,0.0,0.0,0.855,0.0,0.855,42.538,255.648,303.732,0.68,0.02,0.0,0.0,0.279,1.423,-0.435,2.991,5.837,-0.569,0.0
2,101,1.63,0.0,0.862,0.0,0.862,41.858,255.348,302.588,0.648,0.021,0.0,0.0,0.15,0.987,0.008,3.225,5.901,1.344,0.0
2,102,0.0,0.0,0.292,0.0,0.292,42.843,255.177,301.752,0.238,0.007,0.0,0.0,0.076,0.668,-0.227,3.096,5.864,-1.845,0.0
2,103,4.72,0.91,1.054,0.0,1.054,42.605,255.094,301.16,0.843,0.025,0.0,0.0,0.04,0.442,0.36,3.41,5.951,2.351,0.055
2,104,0.0,0.0,1.309,0.0,1.309,45.573,255.028,300.758,1.278,0.031,0.0,0.563,0.012,0.289,1.186,3.852,6.075,4.283,0.0
2,105,0.0,0.0,1.509,0.0,1.509,43.733,255.547,300.481,1.325,0.036,0.0,0.0,0.236,0.183,2.306,4.453,6.243,6.772,0.0
2,106,0.0,0.0,1.498,0.0,1.498,42.408,255.275,300.534,1.178,0.036,0.0,0.0,0.119,0.204,3.184,4.924,6.375,6.676,0.0
2,107,0.76,0.0,2.002,0.0,2.002,41.23,255.12,300.449,1.427,0.048,0.0,0.0,0.052,0.171,4.762,5.773,6.614,11.422,0.0
2,108,0.0,0.0,1.615,0.0,1.615,40.565,255.02,300.33,1.089,0.039,0.0,0.0,0.009,0.126,5.53,6.185,6.729,8.741,0.0
2,109,0.0,0.0,1.432,0.0,1.432,39.475,254.973,300.213,0.882,0.034,0.0,0.0,0.0,0.081,6.177,6.533,6.827,8.917,0.0
2,110,0.0,0.0,1.409,0.0,1.409,38.593,254.939,300.132,0.806,0.034,0.0,0.0,0.0,0.05,6.892,6.918,6.935,9.99,0.0
2,111,0.0,0.0,1.727,0.0,1.727,37.787,254.905,300.082,0.924,0.041,0.0,0.0,0.0,0.031,8.117,7.577,7.122,13.52,0.0
2,112,0.0,0.0,2.043,0.0,2.043,36.863,254.864,300.05,1.012,0.049,0.0,0.0,0.0,0.019,9.755,8.461,7.372,17.092,0.0
2,113,4.83,0.0,2.449,0.0,2.449,35.851,254.815,300.031,1.115,0.059,0.0,0.0,0.0,0.012,11.447,9.374,7.63,19.156,0.0
2,114,0.0,0.0,2.155,0.0,2.155,39.562,254.756,300.019,1.337,0.051,0.0,0.0,0.0,0.007,11.946,9.642,7.705,14.526,0.0
2,115,0.0,0.0,1.589,0.0,1.589,38.225,254.705,300.012,0.882,0.038,0.0,0.0,0.0,0.005,11.813,9.57,7.685,11.646,0.0
2,116,0.25,0.0,1.47,0.0,1.47,37.343,254.667,300.007,0.758,0.035,0.0,0.0,0.0,0.003,11.423,9.359,7.625,10.105,0.0
2,117,10.41,0.0,0.992,0.0,0.992,36.839,254.632,300.005,0.49,0.024,0.0,0.0,0.0,0.002,10.398,8.806,7.468,6.245,0.0
2,118,0.0,0.0,1.857,0.0,1.857,46.763,254.608,300.003,1.812,0.044,0.0,1.73,0.0,0.001,10.75,8.994,7.52,12.598,0.0
2,119,0.0,0.0,2.008,0.0,2.008,43.22,256.294,300.002,1.69,0.048,0.0,0.0,0.558,0.001,11.709,9.508,7.665,16.264,0.0
2,120,0.0,0.0,2.516,0.0,2.516,41.53,255.688,300.559,1.839,0.06,0.0,0.0,0.297,0.213,12.719,10.052,7.818,17.583,0.0
2,121,31.75,4.42,1.978,0.038,1.932,39.691,255.331,300.643,1.212,0.046,0.0,0.0,0.143,0.245,13.057,10.234,7.869,15.035,0.247
2,122,0.0,0.0,2.297,0.087,2.192,65.778,255.134,300.54,2.139,0.053,0.0,20.397,0.058,0.206,13.23,10.32,7.889,14.52,0.0
2,123,0.0,0.0,2.065,0.117,1.923,43.172,275.403,300.392,1.612,0.046,0.0,0.0,8.803,0.15,13.218,10.308,7.884,13.696,0.0
2,124,0.0,0.0,1.909,0.144,1.735,41.467,266.53,309.046,1.261,0.042,0.0,0.0,4.975,3.449,13.208,10.299,7.88,13.697,0.0
2,125,4.57,0.0,1.972,0.186,1.748,40.09,261.485,310.573,1.133,0.042,0.0,0.0,2.798,4.03,13.443,10.424,7.914,15.015,0.0
2,126,0.25,0.0,1.674,0.19,1.447,43.379,258.608,309.34,1.234,0.035,0.0,0.0,1.557,3.561,13.334,10.365,7.897,13.402,0.0
2,127,0.0,0.0,1.495,0.198,1.259,42.248,256.978,307.336,0.977,0.03,0.0,0.0,0.854,2.797,13.228,10.308,7.881,13.294,0.0
2,128,0.25,0.0,1.892,0.286,1.553,41.113,256.055,305.393,1.096,0.037,0.0,0.0,0.455,2.056,13.795,10.615,7.968,16.83,0.0
2,129,6.6,0.0,2.545,0.433,2.033,40.042,255.505,303.792,1.313,0.049,0.0,0.0,0.218,1.446,14.931,11.228,8.142,20.529,0.0
2,130,0.0,0.0,2.839,0.536,2.207,44.987,255.152,302.565,2.151,0.053,0.0,0.0,0.066,0.978,16.012,11.81,8.306,21.463,0.0
2,131,0.0,0.0,2.528,0.525,1.912,42.406,254.926,301.653,1.503,0.046,0.0,0.0,0.0,0.63,16.825,12.249,8.43,21.176,0.0
2,132,0.0,0.0,2.233,0.506,1.641,40.483,254.775,301.023,1.099,0.039,0.0,0.0,0.0,0.39,16.953,12.321,8.452,18.348,0.0
2,133,0.25,0.0,1.983,0.487,1.415,38.979,254.635,300.633,0.836,0.034,0.0,0.0,0.0,0.241,16.631,12.151,8.406,16.049,0.0
2,134,6.35,0.0,1.597,0.422,1.107,38.007,254.504,300.392,0.603,0.026,0.0,0.0,0.0,0.149,15.839,11.727,8.288,13.15,0.0
2,135,0.0,0.0,2.849,0.807,1.916,43.416,254.393,300.242,1.639,0.046,0.0,0.0,0.0,0.092,16.735,12.209,8.424,21.44,0.0
2,136,0.0,0.0,2.002,0.605,1.305,41.132,254.186,300.15,0.923,0.031,0.0,0.0,0.0,0.057,16.248,11.948,8.351,14.913,0.0
2,137,0.25,0.0,1.627,0.522,1.028,39.725,254.034,300.093,0.646,0.024,0.0,0.0,0.0,0.035,15.142,11.354,8.184,11.034,0.0
2,138,0.0,0.0,1.959,0.666,1.198,38.915,253.905,300.057,0.704,0.028,0.0,0.0,0.0,0.022,14.341,10.924,8.063,11.492,0.0
2,139,0.0,0.0,2.332,0.837,1.379,37.678,253.744,300.035,0.731,0.032,0.0,0.0,0.0,0.014,14.376,10.945,8.07,15.144,0.0
2,140,0.51,0.0,2.89,1.091,1.652,36.277,253.544,300.022,0.779,0.039,0.0,0.0,0.0,0.008,14.582,11.058,8.103,16.114,0.0
2,141,0.0,0.0,1.663,0.66,0.918,35.132,253.287,300.014,0.394,0.021,0.0,0.0,0.0,0.005,14.205,10.857,8.047,13.178,0.0
2,142,0.0,0.0,2.872,1.194,1.528,34.211,253.134,300.008,0.607,0.036,0.0,0.0,0.0,0.003,14.584,11.064,8.107,16.864,0.0
2,143,0.0,0.0,2.702,1.173,1.386,32.649,252.859,300.005,0.483,0.032,0.0,0.0,0.0,0.002,15.68,11.659,8.278,21.155,0.0
2,144,46.74,11.2,2.567,1.164,1.267,31.227,252.592,300.003,0.393,0.029,0.0,0.0,0.0,0.001,16.936,12.341,8.473,23.21,0.073
2,145,7.87,0.0,2.934,1.386,1.392,65.442,252.33,300.002,1.359,0.032,0.0,20.068,0.0,0.001,17.403,12.577,8.532,20.317,0.0
2,146,0.0,0.0,2.157,1.059,0.983,50.781,272.089,300.001,0.959,0.024,0.0,5.675,7.373,0.0,17.387,12.555,8.519,18.206,0.0
2,147,2.03,0.0,1.793,0.915,0.783,43.299,270.155,307.374,0.663,0.019,0.0,0.0,6.539,2.811,16.969,12.323,8.45,16.008,0.0
2,148,0.0,0.0,1.925,1.018,0.805,43.936,263.414,311.102,0.719,0.019,0.0,0.0,3.631,4.232,16.455,12.042,8.368,15.032,0.0
2,149,0.0,0.0,2.328,1.275,0.931,42.402,259.561,310.5,0.732,0.022,0.0,0.0,1.968,4.003,16.506,12.067,8.374,17.54,0.0
2,150,9.14,0.0,2.567,1.455,0.979,40.651,257.316,308.465,0.665,0.023,0.0,0.0,0.999,3.227,17.339,12.514,8.499,21.826,0.0
2,151,3.05,0.0,2.558,1.498,0.929,47.966,256.002,306.237,0.907,0.022,0.0,2.911,0.432,2.378,18.445,13.105,8.664,24.218,0.0
2,152,0.25,0.0,2.5,1.511,0.863,45.997,258.159,304.292,0.843,0.021,0.0,0.979,1.363,1.636,19.184,13.501,8.774,23.423,0.0
2,153,2.29,0.0,2.462,1.535,0.806,43.221,257.452,304.019,0.678,0.019,0.0,0.0,1.058,1.532,19.955,13.916,8.892,24.392,0.0
2,154,2.29,0.0,2.449,1.573,0.758,43.601,256.068,303.545,0.658,0.018,0.0,0.0,0.461,1.351,20.505,14.214,8.976,24.032,0.0
2,155,9.4,0.0,1.69,1.117,0.493,43.97,255.274,302.654,0.442,0.012,0.0,0.0,0.118,1.012,20.62,14.279,8.996,22.27,0.0
2,156,0.76,0.0,2.409,1.638,0.662,52.032,254.921,301.761,0.646,0.016,0.0,6.903,0.0,0.671,20.28,14.095,8.944,19.933,0.0
2,157,0.0,0.0,2.053,1.435,0.528,43.935,261.48,301.089,0.471,0.013,0.0,0.0,2.796,0.415,19.647,13.755,8.848,17.97,0.0
2,158,5.59,0.0,2.175,1.561,0.522,42.315,258.385,303.47,0.408,0.013,0.0,0.0,1.46,1.323,19.224,13.529,8.786,18.424,0.0
2,159,19.56,0.82,2.939,2.165,0.656,46.247,256.6,303.608,0.64,0.016,0.0,1.224,0.69,1.375,19.335,13.589,8.802,20.864,0.003
2,160,0.0,0.0,2.276,1.72,0.469,61.391,256.684,302.923,0.458,0.011,0.0,16.091,0.727,1.114,19.034,13.419,8.751,18.755,0.0
2,161,0.0,0.0,2.645,2.048,0.501,43.466,271.693,302.535,0.431,0.012,0.0,0.0,7.203,0.966,19.185,13.495,8.769,20.88,0.0
2,162,0.0,0.0,2.662,2.112,0.46,41.397,264.069,308.771,0.333,0.011,0.0,0.0,3.913,3.344,19.49,13.656,8.813,21.878,0.0
2,163,0.0,0.0,3.05,2.477,0.477,39.375,259.722,309.34,0.291,0.011,0.0,0.0,2.038,3.561,20.046,13.955,8.897,23.561,0.0
2,164,0.0,0.0,3.453,2.87,0.484,37.102,257.178,307.817,0.245,0.012,0.0,0.0,0.94,2.98,20.791,14.361,9.014,25.187,0.0
2,165,0.0,0.0,2.93,2.491,0.363,34.562,255.653,305.777,0.148,0.009,0.0,0.0,0.282,2.202,21.45,14.724,9.12,25.523,0.0
2,166,0.0,0.0,2.866,2.491,0.309,32.421,254.864,303.856,0.106,0.007,0.0,0.0,0.0,1.47,22.088,15.077,9.225,26.116,0.0
2,167,1.78,0.0,2.993,2.656,0.276,30.322,254.359,302.386,0.079,0.007,0.0,0.0,0.0,0.91,22.902,15.528,9.359,27.759,0.0
2,168,2.03,0.0,2.887,2.617,0.22,29.896,253.821,301.477,0.061,0.005,0.0,0.0,0.0,0.563,23.528,15.876,9.463,27.619,0.0
2,169,0.0,0.0,2.624,2.429,0.158,29.773,253.292,300.914,0.043,0.004,0.0,0.0,0.0,0.348,24.129,16.21,9.562,28.161,0.0
2,170,24.38,1.53,3.16,2.984,0.142,27.787,252.803,300.565,0.033,0.003,0.0,0.0,0.0,0.216,24.419,16.376,9.614,27.124,0.006
2,171,0.0,0.0,2.703,2.604,0.08,48.215,252.203,300.35,0.078,0.002,0.0,3.156,0.0,0.133,24.103,16.198,9.56,24.174,0.0
2,172,0.0,0.0,3.065,3.01,0.044,42.898,254.836,300.216,0.036,0.001,0.0,0.0,0.0,0.083,24.111,16.198,9.558,25.584,0.0
2,173,0.0,0.0,2.768,2.768,0.0,40.454,254.233,300.134,0.0,0.0,0.0,0.0,0.0,0.051,23.868,16.066,9.52,24.232,0.0
2,174,0.0,0.0,2.896,2.896,0.0,38.239,253.68,300.083,0.0,0.0,0.0,0.0,0.0,0.032,23.508,15.873,9.466,23.329,0.0
2,175,0.0,0.0,2.985,2.985,-0.0,35.923,253.101,300.051,-0.0,-0.0,-0.0,0.0,0.0,0.02,23.356,15.794,9.445,24.066,0.0
2,176,0.0,0.0,3.082,3.082,-0.0,33.534,252.504,300.032,-0.0,-0.0,-0.0,0.0,0.0,0.012,23.475,15.863,9.468,25.368,0.0
2,177,0.0,0.0,2.854,2.854,-0.0,31.069,251.887,300.02,-0.0,-0.0,-0.0,0.0,0.0,0.007,23.929,16.115,9.543,27.306,0.0
2,178,0.51,0.0,3.536,3.536,0.0,28.785,251.316,300.012,0.0,0.0,0.0,0.0,0.0,0.005,24.739,16.561,9.674,29.723,0.0
2,179,0.0,0.0,2.872,2.872,-0.0,26.465,250.609,300.008,-0.0,-0.0,-0.0,0.0,0.0,0.003,25.04,16.733,9.727,27.842,0.0
2,180,0.0,0.0,2.345,2.345,-0.0,24.167,250.035,300.005,-0.0,-0.0,-0.0,0.0,0.0,0.002,24.483,16.439,9.647,23.519,0.0
2,181,0.0,0.0,3.131,3.131,0.0,22.291,249.566,300.003,0.0,0.0,0.0,0.0,0.0,0.001,24.044,16.209,9.586,23.556,0.0
2,182,0.0,0.0,3.557,3.557,-0.0,19.786,248.939,300.002,-0.0,-0.0,-0.0,0.0,0.0,0.001,23.838,16.105,9.561,24.333,0.0
2,183,0.0,0.0,2.592,2.592,0.0,16.94,248.228,300.001,0.0,0.0,0.0,0.0,0.0,0.0,23.493,15.927,9.514,23.359,0.0
2,184,4.06,0.0,2.188,2.188,-0.0,15.0,247.71,300.001,-0.0,-0.0,-0.0,0.0,0.0,0.0,23.16,15.755,9.47,23.048,0.0
2,185,18.8,0.26,2.616,2.616,-0.0,17.314,247.272,300.0,-0.0,-0.0,-0.0,0.0,0.0,0.0,23.122,15.741,9.469,24.285,0.001
2,186,1.02,0.0,3.232,3.232,-0.0,33.756,246.749,300.0,-0.0,-0.0,-0.0,0.0,0.0,0.0,23.296,15.829,9.491,25.407,0.0
2,187,1.27,0.0,3.121,3.121,-0.0,32.186,246.102,300.0,-0.0,-0.0,-0.0,0.0,0.0,0.0,23.563,15.971,9.53,26.094,0.0
2,188,0.0,0.0,3.217,3.217,-0.0,30.959,245.478,300.0,-0.0,-0.0,-0.0,0.0,0.0,0.0,23.85,16.126,9.574,26.494,0.0
2,189,0.0,0.0,2.934,2.934,0.0,28.385,244.835,300.0,0.0,0.0,0.0,0.0,0.0,0.0,24.559,16.513,9.685,29.085,0.0
2,190,3.56,0.0,3.254,3.254,0.0,26.038,244.248,300.0,0.0,0.0,0.0,0.0,0.0,0.0,25.292,16.914,9.803,29.973,0.0
2,191,0.0,0.0,3.07,3.07,0.0,26.991,243.597,300.0,0.0,0.0,0.0,0.0,0.0,0.0,25.896,17.246,9.899,30.073,0.0
2,192,0.76,0.0,3.315,3.315,0.0,24.535,242.983,300.0,0.0,0.0,0.0,0.0,0.0,0.0,25.92,17.263,9.907,27.585,0.0
2,193,1.02,0.0,2.562,2.562,-0.0,22.645,242.32,300.0,-0.0,-0.0,-0.0,0.0,0.0,0.0,25.409,16.99,9.831,24.716,0.0
2,194,2.29,0.0,2.645,2.645,0.0,21.611,241.808,300.0,0.0,0.0,0.0,0.0,0.0,0.0,24.674,16.595,9.72,22.948,0.0
2,195,1.78,0.0,2.303,2.303,-0.0,21.782,241.279,300.0,-0.0,-0.0,-0.0,0.0,0.0,0.0,24.035,16.251,9.623,22.672,0.0
2,196,0.0,0.0,2.65,2.65,0.0,21.717,240.818,300.0,0.0,0.0,0.0,0.0,0.0,0.0,23.362,15.888,9.52,21.797,0.0
2,197,12.45,0.0,3.086,3.086,0.0,19.597,240.288,300.0,0.0,0.0,0.0,0.0,0.0,0.0,23.093,15.746,9.482,23.247,0.0
2,198,1.27,0.0,2.186,2.186,-0.0,29.575,239.671,300.0,-0.0,-0.0,-0.0,0.0,0.0,0.0,22.705,15.533,9.419,22.327,0.0
2,199,0.0,0.0,2.484,2.484,-0.0,29.096,239.234,300.0,-0.0,-0.0,-0.0,0.0,0.0,0.0,22.677,15.516,9.414,23.851,0.0
2,200,28.96,2.51,2.969,2.969,-0.0,27.108,238.737,300.0,-0.0,-0.0,-0.0,0.0,0.0,0.0,22.801,15.584,9.434,24.636,0.011
2,201,0.0,0.0,2.538,2.538,0.0,51.181,238.143,300.0,0.0,0.0,0.0,6.068,0.0,0.0,22.491,15.401,9.373,22.445,0.0
2,202,0.0,0.0,2.438,2.438,0.0,43.083,243.703,300.0,0.0,0.0,0.0,0.0,0.0,0.0,22.035,15.144,9.295,21.317,0.0
2,203,0.0,0.0,2.731,2.731,0.0,41.133,243.216,300.0,0.0,0.0,0.0,0.0,0.0,0.0,21.802,15.011,9.253,22.028,0.0
2,204,0.25,0.0,2.276,2.276,0.0,38.948,242.67,300.0,0.0,0.0,0.0,0.0,0.0,0.0,21.708,14.956,9.235,22.523,0.0
2,205,0.0,0.0,2.46,2.46,0.0,37.381,242.215,300.0,0.0,0.0,0.0,0.0,0.0,0.0,21.915,15.067,9.266,24.055,0.0
2,206,0.0,0.0,2.491,2.491,0.0,35.413,241.723,300.0,0.0,0.0,0.0,0.0,0.0,0.0,22.402,15.332,9.342,25.792,0.0
2,207,0.0,0.0,2.741,2.741,0.0,33.42,241.224,300.0,0.0,0.0,0.0,0.0,0.0,0.0,22.959,15.636,9.43,26.691,0.0
2,208,7.37,0.0,2.927,2.927,0.0,31.228,240.676,300.0,0.0,0.0,0.0,0.0,0.0,0.0,23.608,15.992,9.534,27.793,0.0
2,209,0.0,0.0,2.849,2.849,-0.0,36.252,240.091,300.0,-0.0,-0.0,-0.0,0.0,0.0,0.0,23.957,16.181,9.588,26.878,0.0
2,210,0.0,0.0,3.008,3.008,0.0,33.973,239.521,300.0,0.0,0.0,0.0,0.0,0.0,0.0,24.142,16.284,9.619,26.363,0.0
2,211,0.0,0.0,3.046,3.046,0.0,31.567,238.919,300.0,0.0,0.0,0.0,0.0,0.0,0.0,24.266,16.355,9.641,26.229,0.0
2,212,0.0,0.0,3.15,3.15,-0.0,29.13,238.31,300.0,-0.0,-0.0,-0.0,0.0,0.0,0.0,24.499,16.487,9.682,26.954,0.0
2,213,0.0,0.0,3.005,3.005,0.0,26.61,237.68,300.0,0.0,0.0,0.0,0.0,0.0,0.0,24.785,16.649,9.732,27.484,0.0
2,214,0.0,0.0,2.924,2.924,-0.0,24.206,237.079,300.0,-0.0,-0.0,-0.0,0.0,0.0,0.0,25.299,16.937,9.819,29.026,0.0
2,215,0.0,0.0,3.308,3.308,0.0,21.867,236.494,300.0,0.0,0.0,0.0,0.0,0.0,0.0,25.363,16.98,9.836,27.148,0.0
2,216,0.0,0.0,2.997,2.997,-0.0,19.221,235.833,300.0,-0.0,-0.0,-0.0,0.0,0.0,0.0,25.181,16.89,9.815,25.885,0.0
2,217,1.27,0.0,1.874,1.874,0.0,16.823,235.233,300.0,0.0,0.0,0.0,0.0,0.0,0.0,24.623,16.594,9.734,23.65,0.0
2,218,0.0,0.0,1.498,1.498,0.0,16.594,234.859,300.0,0.0,0.0,0.0,0.0,0.0,0.0,24.025,16.274,9.645,22.828,0.0
2,219,0.76,0.0,2.431,2.431,0.0,15.396,234.559,300.0,0.0,0.0,0.0,0.0,0.0,0.0,23.865,16.193,9.625,24.547,0.0
2,220,0.0,0.0,3.067,3.067,0.0,15.0,234.073,300.0,0.0,0.0,0.0,0.0,0.0,0.0,23.963,16.254,9.647,25.772,0.0
2,221,0.0,0.0,2.586,2.586,0.0,15.0,233.46,300.0,0.0,0.0,0.0,0.0,0.0,0.0,24.04,16.302,9.664,25.762,0.0
2,222,4.32,0.0,2.532,2.532,0.0,15.0,232.942,300.0,0.0,0.0,0.0,0.0,0.0,0.0,24.12,16.351,9.681,25.865,0.0
2,223,2.54,0.0,2.978,2.978,0.0,17.293,232.436,300.0,0.0,0.0,0.0,0.0,0.0,0.0,24.268,16.435,9.707,26.318,0.0
2,224,15.24,0.0,2.525,2.525,0.0,17.451,231.841,300.0,0.0,0.0,0.0,0.0,0.0,0.0,24.311,16.46,9.715,25.906,0.0
2,225,0.0,0.0,2.836,2.836,-0.0,30.671,231.336,300.0,-0.0,-0.0,-0.0,0.0,0.0,0.0,24.139,16.36,9.682,24.806,0.0
2,226,3.56,0.0,2.512,2.512,-0.0,28.402,230.768,300.0,-0.0,-0.0,-0.0,0.0,0.0,0.0,23.862,16.204,9.635,24.045,0.0
2,227,0.0,0.0,2.493,2.493,-0.0,29.948,230.266,300.0,-0.0,-0.0,-0.0,0.0,0.0,0.0,23.69,16.106,9.605,24.316,0.0
2,228,0.0,0.0,1.789,1.789,-0.0,27.953,229.767,300.0,-0.0,-0.0,-0.0,0.0,0.0,0.0,23.348,15.919,9.55,23.213,0.0
2,229,0.0,0.0,2.585,2.585,0.0,26.522,229.409,300.0,0.0,0.0,0.0,0.0,0.0,0.0,22.869,15.657,9.474,22.097,0.0
2,230,0.0,0.0,2.333,2.333,0.0,24.454,228.892,300.0,0.0,0.0,0.0,0.0,0.0,0.0,22.083,15.228,9.35,19.915,0.0
2,231,22.86,0.72,1.068,1.068,-0.0,22.588,228.426,300.0,-0.0,-0.0,-0.0,0.0,0.0,0.0,21.038,14.658,9.185,17.668,0.003
2,232,22.86,1.02,0.883,0.883,0.0,43.869,228.212,300.0,0.0,0.0,0.0,0.0,0.0,0.0,20.042,14.106,9.021,16.807,0.004
2,233,22.86,1.37,0.765,0.765,0.0,65.007,228.036,300.0,0.0,0.0,0.0,19.64,0.0,0.0,19.252,13.66,8.884,16.856,0.005
2,234,4.57,0.0,1.477,1.477,-0.0,66.248,247.523,300.0,-0.0,-0.0,-0.0,20.859,0.0,0.0,18.741,13.359,8.786,17.527,0.0
2,235,0.51,0.0,1.479,1.479,-0.0,48.78,268.086,300.0,-0.0,-0.0,-0.0,3.71,5.646,0.0,18.602,13.261,8.746,18.989,0.0
2,236,0.0,0.0,1.546,1.546,-0.0,44.394,265.855,305.646,-0.0,-0.0,-0.0,0.0,4.683,2.153,18.61,13.247,8.732,19.636,0.0
2,237,0.0,0.0,2.0,2.0,-0.0,43.157,260.862,308.177,-0.0,-0.0,-0.0,0.0,2.529,3.117,18.553,13.204,8.713,19.289,0.0
2,238,0.0,0.0,2.076,2.076,-0.0,41.557,257.933,307.589,-0.0,-0.0,-0.0,0.0,1.265,2.893,18.365,13.095,8.679,18.514,0.0
2,239,10.41,0.0,1.879,1.879,0.0,39.896,256.252,305.961,0.0,0.0,0.0,0.0,0.54,2.273,18.32,13.068,8.669,19.081,0.0
2,240,3.05,0.0,1.807,1.807,0.0,48.807,255.336,304.229,0.0,0.0,0.0,3.737,0.145,1.612,18.421,13.116,8.679,19.827,0.0
2,241,25.91,2.61,2.744,0.0,2.744,46.672,258.567,302.762,2.678,0.066,0.0,1.642,1.539,1.053,19.883,13.895,8.894,27.319,0.177
2,242,0.0,0.0,2.049,0.0,2.049,65.655,258.604,303.248,2.0,0.049,0.0,20.277,1.555,1.238,19.675,13.769,8.852,19.861,0.0
2,243,0.0,0.0,2.156,0.0,2.156,43.378,277.276,303.565,1.838,0.052,0.0,0.0,9.612,1.359,19.053,13.427,8.752,17.384,0.0
2,244,0.0,0.0,2.243,0.0,2.243,41.54,267.613,311.818,1.641,0.054,0.0,0.0,5.442,4.505,19.1,13.446,8.754,20.34,0.0
2,245,0.0,0.0,2.231,0.0,2.231,39.899,262.117,312.755,1.423,0.053,0.0,0.0,3.071,4.862,19.034,13.409,8.743,19.773,0.0
2,246,0.0,0.0,2.362,0.0,2.362,38.476,258.993,310.963,1.338,0.057,0.0,0.0,1.723,4.179,19.429,13.623,8.804,22.198,0.0
2,247,0.0,0.0,2.304,0.0,2.304,37.137,257.213,308.507,1.168,0.055,0.0,0.0,0.955,3.243,19.803,13.829,8.864,22.505,0.0
2,248,0.0,0.0,2.328,0.0,2.328,35.969,256.203,306.219,1.071,0.056,0.0,0.0,0.519,2.371,20.459,14.188,8.968,24.436,0.0
2,249,0.0,0.0,2.37,0.0,2.37,34.899,255.628,304.367,0.997,0.057,0.0,0.0,0.271,1.665,21.164,14.575,9.082,25.409,0.0
2,250,1.02,0.0,1.764,0.0,1.764,33.902,255.3,302.973,0.683,0.042,0.0,0.0,0.13,1.133,21.227,14.617,9.097,22.697,0.0
2,251,1.78,0.0,1.833,0.0,1.833,34.235,255.128,301.969,0.73,0.044,0.0,0.0,0.055,0.751,20.102,14.016,8.931,16.323,0.0
2,252,0.0,0.0,1.718,0.0,1.718,35.284,255.029,301.274,0.746,0.041,0.0,0.0,0.013,0.486,19.331,13.606,8.817,17.025,0.0
2,253,0.0,0.0,1.646,0.0,1.646,34.538,254.975,300.801,0.672,0.039,0.0,0.0,0.0,0.305,18.2,13.0,8.648,14.24,0.0
2,254,8.89,0.0,0.825,0.0,0.825,33.866,254.936,300.496,0.318,0.02,0.0,0.0,0.0,0.189,16.499,12.085,8.391,9.921,0.0
2,255,0.0,0.0,1.381,0.0,1.381,42.437,254.916,300.307,1.089,0.033,0.0,0.0,0.0,0.117,14.851,11.198,8.141,8.372,0.0
2,256,0.0,0.0,1.289,0.0,1.289,41.349,254.883,300.19,0.928,0.031,0.0,0.0,0.0,0.072,13.774,10.619,7.977,9.679,0.0
2,257,7.87,0.0,1.671,0.0,1.671,40.421,254.852,300.117,1.114,0.04,0.0,0.0,0.0,0.045,13.268,10.347,7.901,11.603,0.0
2,258,0.0,0.0,1.008,0.0,1.008,47.181,254.812,300.073,0.984,0.024,0.0,2.141,0.0,0.028,11.423,9.354,7.621,3.798,0.0
2,259,0.0,0.0,1.324,0.0,1.324,44.056,256.929,300.045,1.194,0.032,0.0,0.0,0.832,0.017,10.381,8.793,7.463,6.155,0.0
2,260,0.0,0.0,1.334,0.0,1.334,42.862,256.065,300.86,1.089,0.032,0.0,0.0,0.46,0.328,10.379,8.791,7.462,10.657,0.0
2,261,0.0,0.0,1.407,0.0,1.407,41.772,255.574,300.992,1.049,0.034,0.0,0.0,0.247,0.378,11.076,9.166,7.568,14.443,0.0
2,262,8.38,0.0,1.531,0.0,1.531,40.723,255.292,300.861,1.046,0.037,0.0,0.0,0.126,0.328,12.221,9.783,7.742,17.631,0.0
2,263,0.0,0.0,1.56,0.0,1.56,48.059,255.13,300.659,1.523,0.037,0.0,3.002,0.056,0.251,12.396,9.875,7.767,13.612,0.0
2,264,0.0,0.0,1.283,0.0,1.283,43.533,258.039,300.464,1.108,0.031,0.0,0.0,1.311,0.177,12.472,9.915,7.777,13.267,0.0
2,265,12.7,0.0,2.026,0.0,2.026,42.425,256.697,301.598,1.596,0.049,0.0,0.0,0.732,0.609,12.949,10.171,7.849,15.521,0.0
2,266,0.0,0.0,1.522,0.0,1.522,53.528,255.916,301.721,1.485,0.036,0.0,8.372,0.395,0.656,13.006,10.199,7.855,13.765,0.0
2,267,0.0,0.0,1.65,0.0,1.65,43.671,263.856,301.46,1.442,0.04,0.0,0.0,3.821,0.557,13.841,10.644,7.979,18.05,0.0
2,268,35.81,6.7,1.785,0.0,1.785,42.229,259.996,304.725,1.383,0.043,0.0,0.0,2.155,1.801,14.805,11.16,8.123,19.645,0.508
2,269,0.25,0.0,1.141,0.0,1.141,69.962,257.797,305.079,1.114,0.027,0.0,24.505,1.207,1.936,14.127,10.791,8.016,11.8,0.0
2,270,2.03,0.0,1.261,0.0,1.261,44.598,281.068,304.35,1.19,0.03,0.0,0.0,11.247,1.658,13.503,10.452,7.92,11.354,0.0
2,271,0.0,0.0,1.359,0.0,1.359,45.439,269.79,313.939,1.326,0.033,0.0,0.431,6.381,5.314,13.033,10.197,7.847,11.518,0.0
2,272,0.0,0.0,1.312,0.0,1.312,43.682,263.807,315.007,1.147,0.031,0.0,0.0,3.8,5.721,12.671,10.002,7.792,11.588,0.0
2,273,8.89,0.0,1.126,0.0,1.126,42.534,259.976,313.086,0.895,0.027,0.0,0.0,2.147,4.989,12.328,9.819,7.74,11.294,0.0
2,274,14.99,0.2,1.422,0.0,1.422,50.529,257.802,310.244,1.388,0.034,0.0,5.428,1.209,3.905,13.071,10.214,7.85,16.816,0.01
2,275,0.0,0.0,1.356,0.0,1.356,58.499,261.987,307.548,1.323,0.033,0.0,13.251,3.015,2.877,13.602,10.493,7.925,16.479,0.0
2,276,21.84,1.69,1.169,0.0,1.169,43.924,272.191,307.685,1.043,0.028,0.0,0.0,7.418,2.93,13.099,10.224,7.85,11.44,0.109
2,277,0.0,0.0,1.291,0.0,1.291,63.037,264.746,312.173,1.26,0.031,0.0,17.707,4.205,4.641,12.818,10.069,7.805,12.104,0.0
2,278,0.0,0.0,1.61,0.0,1.61,44.07,278.216,311.737,1.454,0.039,0.0,0.0,10.017,4.474,12.977,10.151,7.825,14.185,0.0
2,279,10.16,0.0,1.353,0.0,1.353,42.616,268.161,317.28,1.083,0.032,0.0,0.0,5.678,6.587,13.759,10.566,7.939,17.74,0.0
2,280,0.25,0.0,1.459,0.0,1.459,51.693,262.45,316.371,1.424,0.035,0.0,6.571,3.214,6.241,14.611,11.016,8.062,18.967,0.0
2,281,4.06,0.0,1.253,0.0,1.253,43.953,265.771,313.344,1.121,0.03,0.0,0.0,4.647,5.087,15.099,11.278,8.135,17.913,0.0
2,282,9.65,0.0,1.387,0.0,1.387,46.896,261.094,312.905,1.354,0.033,0.0,1.861,2.629,4.92,14.413,10.914,8.036,12.069,0.0
2,283,0.0,0.0,0.751,0.0,0.751,53.333,260.292,310.615,0.733,0.018,0.0,8.18,2.283,4.046,12.817,10.065,7.802,6.389,0.0
2,284,0.25,0.0,0.575,0.0,0.575,44.42,266.171,308.852,0.535,0.014,0.0,0.0,4.82,3.374,11.283,9.249,7.576,4.998,0.0
2,285,0.0,0.0,0.803,0.0,0.803,44.139,261.337,310.297,0.729,0.019,0.0,0.0,2.734,3.925,10.054,8.595,7.396,4.982,0.0
2,286,0.0,0.0,0.56,0.0,0.56,43.409,258.584,309.106,0.479,0.013,0.0,0.0,1.546,3.471,8.811,7.932,7.212,3.577,0.0
2,287,0.0,0.0,0.921,0.0,0.921,42.931,257.024,307.181,0.757,0.022,0.0,0.0,0.873,2.738,8.43,7.73,7.156,6.903,0.0
2,288,7.11,0.0,0.44,0.0,0.44,42.174,256.129,305.317,0.339,0.011,0.0,0.0,0.487,2.027,7.771,7.378,7.059,4.982,0.0
2,289,14.48,0.1,0.555,0.0,0.555,48.947,255.631,303.777,0.542,0.013,0.0,3.875,0.272,1.44,7.55,7.261,7.027,6.643,0.005
2,290,7.11,0.0,0.819,0.0,0.819,58.911,259.22,302.609,0.799,0.02,0.0,13.656,1.821,0.995,7.875,7.435,7.075,9.368,0.0
2,291,23.11,2.13,0.847,0.0,0.847,51.567,271.036,303.435,0.827,0.02,0.0,6.447,6.919,1.31,8.154,7.584,7.117,9.468,0.142
2,292,8.13,0.0,0.913,0.0,0.913,65.279,270.543,309.045,0.891,0.022,0.0,19.908,6.707,3.448,8.503,7.767,7.166,10.154,0.0
2,293,1.78,0.0,0.568,0.0,0.568,52.608,283.723,312.303,0.554,0.014,0.0,7.469,12.393,4.69,7.958,7.479,7.088,5.676,0.0
2,294,0.0,0.0,1.018,0.0,1.018,46.363,278.785,320.006,0.994,0.024,0.0,1.338,10.263,7.627,8.089,7.548,7.106,8.761,0.0
2,295,0.0,0.0,0.983,0.0,0.983,44.031,269.836,322.642,0.885,0.024,0.0,0.0,6.401,8.632,8.246,7.631,7.129,9.039,0.0
2,296,0.0,0.0,0.555,0.0,0.555,43.146,263.411,320.412,0.464,0.013,0.0,0.0,3.629,7.781,7.288,7.123,6.989,3.159,0.0
2,297,0.0,0.0,0.716,0.0,0.716,42.682,259.769,316.26,0.576,0.017,0.0,0.0,2.058,6.198,6.812,6.869,6.919,4.734,0.0
2,298,0.0,0.0,0.666,0.0,0.666,42.106,257.694,312.119,0.511,0.016,0.0,0.0,1.162,4.62,6.146,6.514,6.82,3.192,0.0
2,299,0.0,0.0,0.694,0.0,0.694,41.595,256.516,308.661,0.51,0.017,0.0,0.0,0.654,3.302,5.651,6.248,6.746,3.394,0.0
2,300,0.0,0.0,0.551,0.0,0.551,41.085,255.845,306.013,0.388,0.013,0.0,0.0,0.365,2.292,5.305,6.062,6.694,3.667,0.0
2,301,0.0,0.0,0.7,0.0,0.7,40.697,255.467,304.086,0.477,0.017,0.0,0.0,0.202,1.557,4.938,5.864,6.638,3.176,0.0
2,302,0.0,0.0,0.617,0.0,0.617,40.22,255.249,302.73,0.404,0.015,0.0,0.0,0.107,1.041,4.751,5.763,6.609,3.756,0.0
2,303,0.0,0.0,0.78,0.0,0.78,39.816,255.127,301.796,0.494,0.019,0.0,0.0,0.055,0.685,5.094,5.948,6.661,6.426,0.0
2,304,0.0,0.0,0.731,0.0,0.731,39.321,255.053,301.166,0.444,0.018,0.0,0.0,0.023,0.445,5.582,6.21,6.735,7.584,0.0
2,305,0.51,0.0,0.549,0.0,0.549,38.877,255.013,300.745,0.322,0.013,0.0,0.0,0.006,0.284,5.289,6.052,6.69,3.883,0.0
2,306,0.0,0.0,0.55,0.0,0.55,39.063,254.994,300.466,0.327,0.013,0.0,0.0,0.0,0.178,4.883,5.833,6.628,2.953,0.0
2,307,0.0,0.0,0.534,0.0,0.534,38.736,254.981,300.289,0.309,0.013,0.0,0.0,0.0,0.11,4.542,5.648,6.576,2.859,0.0
2,308,0.76,0.0,0.501,0.0,0.501,38.427,254.968,300.179,0.283,0.012,0.0,0.0,0.0,0.068,4.226,5.478,6.527,2.63,0.0
2,309,0.0,0.0,0.487,0.0,0.487,38.906,254.956,300.11,0.286,0.012,0.0,0.0,0.0,0.042,4.168,5.447,6.518,3.687,0.0
2,310,0.0,0.0,0.297,0.0,0.297,38.62,254.944,300.068,0.17,0.007,0.0,0.0,0.0,0.026,3.804,5.25,6.463,1.965,0.0
2,311,0.0,0.0,0.329,0.0,0.329,38.45,254.937,300.042,0.186,0.008,0.0,0.0,0.0,0.016,3.056,4.847,6.348,-0.511,0.0
2,312,0.0,0.0,0.239,0.0,0.239,38.263,254.929,300.026,0.133,0.006,0.0,0.0,0.0,0.01,2.415,4.501,6.25,-0.743,0.0
2,313,0.0,0.0,0.377,0.0,0.377,38.13,254.924,300.016,0.208,0.009,0.0,0.0,0.0,0.006,2.215,4.393,6.22,0.954,0.0
2,314,0.0,0.0,0.369,0.0,0.369,37.923,254.915,300.01,0.2,0.009,0.0,0.0,0.0,0.004,1.934,4.241,6.177,0.3,0.0
2,315,0.25,0.0,0.344,0.0,0.344,37.723,254.906,300.006,0.183,0.008,0.0,0.0,0.0,0.002,1.765,4.15,6.151,0.601,0.0
2,316,0.0,0.0,0.425,0.0,0.425,37.794,254.898,300.004,0.228,0.01,0.0,0.0,0.0,0.001,2.284,4.43,6.23,4.144,0.0
2,317,0.0,0.0,0.486,0.0,0.486,37.567,254.887,300.002,0.255,0.012,0.0,0.0,0.0,0.001,2.33,4.454,6.237,2.141,0.0
2,318,0.0,0.0,0.474,0.0,0.474,37.311,254.876,300.001,0.244,0.011,0.0,0.0,0.0,0.001,2.448,4.518,6.255,2.588,0.0
2,319,0.0,0.0,0.302,0.0,0.302,37.067,254.864,300.001,0.152,0.007,0.0,0.0,0.0,0.0,2.352,4.466,6.24,1.552,0.0
2,320,0.0,0.0,0.27,0.0,0.27,36.915,254.857,300.001,0.134,0.006,0.0,0.0,0.0,0.0,1.919,4.232,6.174,-0.379,0.0
2,321,0.0,0.0,0.262,0.0,0.262,36.781,254.851,300.0,0.129,0.006,0.0,0.0,0.0,0.0,1.654,4.089,6.133,0.067,0.0
2,322,0.0,0.0,0.243,0.0,0.243,36.652,254.845,300.0,0.118,0.006,0.0,0.0,0.0,0.0,1.244,3.867,6.07,-1.011,0.0
2,323,0.25,0.0,0.282,0.0,0.282,36.534,254.839,300.0,0.136,0.007,0.0,0.0,0.0,0.0,0.977,3.723,6.029,-0.674,0.0
2,324,0.0,0.0,0.245,0.0,0.245,36.652,254.832,300.0,0.119,0.006,0.0,0.0,0.0,0.0,0.954,3.711,6.026,0.355,0.0
2,325,0.0,0.0,0.262,0.0,0.262,36.533,254.826,300.0,0.126,0.006,0.0,0.0,0.0,0.0,0.999,3.735,6.032,0.697,0.0
2,326,0.0,0.0,0.26,0.0,0.26,36.406,254.82,300.0,0.124,0.006,0.0,0.0,0.0,0.0,0.762,3.607,5.996,-0.78,0.0
2,327,0.0,0.0,0.179,0.0,0.179,36.282,254.814,300.0,0.084,0.004,0.0,0.0,0.0,0.0,0.225,3.317,5.914,-2.662,0.0
2,328,0.0,0.0,0.188,0.0,0.188,36.198,254.809,300.0,0.088,0.004,0.0,0.0,0.0,0.0,-0.254,3.058,5.841,-2.93,0.0
2,329,0.0,0.0,0.23,0.0,0.23,36.11,254.805,300.0,0.107,0.005,0.0,0.0,0.0,0.0,-0.281,3.043,5.836,-1.003,0.0
2,330,0.0,0.0,0.239,0.0,0.239,36.003,254.799,300.0,0.11,0.006,0.0,0.0,0.0,0.0,-0.15,3.114,5.856,-0.172,0.0
2,331,0.0,0.0,0.191,0.0,0.191,35.892,254.794,300.0,0.087,0.005,0.0,0.0,0.0,0.0,-0.44,2.957,5.812,-2.313,0.0
2,332,0.0,0.0,0.144,0.0,0.144,35.805,254.789,300.0,0.065,0.003,0.0,0.0,0.0,0.0,-0.978,2.666,5.729,-3.97,0.0
2,333,0.0,0.0,0.181,0.0,0.181,35.74,254.786,300.0,0.082,0.004,0.0,0.0,0.0,0.0,-1.326,2.479,5.676,-3.522,0.0
2,334,0.0,0.0,0.09,0.0,0.09,35.658,254.781,300.0,0.04,0.002,0.0,0.0,0.0,0.0,-1.803,2.221,5.603,-4.602,0.0
2,335,0.0,0.0,0.067,0.0,0.067,35.618,254.779,300.0,0.03,0.002,0.0,0.0,0.0,0.0,-2.472,1.86,5.5,-6.153,0.0
2,336,1.22,0.0,0.196,0.0,0.196,35.588,254.778,300.0,0.087,0.005,0.0,0.0,0.0,0.0,-2.54,1.823,5.49,-3.625,0.0
2,337,0.0,0.0,0.185,0.0,0.185,36.72,254.773,300.0,0.091,0.004,0.0,0.0,0.0,0.0,-2.558,1.813,5.487,-3.433,0.0
2,338,0.0,0.0,0.068,0.0,0.068,36.629,254.768,300.0,0.033,0.002,0.0,0.0,0.0,0.0,-2.951,1.602,5.428,-5.476,0.0
2,339,0.0,0.0,0.093,0.0,0.093,36.596,254.767,300.0,0.045,0.002,0.0,0.0,0.0,0.0,-3.212,1.461,5.388,-5.192,0.0
2,340,0.0,0.0,0.07,0.0,0.07,36.551,254.765,300.0,0.034,0.002,0.0,0.0,0.0,0.0,-3.744,1.174,5.306,-6.943,0.0
2,341,0.0,0.0,0.093,0.0,0.093,36.517,254.763,300.0,0.045,0.002,0.0,0.0,0.0,0.0,-4.119,0.972,5.249,-6.666,0.0
2,342,0.0,0.0,0.05,0.0,0.05,36.473,254.761,300.0,0.024,0.001,0.0,0.0,0.0,0.0,-4.571,0.728,5.18,-7.492,0.0
2,343,0.0,0.0,0.01,0.0,0.01,36.449,254.76,300.0,0.005,0.0,0.0,0.0,0.0,0.0,-5.108,0.438,5.098,-8.442,0.0
2,344,0.0,0.0,0.04,0.0,0.04,36.444,254.759,300.0,0.019,0.001,0.0,0.0,0.0,0.0,-5.416,0.272,5.051,-7.781,0.0
2,345,0.0,0.0,0.087,0.0,0.087,36.425,254.758,300.0,0.042,0.002,0.0,0.0,0.0,0.0,-5.45,0.254,5.046,-6.629,0.0
2,346,0.0,0.0,0.107,0.0,0.107,36.383,254.756,300.0,0.051,0.003,0.0,0.0,0.0,0.0,-5.317,0.325,5.066,-5.766,0.0
2,347,0.0,0.0,0.116,0.0,0.116,36.332,254.754,300.0,0.055,0.003,0.0,0.0,0.0,0.0,-5.183,0.397,5.087,-5.614,0.0
2,348,0.0,0.0,0.154,0.0,0.154,36.277,254.751,300.0,0.073,0.004,0.0,0.0,0.0,0.0,-4.909,0.545,5.128,-4.713,0.0
2,349,0.0,0.0,0.071,0.0,0.071,36.205,254.747,300.0,0.033,0.002,0.0,0.0,0.0,0.0,-4.93,0.534,5.125,-6.011,0.0
2,350,0.0,0.0,0.109,0.0,0.109,36.171,254.746,300.0,0.051,0.003,0.0,0.0,0.0,0.0,-4.818,0.594,5.142,-5.312,0.0
2,351,0.0,0.0,0.084,0.0,0.084,36.12,254.743,300.0,0.039,0.002,0.0,0.0,0.0,0.0,-4.664,0.677,5.166,-4.966,0.0
2,352,0.0,0.0,0.12,0.0,0.12,36.081,254.741,300.0,0.056,0.003,0.0,0.0,0.0,0.0,-4.411,0.813,5.204,-4.263,0.0
2,353,0.0,0.0,0.182,0.0,0.182,36.025,254.738,300.0,0.084,0.004,0.0,0.0,0.0,0.0,-3.903,1.088,5.282,-2.604,0.0
2,354,0.0,0.0,0.122,0.0,0.122,35.941,254.734,300.0,0.056,0.003,0.0,0.0,0.0,0.0,-3.524,1.292,5.34,-2.753,0.0
2,355,0.0,0.0,0.192,0.0,0.192,35.885,254.731,300.0,0.088,0.005,0.0,0.0,0.0,0.0,-3.002,1.574,5.419,-1.574,0.0
2,356,1.41,0.0,0.088,0.0,0.088,35.798,254.726,300.0,0.04,0.002,0.0,0.0,0.0,0.0,-2.301,1.952,5.527,-0.034,0.0
2,357,12.25,6.06,0.201,0.0,0.201,37.169,254.724,300.0,0.102,0.005,0.0,0.0,0.0,0.0,-2.249,1.981,5.535,-2.787,0.458
2,358,0.0,0.0,0.054,0.0,0.054,43.256,254.719,300.0,0.046,0.001,0.0,0.0,0.0,0.0,-2.757,1.71,5.46,-5.772,0.0
2,359,0.0,0.0,0.095,0.0,0.095,43.211,254.718,300.0,0.08,0.002,0.0,0.0,0.0,0.0,-3.19,1.479,5.396,-5.916,0.0
2,360,0.0,0.0,0.182,0.0,0.182,43.131,254.716,300.0,0.152,0.004,0.0,0.0,0.0,0.0,-2.938,1.617,5.436,-2.674,0.0
2,361,0.0,0.0,0.15,0.0,0.15,42.979,254.711,300.0,0.124,0.004,0.0,0.0,0.0,0.0,-2.547,1.828,5.496,-1.65,0.0
2,362,0.0,0.0,0.158,0.0,0.158,42.855,254.708,300.0,0.129,0.004,0.0,0.0,0.0,0.0,-2.377,1.921,5.523,-2.422,0.0
2,363,0.0,0.0,0.115,0.0,0.115,42.726,254.704,300.0,0.093,0.003,0.0,0.0,0.0,0.0,-2.547,1.83,5.498,-4.08,0.0
2,364,0.0,0.0,0.066,0.0,0.066,42.633,254.701,300.0,0.053,0.002,0.0,0.0,0.0,0.0,-2.66,1.77,5.481,-3.952,0.0
2,365,0.0,0.0,0.07,0.0,0.07,42.58,254.7,300.0,0.056,0.002,0.0,0.0,0.0,0.0,-2.817,1.686,5.458,-4.313,0.0
