year,j_day,num_animals_in_pen,average_growth,average_milk,average_p_animal,average_p_req
,,,kg,kg,g,g
2009,244,135,0.09481631097344341,44.6526310238102,5142.436134274044,18.814568247176787
2009,245,135,0.09481631097344341,44.6526310238102,5042.700192797781,100.37927895359516
2009,246,135,0.09481631097344341,44.6526310238102,4942.797915194829,100.52490951046828
2009,247,135,0.09481631097344341,44.6526310238102,4842.947534792378,100.49323581289745
2009,248,135,0.09481631097344341,44.6526310238102,4743.338423528844,100.2716049671691
2009,249,135,0.09481631097344341,44.6526310238102,4643.455143318296,100.5648393419037
2009,250,135,0.09481631097344341,44.6526310238102,4543.936807276637,100.2183998582225
2009,251,127,0.06506905741340838,44.89956564892876,4541.98577166357,100.38206304046152
2009,252,127,0.06506905741340838,44.89956564892876,4437.471179928166,105.03200901683029
2009,253,127,0.06506905741340838,44.89956564892876,4332.722132129594,105.24534965573613
2009,254,127,0.06506905741340838,44.89956564892876,4227.918169020468,105.31589298952706
2009,255,127,0.06506905741340838,44.89956564892876,4123.194852381376,105.26137194803705
2009,256,127,0.06506905741340838,44.89956564892876,4018.4932293331563,105.26493824203467
2009,257,127,0.06506905741340838,44.89956564892876,3913.4155705271764,105.66567561835939
2009,258,121,0.104338166194485,44.657652198859445,3827.7088942061964,105.52005127421947
2009,259,121,0.104338166194485,44.657652198859445,3728.415806733648,99.94958985780944
2009,260,121,0.104338166194485,44.657652198859445,3629.5148636801146,99.57777470772035
2009,261,121,0.104338166194485,44.657652198859445,3530.522582762221,99.68884826235545
2009,262,121,0.104338166194485,44.657652198859445,3431.157253738069,100.08105109507407
2009,263,121,0.104338166194485,44.657652198859445,3331.906026094576,99.98553586347849
2009,264,121,0.104338166194485,44.657652198859445,3232.8997863273835,99.75857772032371
2009,265,118,0.1041108090009428,45.300144436737014,3177.405751464167,99.81999550529207
2009,266,118,0.1041108090009428,45.300144436737014,3076.4616511885433,101.58868056272111
2009,267,118,0.1041108090009428,45.300144436737014,2975.675236314953,101.45030345918234
2009,268,118,0.1041108090009428,45.300144436737014,2874.691439290105,101.66642054123366
2009,269,118,0.1041108090009428,45.300144436737014,2774.0708004437547,101.32143617332552
2009,270,118,0.1041108090009428,45.300144436737014,2673.190413505895,101.59880897994033
2009,271,118,0.1041108090009428,45.300144436737014,2572.339053079028,101.58686989395936
2009,272,113,0.12210215358052842,44.313650672823364,2541.7167493738357,101.27270958030167
2009,273,113,0.12210215358052842,44.313650672823364,2440.676429023273,101.76363669164671
2009,274,113,0.12210215358052842,44.313650672823364,2339.912986991909,101.50354162427458
2009,275,113,0.12210215358052842,44.313650672823364,2239.0577115666597,101.59911211438894
2009,276,113,0.12210215358052842,44.313650672823364,2138.1601701544914,101.65718155150878
2009,277,113,0.12210215358052842,44.313650672823364,2037.484049185194,101.45107139500988
2009,278,113,0.12210215358052842,44.313650672823364,1936.8308166581628,101.44301089685698
2009,279,111,0.16030564110868745,44.31110845838319,1943.2158426146998,101.28675692404614
2009,280,111,0.16030564110868745,44.31110845838319,1844.4624578612988,99.6242983303768
2009,281,111,0.16030564110868745,44.31110845838319,1745.8268161149526,99.50345211206167
2009,282,111,0.16030564110868745,44.31110845838319,1647.2200941810609,99.48915867936878
2009,283,111,0.16030564110868745,44.31110845838319,1548.4163801391173,99.70030039471062
2009,284,111,0.16030564110868745,44.31110845838319,1449.6873832406534,99.63926665401242
2009,285,111,0.16030564110868745,44.31110845838319,1351.2093123419718,99.39110410836196
2009,286,108,0.1737451777665735,45.13427715330411,1143.9284254875897,99.53892327007354
2009,287,108,0.1737451777665735,45.13427715330411,1049.0392369357949,95.87025594563545
2009,288,108,0.1737451777665735,45.13427715330411,954.2130237371655,95.80134657659586
2009,289,108,0.1737451777665735,45.13427715330411,859.0034387314562,96.1953666685332
2009,290,108,0.1737451777665735,45.13427715330411,764.1709897319712,95.82848430828965
2009,291,108,0.1737451777665735,45.13427715330411,669.1182325709992,96.05866055214837
2009,292,108,0.1737451777665735,45.13427715330411,574.3444744236876,95.77845850960858
2009,293,103,0.2138456097590377,42.842251890821764,494.9744774559827,96.0080065438194
2009,294,103,0.2138456097590377,42.842251890821764,401.8392567506794,94.22288701015869
2009,295,103,0.2138456097590377,42.842251890821764,308.989706356705,93.94236357955313
2009,296,103,0.2138456097590377,42.842251890821764,216.32811183726272,93.7593082009322
2009,297,103,0.2138456097590377,42.842251890821764,123.54459340166862,93.88589224810978
2009,298,103,0.2138456097590377,42.842251890821764,30.825514127149248,93.82587875224158
2009,299,103,0.2138456097590377,42.842251890821764,-61.73968838646423,93.67619897107048
2009,300,100,0.20781821325597805,43.7547881201996,-164.17881457234753,93.82415142003929
2009,301,100,0.20781821325597805,43.7547881201996,-257.66292912188044,94.5613344553978
2009,302,100,0.20781821325597805,43.7547881201996,-350.7655720384646,94.1855690010727
2009,303,100,0.20781821325597805,43.7547881201996,-443.7211288278228,94.04392196323734
2009,304,100,0.20781821325597805,43.7547881201996,-536.6967773513556,94.06919217472236
2009,305,100,0.20781821325597805,43.7547881201996,-630.2163152118228,94.61800572498579
2009,306,100,0.20781821325597805,43.7547881201996,-723.3465057521069,94.2333345754503
2009,307,94,0.21989502236437053,44.485317094616946,-877.5466177172665,93.84218120471853
2009,308,94,0.21989502236437053,44.485317094616946,-973.6206765485837,97.18346865584883
2009,309,94,0.21989502236437053,44.485317094616946,-1069.107305787516,96.60324518931907
2009,310,94,0.21989502236437053,44.485317094616946,-1164.9726961282636,96.98890034117471
2009,311,94,0.21989502236437053,44.485317094616946,-1260.5638951333328,96.72129852175706
2009,312,94,0.21989502236437053,44.485317094616946,-1355.9703896774665,96.54288643544179
2009,313,94,0.21989502236437053,44.485317094616946,-1451.2115107126103,96.38351540431293
2009,314,89,0.21093523173159792,45.27372823156585,-1381.885596486908,96.83013986912961
2009,315,89,0.21093523173159792,45.27372823156585,-1477.7743765561877,96.92081998963677
2009,316,89,0.21093523173159792,45.27372823156585,-1573.7187151913597,96.98172911308039
2009,317,89,0.21093523173159792,45.27372823156585,-1669.1610378617634,96.48480759354112
2009,318,89,0.21093523173159792,45.27372823156585,-1764.5868809707727,96.47317275234744
2009,319,89,0.21093523173159792,45.27372823156585,-1860.0471100895127,96.50159736542314
2009,320,89,0.21093523173159792,45.27372823156585,-1955.3132457630536,96.31167806252093
2009,321,82,0.24276504534279753,45.11624051691309,-2088.9240478693287,96.48789370945423
2009,322,82,0.24276504534279753,45.11624051691309,-2184.9199370297683,97.27062913357912
2009,323,82,0.24276504534279753,45.11624051691309,-2281.203890392118,97.56238559585077
2009,324,82,0.24276504534279753,45.11624051691309,-2377.171151367781,97.24914485256753
2009,325,82,0.24276504534279753,45.11624051691309,-2472.5862578585666,96.70020756293326
2009,326,82,0.24276504534279753,45.11624051691309,-2568.4723144414256,97.17414921462566
2009,327,82,0.24276504534279753,45.11624051691309,-2664.1443209673707,96.96287376841896
2009,328,75,0.23097402146839377,43.4245708821591,-2597.8717679144884,96.58369121135625
2009,329,75,0.23097402146839377,43.4245708821591,-2692.2282780831097,95.5138596227395
2009,330,75,0.23097402146839377,43.4245708821591,-2786.412772463346,95.3443296534894
2009,331,75,0.23097402146839377,43.4245708821591,-2880.2916725033833,95.03075666255819
2009,332,75,0.23097402146839377,43.4245708821591,-2974.032230391073,94.8942231558914
2009,333,75,0.23097402146839377,43.4245708821591,-3068.0592700415573,95.18236205788058
2009,334,75,0.23097402146839377,43.4245708821591,-3162.2790579587404,95.37662331969864
2009,335,64,0.2524040133382026,43.373582314827686,-3272.2848746068153,94.74135610784411
2009,336,64,0.2524040133382026,43.373582314827686,-3366.0766186780684,95.09435461129407
2009,337,64,0.2524040133382026,43.373582314827686,-3459.9297102534492,95.15583379851361
2009,338,64,0.2524040133382026,43.373582314827686,-3553.8865799386153,95.25964673776429
2009,339,64,0.2524040133382026,43.373582314827686,-3647.897307328486,95.31344597430677
2009,340,64,0.2524040133382026,43.373582314827686,-3741.563985898581,94.96924886735955
2009,341,64,0.2524040133382026,43.373582314827686,-3835.0566795408204,94.79502923601456
2009,342,59,0.25276411202610194,43.859958087129996,-3991.255757204179,94.87522436529284
2009,343,59,0.25276411202610194,43.859958087129996,-4083.3259839309612,93.38733527434766
2009,344,59,0.25276411202610194,43.859958087129996,-4175.479163121779,93.47021616245802
2009,345,59,0.25276411202610194,43.859958087129996,-4267.262605409994,93.08015790703612
2009,346,59,0.25276411202610194,43.859958087129996,-4359.020812691791,93.05475042727072
2009,347,59,0.25276411202610194,43.859958087129996,-4450.579397515897,92.85486818752692
2009,348,59,0.25276411202610194,43.859958087129996,-4542.103355097012,92.81989739254674
2009,349,52,0.23370940014262806,42.81253421282997,-4443.741004560501,92.39064778605739
2009,350,52,0.23370940014262806,42.81253421282997,-4536.151424585891,93.5056076666646
2009,351,52,0.23370940014262806,42.81253421282997,-4628.815023736013,93.75876544828121
2009,352,52,0.23370940014262806,42.81253421282997,-4721.33891489382,93.6189739262352
2009,353,52,0.23370940014262806,42.81253421282997,-4813.61719592484,93.37322078247698
2009,354,52,0.23370940014262806,42.81253421282997,-4905.7573258448,93.23490830464432
2009,355,52,0.23370940014262806,42.81253421282997,-4997.504814164409,92.84201220867243
2009,356,46,0.2456767249533168,43.63636108589768,-5222.329049397106,92.81039814046457
2009,357,46,0.2456767249533168,43.63636108589768,-5316.593763884041,95.36376954630653
2009,358,46,0.2456767249533168,43.63636108589768,-5410.768289650174,95.27336218975591
2009,359,46,0.2456767249533168,43.63636108589768,-5505.172639373545,95.50290278934567
2009,360,46,0.2456767249533168,43.63636108589768,-5598.8824610317415,94.77983250521835
2009,361,46,0.2456767249533168,43.63636108589768,-5692.634230326107,94.79404447909748
2009,362,46,0.2456767249533168,43.63636108589768,-5786.168427581679,94.57603691848894
2009,363,32,0.24873449824589913,42.79012592321978,-5556.693299368817,94.3803468709708
2009,364,32,0.24873449824589913,42.79012592321978,-5639.820394440661,84.18044338750457
2009,365,32,0.24873449824589913,42.79012592321978,-5724.282439372127,85.51409698822717
2010,1,32,0.24873449824589913,42.79012592321978,-5807.625534695201,84.39379850050399
2010,2,32,0.24873449824589913,42.79012592321978,-5891.560635227202,84.98440797181901
2010,3,32,0.24873449824589913,42.79012592321978,-5975.607438296625,85.09466998046415
2010,4,32,0.24873449824589913,42.79012592321978,-6059.58577364273,85.02471895715897
2010,5,24,0.24906115301352152,42.715114537529104,-6099.437277623536,84.96604787548097
2010,6,24,0.24906115301352152,42.715114537529104,-6191.196801228391,92.9309218716827
2010,7,24,0.24906115301352152,42.715114537529104,-6282.647028623003,92.62021586356072
2010,8,24,0.24906115301352152,42.715114537529104,-6373.805795250384,92.32731871669593
2010,9,24,0.24906115301352152,42.715114537529104,-6465.984462659105,93.34575851179403
2010,10,24,0.24906115301352152,42.715114537529104,-6556.988781742047,92.16992652221425
2010,11,24,0.24906115301352152,42.715114537529104,-6648.525938391743,92.70125963151803
2010,12,12,0.21952238741954003,45.151000259025956,-7344.564214254125,91.38988328998333
2010,13,12,0.21952238741954003,45.151000259025956,-7441.352385900754,97.65410446545128
2010,14,12,0.21952238741954003,45.151000259025956,-7536.738149286434,96.13460764665153
2010,15,12,0.21952238741954003,45.151000259025956,-7632.552146525147,96.56122016711386
2010,16,12,0.21952238741954003,45.151000259025956,-7728.54268846679,96.73615285211076
2010,17,12,0.21952238741954003,45.151000259025956,-7825.433098460395,97.63441941400312
2010,18,12,0.21952238741954003,45.151000259025956,-7920.996188849069,96.30551003091888
2010,19,2,0.23488706755129557,44.847127721077555,-7746.0857631875115,96.3576448567738
2010,20,2,0.23488706755129557,44.847127721077555,-7842.827434439309,98.29201050297324
2010,21,2,0.23488706755129557,44.847127721077555,-7938.464166999256,97.18390339680863
2010,22,2,0.23488706755129557,44.847127721077555,-8036.670181759186,99.74992180294132
2010,23,2,0.23488706755129557,44.847127721077555,-8132.038458313788,96.90882784631151
2010,24,2,0.23488706755129557,44.847127721077555,-8226.828464186608,96.32711279859288
2010,25,2,0.23488706755129557,44.847127721077555,-8323.57360102839,98.2787140521443
2010,26,0,0.23488706755129557,44.847127721077555,0,95.39356051794137
2010,27,0,0.23488706755129557,44.847127721077555,0,95.39356051794137
2010,28,0,0.23488706755129557,44.847127721077555,0,95.39356051794137
2010,29,0,0.23488706755129557,44.847127721077555,0,95.39356051794137
2010,30,0,0.23488706755129557,44.847127721077555,0,95.39356051794137
2010,31,0,0.23488706755129557,44.847127721077555,0,95.39356051794137
2010,32,0,0.23488706755129557,44.847127721077555,0,95.39356051794137
2010,33,0,0.23488706755129557,44.847127721077555,0,95.39356051794137
2010,34,0,0.23488706755129557,44.847127721077555,0,95.39356051794137
2010,35,0,0.23488706755129557,44.847127721077555,0,95.39356051794137
2010,36,0,0.23488706755129557,44.847127721077555,0,95.39356051794137
2010,37,0,0.23488706755129557,44.847127721077555,0,95.39356051794137
2010,38,0,0.23488706755129557,44.847127721077555,0,95.39356051794137
2010,39,0,0.23488706755129557,44.847127721077555,0,95.39356051794137
2010,40,0,0.23488706755129557,44.847127721077555,0,95.39356051794137
2010,41,0,0.23488706755129557,44.847127721077555,0,95.39356051794137
2010,42,2,0.23488706755129557,44.847127721077555,0,95.39356051794137
2010,43,2,0.23488706755129557,44.847127721077555,-5272.203995932619,44.49978678510711
2010,44,2,0.23488706755129557,44.847127721077555,-5316.703782717726,44.49978678510711
2010,45,4,0.23488706755129557,44.847127721077555,-5156.274056470815,44.41666023172533
2010,46,4,0.23488706755129557,44.847127721077555,-5200.69071670254,44.41666023172533
2010,47,0,0.23488706755129557,44.847127721077555,0,44.41666023172533
2010,48,0,0.23488706755129557,44.847127721077555,0,44.41666023172533
2010,49,0,0.23488706755129557,44.847127721077555,0,44.41666023172533
2010,50,0,0.23488706755129557,44.847127721077555,0,44.41666023172533
2010,51,0,0.23488706755129557,44.847127721077555,0,44.41666023172533
2010,52,0,0.23488706755129557,44.847127721077555,0,44.41666023172533
2010,53,0,0.23488706755129557,44.847127721077555,0,44.41666023172533
2010,54,0,0.23488706755129557,44.847127721077555,0,44.41666023172533
2010,55,0,0.23488706755129557,44.847127721077555,0,44.41666023172533
2010,56,0,0.23488706755129557,44.847127721077555,0,44.41666023172533
2010,57,0,0.23488706755129557,44.847127721077555,0,44.41666023172533
2010,58,0,0.23488706755129557,44.847127721077555,0,44.41666023172533
2010,59,0,0.23488706755129557,44.847127721077555,0,44.41666023172533
2010,60,0,0.23488706755129557,44.847127721077555,0,44.41666023172533
2010,61,0,0.23488706755129557,44.847127721077555,0,44.41666023172533
2010,62,0,0.23488706755129557,44.847127721077555,0,44.41666023172533
2010,63,0,0.23488706755129557,44.847127721077555,0,44.41666023172533
2010,64,0,0.23488706755129557,44.847127721077555,0,44.41666023172533
2010,65,0,0.23488706755129557,44.847127721077555,0,44.41666023172533
2010,66,0,0.23488706755129557,44.847127721077555,0,44.41666023172533
2010,67,1,0.23488706755129557,44.847127721077555,0,44.41666023172533
2010,68,0,0.23488706755129557,44.847127721077555,0,44.25848632297395
2010,69,0,0.23488706755129557,44.847127721077555,0,44.25848632297395
2010,70,0,0.23488706755129557,44.847127721077555,0,44.25848632297395
2010,71,0,0.23488706755129557,44.847127721077555,0,44.25848632297395
2010,72,0,0.23488706755129557,44.847127721077555,0,44.25848632297395
2010,73,0,0.23488706755129557,44.847127721077555,0,44.25848632297395
2010,74,0,0.23488706755129557,44.847127721077555,0,44.25848632297395
2010,75,0,0.23488706755129557,44.847127721077555,0,44.25848632297395
2010,76,0,0.23488706755129557,44.847127721077555,0,44.25848632297395
2010,77,0,0.23488706755129557,44.847127721077555,0,44.25848632297395
2010,78,0,0.23488706755129557,44.847127721077555,0,44.25848632297395
2010,79,0,0.23488706755129557,44.847127721077555,0,44.25848632297395
2010,80,0,0.23488706755129557,44.847127721077555,0,44.25848632297395
2010,81,0,0.23488706755129557,44.847127721077555,0,44.25848632297395
2010,82,0,0.23488706755129557,44.847127721077555,0,44.25848632297395
2010,83,0,0.23488706755129557,44.847127721077555,0,44.25848632297395
2010,84,0,0.23488706755129557,44.847127721077555,0,44.25848632297395
2010,85,0,0.23488706755129557,44.847127721077555,0,44.25848632297395
2010,86,0,0.23488706755129557,44.847127721077555,0,44.25848632297395
2010,87,0,0.23488706755129557,44.847127721077555,0,44.25848632297395
2010,88,0,0.23488706755129557,44.847127721077555,0,44.25848632297395
2010,89,0,0.23488706755129557,44.847127721077555,0,44.25848632297395
2010,90,0,0.23488706755129557,44.847127721077555,0,44.25848632297395
2010,91,0,0.23488706755129557,44.847127721077555,0,44.25848632297395
2010,92,0,0.23488706755129557,44.847127721077555,0,44.25848632297395
2010,93,0,0.23488706755129557,44.847127721077555,0,44.25848632297395
2010,94,0,0.23488706755129557,44.847127721077555,0,44.25848632297395
2010,95,1,0.23488706755129557,44.847127721077555,0,44.25848632297395
2010,96,0,0.23488706755129557,44.847127721077555,0,44.490150154258956
2010,97,1,0.23488706755129557,44.847127721077555,0,44.490150154258956
2010,98,1,0.23488706755129557,44.847127721077555,-5779.7441072222655,44.031870359087186
2010,99,4,0.23488706755129557,44.847127721077555,-6835.595626724071,44.2863652710081
2010,100,4,0.23488706755129557,44.847127721077555,-6879.881991995079,44.2863652710081
2010,101,7,0.23488706755129557,44.847127721077555,-7636.742486568332,44.46707280337398
2010,102,8,0.23488706755129557,44.847127721077555,-7738.176303022401,44.481856485104544
2010,103,0,0.23488706755129557,44.847127721077555,0,44.481856485104544
2010,104,0,0.23488706755129557,44.847127721077555,0,44.481856485104544
2010,105,0,0.23488706755129557,44.847127721077555,0,44.481856485104544
2010,106,0,0.23488706755129557,44.847127721077555,0,44.481856485104544
2010,107,0,0.23488706755129557,44.847127721077555,0,44.481856485104544
2010,108,0,0.23488706755129557,44.847127721077555,0,44.481856485104544
2010,109,0,0.23488706755129557,44.847127721077555,0,44.481856485104544
2010,110,0,0.23488706755129557,44.847127721077555,0,44.481856485104544
2010,111,0,0.23488706755129557,44.847127721077555,0,44.481856485104544
2010,112,0,0.23488706755129557,44.847127721077555,0,44.481856485104544
2010,113,0,0.23488706755129557,44.847127721077555,0,44.481856485104544
2010,114,0,0.23488706755129557,44.847127721077555,0,44.481856485104544
2010,115,0,0.23488706755129557,44.847127721077555,0,44.481856485104544
2010,116,0,0.23488706755129557,44.847127721077555,0,44.481856485104544
2010,117,0,0.23488706755129557,44.847127721077555,0,44.481856485104544
2010,118,0,0.23488706755129557,44.847127721077555,0,44.481856485104544
2010,119,0,0.23488706755129557,44.847127721077555,0,44.481856485104544
2010,120,0,0.23488706755129557,44.847127721077555,0,44.481856485104544
2010,121,0,0.23488706755129557,44.847127721077555,0,44.481856485104544
2010,122,0,0.23488706755129557,44.847127721077555,0,44.481856485104544
2010,123,0,0.23488706755129557,44.847127721077555,0,44.481856485104544
2010,124,0,0.23488706755129557,44.847127721077555,0,44.481856485104544
2010,125,0,0.23488706755129557,44.847127721077555,0,44.481856485104544
2010,126,0,0.23488706755129557,44.847127721077555,0,44.481856485104544
2010,127,0,0.23488706755129557,44.847127721077555,0,44.481856485104544
2010,128,0,0.23488706755129557,44.847127721077555,0,44.481856485104544
2010,129,0,0.23488706755129557,44.847127721077555,0,44.481856485104544
2010,130,0,0.23488706755129557,44.847127721077555,0,44.481856485104544
2010,131,0,0.23488706755129557,44.847127721077555,0,44.481856485104544
2010,132,0,0.23488706755129557,44.847127721077555,0,44.481856485104544
2010,133,0,0.23488706755129557,44.847127721077555,0,44.481856485104544
2010,134,0,0.23488706755129557,44.847127721077555,0,44.481856485104544
2010,135,0,0.23488706755129557,44.847127721077555,0,44.481856485104544
2010,136,0,0.23488706755129557,44.847127721077555,0,44.481856485104544
2010,137,0,0.23488706755129557,44.847127721077555,0,44.481856485104544
2010,138,0,0.23488706755129557,44.847127721077555,0,44.481856485104544
2010,139,0,0.23488706755129557,44.847127721077555,0,44.481856485104544
2010,140,0,0.23488706755129557,44.847127721077555,0,44.481856485104544
2010,141,0,0.23488706755129557,44.847127721077555,0,44.481856485104544
2010,142,0,0.23488706755129557,44.847127721077555,0,44.481856485104544
2010,143,0,0.23488706755129557,44.847127721077555,0,44.481856485104544
2010,144,0,0.23488706755129557,44.847127721077555,0,44.481856485104544
2010,145,0,0.23488706755129557,44.847127721077555,0,44.481856485104544
2010,146,0,0.23488706755129557,44.847127721077555,0,44.481856485104544
2010,147,0,0.23488706755129557,44.847127721077555,0,44.481856485104544
2010,148,0,0.23488706755129557,44.847127721077555,0,44.481856485104544
2010,149,0,0.23488706755129557,44.847127721077555,0,44.481856485104544
2010,150,0,0.23488706755129557,44.847127721077555,0,44.481856485104544
2010,151,0,0.23488706755129557,44.847127721077555,0,44.481856485104544
2010,152,0,0.23488706755129557,44.847127721077555,0,44.481856485104544
2010,153,0,0.23488706755129557,44.847127721077555,0,44.481856485104544
2010,154,0,0.23488706755129557,44.847127721077555,0,44.481856485104544
2010,155,0,0.23488706755129557,44.847127721077555,0,44.481856485104544
2010,156,0,0.23488706755129557,44.847127721077555,0,44.481856485104544
2010,157,0,0.23488706755129557,44.847127721077555,0,44.481856485104544
2010,158,0,0.23488706755129557,44.847127721077555,0,44.481856485104544
2010,159,0,0.23488706755129557,44.847127721077555,0,44.481856485104544
2010,160,0,0.23488706755129557,44.847127721077555,0,44.481856485104544
2010,161,0,0.23488706755129557,44.847127721077555,0,44.481856485104544
2010,162,1,0.23488706755129557,44.847127721077555,0,44.481856485104544
2010,163,5,0.23488706755129557,44.847127721077555,-9289.154618749879,44.50281860742043
2010,164,5,0.23488706755129557,44.847127721077555,-9333.657437357302,44.50281860742043
2010,165,5,0.23488706755129557,44.847127721077555,-9378.16025596472,44.50281860742043
2010,166,0,0.23488706755129557,44.847127721077555,0,44.50281860742043
2010,167,0,0.23488706755129557,44.847127721077555,0,44.50281860742043
2010,168,0,0.23488706755129557,44.847127721077555,0,44.50281860742043
2010,169,0,0.23488706755129557,44.847127721077555,0,44.50281860742043
2010,170,0,0.23488706755129557,44.847127721077555,0,44.50281860742043
2010,171,0,0.23488706755129557,44.847127721077555,0,44.50281860742043
2010,172,0,0.23488706755129557,44.847127721077555,0,44.50281860742043
2010,173,0,0.23488706755129557,44.847127721077555,0,44.50281860742043
2010,174,0,0.23488706755129557,44.847127721077555,0,44.50281860742043
2010,175,0,0.23488706755129557,44.847127721077555,0,44.50281860742043
2010,176,0,0.23488706755129557,44.847127721077555,0,44.50281860742043
2010,177,0,0.23488706755129557,44.847127721077555,0,44.50281860742043
2010,178,0,0.23488706755129557,44.847127721077555,0,44.50281860742043
2010,179,0,0.23488706755129557,44.847127721077555,0,44.50281860742043
2010,180,0,0.23488706755129557,44.847127721077555,0,44.50281860742043
2010,181,0,0.23488706755129557,44.847127721077555,0,44.50281860742043
2010,182,0,0.23488706755129557,44.847127721077555,0,44.50281860742043
2010,183,0,0.23488706755129557,44.847127721077555,0,44.50281860742043
2010,184,0,0.23488706755129557,44.847127721077555,0,44.50281860742043
2010,185,0,0.23488706755129557,44.847127721077555,0,44.50281860742043
2010,186,0,0.23488706755129557,44.847127721077555,0,44.50281860742043
2010,187,0,0.23488706755129557,44.847127721077555,0,44.50281860742043
2010,188,0,0.23488706755129557,44.847127721077555,0,44.50281860742043
2010,189,0,0.23488706755129557,44.847127721077555,0,44.50281860742043
2010,190,0,0.23488706755129557,44.847127721077555,0,44.50281860742043
2010,191,0,0.23488706755129557,44.847127721077555,0,44.50281860742043
2010,192,0,0.23488706755129557,44.847127721077555,0,44.50281860742043
2010,193,0,0.23488706755129557,44.847127721077555,0,44.50281860742043
2010,194,0,0.23488706755129557,44.847127721077555,0,44.50281860742043
2010,195,0,0.23488706755129557,44.847127721077555,0,44.50281860742043
2010,196,0,0.23488706755129557,44.847127721077555,0,44.50281860742043
2010,197,0,0.23488706755129557,44.847127721077555,0,44.50281860742043
2010,198,0,0.23488706755129557,44.847127721077555,0,44.50281860742043
2010,199,0,0.23488706755129557,44.847127721077555,0,44.50281860742043
2010,200,0,0.23488706755129557,44.847127721077555,0,44.50281860742043
2010,201,0,0.23488706755129557,44.847127721077555,0,44.50281860742043
2010,202,0,0.23488706755129557,44.847127721077555,0,44.50281860742043
2010,203,0,0.23488706755129557,44.847127721077555,0,44.50281860742043
2010,204,0,0.23488706755129557,44.847127721077555,0,44.50281860742043
2010,205,0,0.23488706755129557,44.847127721077555,0,44.50281860742043
2010,206,0,0.23488706755129557,44.847127721077555,0,44.50281860742043
2010,207,0,0.23488706755129557,44.847127721077555,0,44.50281860742043
2010,208,0,0.23488706755129557,44.847127721077555,0,44.50281860742043
2010,209,0,0.23488706755129557,44.847127721077555,0,44.50281860742043
2010,210,0,0.23488706755129557,44.847127721077555,0,44.50281860742043
2010,211,0,0.23488706755129557,44.847127721077555,0,44.50281860742043
2010,212,0,0.23488706755129557,44.847127721077555,0,44.50281860742043
2010,213,0,0.23488706755129557,44.847127721077555,0,44.50281860742043
2010,214,0,0.23488706755129557,44.847127721077555,0,44.50281860742043
2010,215,0,0.23488706755129557,44.847127721077555,0,44.50281860742043
2010,216,0,0.23488706755129557,44.847127721077555,0,44.50281860742043
2010,217,0,0.23488706755129557,44.847127721077555,0,44.50281860742043
2010,218,0,0.23488706755129557,44.847127721077555,0,44.50281860742043
2010,219,0,0.23488706755129557,44.847127721077555,0,44.50281860742043
2010,220,0,0.23488706755129557,44.847127721077555,0,44.50281860742043
2010,221,0,0.23488706755129557,44.847127721077555,0,44.50281860742043
2010,222,0,0.23488706755129557,44.847127721077555,0,44.50281860742043
2010,223,0,0.23488706755129557,44.847127721077555,0,44.50281860742043
2010,224,0,0.23488706755129557,44.847127721077555,0,44.50281860742043
2010,225,0,0.23488706755129557,44.847127721077555,0,44.50281860742043
2010,226,0,0.23488706755129557,44.847127721077555,0,44.50281860742043
2010,227,0,0.23488706755129557,44.847127721077555,0,44.50281860742043
2010,228,0,0.23488706755129557,44.847127721077555,0,44.50281860742043
2010,229,0,0.23488706755129557,44.847127721077555,0,44.50281860742043
2010,230,0,0.23488706755129557,44.847127721077555,0,44.50281860742043
2010,231,0,0.23488706755129557,44.847127721077555,0,44.50281860742043
2010,232,0,0.23488706755129557,44.847127721077555,0,44.50281860742043
2010,233,0,0.23488706755129557,44.847127721077555,0,44.50281860742043
2010,234,0,0.23488706755129557,44.847127721077555,0,44.50281860742043
2010,235,0,0.23488706755129557,44.847127721077555,0,44.50281860742043
2010,236,0,0.23488706755129557,44.847127721077555,0,44.50281860742043
2010,237,0,0.23488706755129557,44.847127721077555,0,44.50281860742043
2010,238,0,0.23488706755129557,44.847127721077555,0,44.50281860742043
2010,239,0,0.23488706755129557,44.847127721077555,0,44.50281860742043
2010,240,0,0.23488706755129557,44.847127721077555,0,44.50281860742043
2010,241,0,0.23488706755129557,44.847127721077555,0,44.50281860742043
2010,242,0,0.23488706755129557,44.847127721077555,0,44.50281860742043
2010,243,0,0.23488706755129557,44.847127721077555,0,44.50281860742043
2010,244,0,0.23488706755129557,44.847127721077555,0,44.50281860742043
2010,245,0,0.23488706755129557,44.847127721077555,0,44.50281860742043
2010,246,0,0.23488706755129557,44.847127721077555,0,44.50281860742043
2010,247,0,0.23488706755129557,44.847127721077555,0,44.50281860742043
2010,248,0,0.23488706755129557,44.847127721077555,0,44.50281860742043
2010,249,0,0.23488706755129557,44.847127721077555,0,44.50281860742043
2010,250,0,0.23488706755129557,44.847127721077555,0,44.50281860742043
2010,251,0,0.23488706755129557,44.847127721077555,0,44.50281860742043
2010,252,0,0.23488706755129557,44.847127721077555,0,44.50281860742043
2010,253,0,0.23488706755129557,44.847127721077555,0,44.50281860742043
2010,254,0,0.23488706755129557,44.847127721077555,0,44.50281860742043
2010,255,0,0.23488706755129557,44.847127721077555,0,44.50281860742043
2010,256,0,0.23488706755129557,44.847127721077555,0,44.50281860742043
2010,257,0,0.23488706755129557,44.847127721077555,0,44.50281860742043
2010,258,0,0.23488706755129557,44.847127721077555,0,44.50281860742043
2010,259,0,0.23488706755129557,44.847127721077555,0,44.50281860742043
2010,260,0,0.23488706755129557,44.847127721077555,0,44.50281860742043
2010,261,0,0.23488706755129557,44.847127721077555,0,44.50281860742043
2010,262,0,0.23488706755129557,44.847127721077555,0,44.50281860742043
2010,263,0,0.23488706755129557,44.847127721077555,0,44.50281860742043
2010,264,0,0.23488706755129557,44.847127721077555,0,44.50281860742043
2010,265,0,0.23488706755129557,44.847127721077555,0,44.50281860742043
2010,266,0,0.23488706755129557,44.847127721077555,0,44.50281860742043
2010,267,0,0.23488706755129557,44.847127721077555,0,44.50281860742043
2010,268,0,0.23488706755129557,44.847127721077555,0,44.50281860742043
2010,269,0,0.23488706755129557,44.847127721077555,0,44.50281860742043
2010,270,0,0.23488706755129557,44.847127721077555,0,44.50281860742043
2010,271,0,0.23488706755129557,44.847127721077555,0,44.50281860742043
2010,272,0,0.23488706755129557,44.847127721077555,0,44.50281860742043
2010,273,0,0.23488706755129557,44.847127721077555,0,44.50281860742043
2010,274,0,0.23488706755129557,44.847127721077555,0,44.50281860742043
2010,275,0,0.23488706755129557,44.847127721077555,0,44.50281860742043
2010,276,0,0.23488706755129557,44.847127721077555,0,44.50281860742043
2010,277,0,0.23488706755129557,44.847127721077555,0,44.50281860742043
2010,278,0,0.23488706755129557,44.847127721077555,0,44.50281860742043
2010,279,0,0.23488706755129557,44.847127721077555,0,44.50281860742043
2010,280,0,0.23488706755129557,44.847127721077555,0,44.50281860742043
2010,281,0,0.23488706755129557,44.847127721077555,0,44.50281860742043
2010,282,0,0.23488706755129557,44.847127721077555,0,44.50281860742043
2010,283,0,0.23488706755129557,44.847127721077555,0,44.50281860742043
2010,284,0,0.23488706755129557,44.847127721077555,0,44.50281860742043
2010,285,0,0.23488706755129557,44.847127721077555,0,44.50281860742043
2010,286,0,0.23488706755129557,44.847127721077555,0,44.50281860742043
2010,287,0,0.23488706755129557,44.847127721077555,0,44.50281860742043
2010,288,0,0.23488706755129557,44.847127721077555,0,44.50281860742043
2010,289,0,0.23488706755129557,44.847127721077555,0,44.50281860742043
2010,290,0,0.23488706755129557,44.847127721077555,0,44.50281860742043
2010,291,0,0.23488706755129557,44.847127721077555,0,44.50281860742043
2010,292,0,0.23488706755129557,44.847127721077555,0,44.50281860742043
2010,293,0,0.23488706755129557,44.847127721077555,0,44.50281860742043
2010,294,0,0.23488706755129557,44.847127721077555,0,44.50281860742043
2010,295,0,0.23488706755129557,44.847127721077555,0,44.50281860742043
2010,296,0,0.23488706755129557,44.847127721077555,0,44.50281860742043
2010,297,0,0.23488706755129557,44.847127721077555,0,44.50281860742043
2010,298,0,0.23488706755129557,44.847127721077555,0,44.50281860742043
2010,299,0,0.23488706755129557,44.847127721077555,0,44.50281860742043
2010,300,0,0.23488706755129557,44.847127721077555,0,44.50281860742043
2010,301,0,0.23488706755129557,44.847127721077555,0,44.50281860742043
2010,302,0,0.23488706755129557,44.847127721077555,0,44.50281860742043
2010,303,0,0.23488706755129557,44.847127721077555,0,44.50281860742043
2010,304,0,0.23488706755129557,44.847127721077555,0,44.50281860742043
2010,305,0,0.23488706755129557,44.847127721077555,0,44.50281860742043
2010,306,0,0.23488706755129557,44.847127721077555,0,44.50281860742043
2010,307,0,0.23488706755129557,44.847127721077555,0,44.50281860742043
2010,308,0,0.23488706755129557,44.847127721077555,0,44.50281860742043
2010,309,0,0.23488706755129557,44.847127721077555,0,44.50281860742043
2010,310,0,0.23488706755129557,44.847127721077555,0,44.50281860742043
2010,311,0,0.23488706755129557,44.847127721077555,0,44.50281860742043
2010,312,0,0.23488706755129557,44.847127721077555,0,44.50281860742043
2010,313,0,0.23488706755129557,44.847127721077555,0,44.50281860742043
2010,314,0,0.23488706755129557,44.847127721077555,0,44.50281860742043
2010,315,0,0.23488706755129557,44.847127721077555,0,44.50281860742043
2010,316,0,0.23488706755129557,44.847127721077555,0,44.50281860742043
2010,317,0,0.23488706755129557,44.847127721077555,0,44.50281860742043
2010,318,0,0.23488706755129557,44.847127721077555,0,44.50281860742043
2010,319,0,0.23488706755129557,44.847127721077555,0,44.50281860742043
2010,320,0,0.23488706755129557,44.847127721077555,0,44.50281860742043
2010,321,0,0.23488706755129557,44.847127721077555,0,44.50281860742043
2010,322,0,0.23488706755129557,44.847127721077555,0,44.50281860742043
2010,323,0,0.23488706755129557,44.847127721077555,0,44.50281860742043
2010,324,0,0.23488706755129557,44.847127721077555,0,44.50281860742043
2010,325,0,0.23488706755129557,44.847127721077555,0,44.50281860742043
2010,326,0,0.23488706755129557,44.847127721077555,0,44.50281860742043
2010,327,0,0.23488706755129557,44.847127721077555,0,44.50281860742043
2010,328,0,0.23488706755129557,44.847127721077555,0,44.50281860742043
2010,329,0,0.23488706755129557,44.847127721077555,0,44.50281860742043
2010,330,0,0.23488706755129557,44.847127721077555,0,44.50281860742043
2010,331,0,0.23488706755129557,44.847127721077555,0,44.50281860742043
2010,332,0,0.23488706755129557,44.847127721077555,0,44.50281860742043
2010,333,0,0.23488706755129557,44.847127721077555,0,44.50281860742043
2010,334,0,0.23488706755129557,44.847127721077555,0,44.50281860742043
2010,335,0,0.23488706755129557,44.847127721077555,0,44.50281860742043
2010,336,0,0.23488706755129557,44.847127721077555,0,44.50281860742043
2010,337,0,0.23488706755129557,44.847127721077555,0,44.50281860742043
2010,338,0,0.23488706755129557,44.847127721077555,0,44.50281860742043
2010,339,0,0.23488706755129557,44.847127721077555,0,44.50281860742043
2010,340,0,0.23488706755129557,44.847127721077555,0,44.50281860742043
2010,341,0,0.23488706755129557,44.847127721077555,0,44.50281860742043
2010,342,0,0.23488706755129557,44.847127721077555,0,44.50281860742043
2010,343,0,0.23488706755129557,44.847127721077555,0,44.50281860742043
2010,344,0,0.23488706755129557,44.847127721077555,0,44.50281860742043
2010,345,0,0.23488706755129557,44.847127721077555,0,44.50281860742043
2010,346,0,0.23488706755129557,44.847127721077555,0,44.50281860742043
2010,347,0,0.23488706755129557,44.847127721077555,0,44.50281860742043
2010,348,0,0.23488706755129557,44.847127721077555,0,44.50281860742043
2010,349,0,0.23488706755129557,44.847127721077555,0,44.50281860742043
2010,350,0,0.23488706755129557,44.847127721077555,0,44.50281860742043
2010,351,0,0.23488706755129557,44.847127721077555,0,44.50281860742043
2010,352,0,0.23488706755129557,44.847127721077555,0,44.50281860742043
2010,353,0,0.23488706755129557,44.847127721077555,0,44.50281860742043
2010,354,0,0.23488706755129557,44.847127721077555,0,44.50281860742043
2010,355,0,0.23488706755129557,44.847127721077555,0,44.50281860742043
2010,356,0,0.23488706755129557,44.847127721077555,0,44.50281860742043
2010,357,0,0.23488706755129557,44.847127721077555,0,44.50281860742043
2010,358,0,0.23488706755129557,44.847127721077555,0,44.50281860742043
2010,359,0,0.23488706755129557,44.847127721077555,0,44.50281860742043
2010,360,0,0.23488706755129557,44.847127721077555,0,44.50281860742043
2010,361,0,0.23488706755129557,44.847127721077555,0,44.50281860742043
2010,362,0,0.23488706755129557,44.847127721077555,0,44.50281860742043
2010,363,0,0.23488706755129557,44.847127721077555,0,44.50281860742043
2010,364,0,0.23488706755129557,44.847127721077555,0,44.50281860742043
2010,365,0,0.23488706755129557,44.847127721077555,0,44.50281860742043
2011,1,0,0.23488706755129557,44.847127721077555,0,44.50281860742043
2011,2,0,0.23488706755129557,44.847127721077555,0,44.50281860742043
2011,3,0,0.23488706755129557,44.847127721077555,0,44.50281860742043
2011,4,0,0.23488706755129557,44.847127721077555,0,44.50281860742043
2011,5,0,0.23488706755129557,44.847127721077555,0,44.50281860742043
2011,6,0,0.23488706755129557,44.847127721077555,0,44.50281860742043
2011,7,0,0.23488706755129557,44.847127721077555,0,44.50281860742043
2011,8,0,0.23488706755129557,44.847127721077555,0,44.50281860742043
2011,9,0,0.23488706755129557,44.847127721077555,0,44.50281860742043
2011,10,0,0.23488706755129557,44.847127721077555,0,44.50281860742043
2011,11,0,0.23488706755129557,44.847127721077555,0,44.50281860742043
2011,12,0,0.23488706755129557,44.847127721077555,0,44.50281860742043
2011,13,0,0.23488706755129557,44.847127721077555,0,44.50281860742043
2011,14,0,0.23488706755129557,44.847127721077555,0,44.50281860742043
2011,15,0,0.23488706755129557,44.847127721077555,0,44.50281860742043
2011,16,0,0.23488706755129557,44.847127721077555,0,44.50281860742043
2011,17,0,0.23488706755129557,44.847127721077555,0,44.50281860742043
2011,18,0,0.23488706755129557,44.847127721077555,0,44.50281860742043
2011,19,0,0.23488706755129557,44.847127721077555,0,44.50281860742043
2011,20,0,0.23488706755129557,44.847127721077555,0,44.50281860742043
2011,21,0,0.23488706755129557,44.847127721077555,0,44.50281860742043
2011,22,0,0.23488706755129557,44.847127721077555,0,44.50281860742043
2011,23,0,0.23488706755129557,44.847127721077555,0,44.50281860742043
2011,24,0,0.23488706755129557,44.847127721077555,0,44.50281860742043
2011,25,0,0.23488706755129557,44.847127721077555,0,44.50281860742043
2011,26,0,0.23488706755129557,44.847127721077555,0,44.50281860742043
2011,27,0,0.23488706755129557,44.847127721077555,0,44.50281860742043
2011,28,0,0.23488706755129557,44.847127721077555,0,44.50281860742043
2011,29,0,0.23488706755129557,44.847127721077555,0,44.50281860742043
2011,30,0,0.23488706755129557,44.847127721077555,0,44.50281860742043
2011,31,0,0.23488706755129557,44.847127721077555,0,44.50281860742043
2011,32,0,0.23488706755129557,44.847127721077555,0,44.50281860742043
2011,33,0,0.23488706755129557,44.847127721077555,0,44.50281860742043
2011,34,0,0.23488706755129557,44.847127721077555,0,44.50281860742043
2011,35,0,0.23488706755129557,44.847127721077555,0,44.50281860742043
2011,36,0,0.23488706755129557,44.847127721077555,0,44.50281860742043
2011,37,0,0.23488706755129557,44.847127721077555,0,44.50281860742043
2011,38,0,0.23488706755129557,44.847127721077555,0,44.50281860742043
2011,39,0,0.23488706755129557,44.847127721077555,0,44.50281860742043
2011,40,0,0.23488706755129557,44.847127721077555,0,44.50281860742043
2011,41,0,0.23488706755129557,44.847127721077555,0,44.50281860742043
2011,42,0,0.23488706755129557,44.847127721077555,0,44.50281860742043
2011,43,0,0.23488706755129557,44.847127721077555,0,44.50281860742043
2011,44,0,0.23488706755129557,44.847127721077555,0,44.50281860742043
2011,45,0,0.23488706755129557,44.847127721077555,0,44.50281860742043
2011,46,0,0.23488706755129557,44.847127721077555,0,44.50281860742043
2011,47,0,0.23488706755129557,44.847127721077555,0,44.50281860742043
2011,48,0,0.23488706755129557,44.847127721077555,0,44.50281860742043
2011,49,0,0.23488706755129557,44.847127721077555,0,44.50281860742043
2011,50,0,0.23488706755129557,44.847127721077555,0,44.50281860742043
2011,51,0,0.23488706755129557,44.847127721077555,0,44.50281860742043
2011,52,0,0.23488706755129557,44.847127721077555,0,44.50281860742043
2011,53,0,0.23488706755129557,44.847127721077555,0,44.50281860742043
2011,54,0,0.23488706755129557,44.847127721077555,0,44.50281860742043
2011,55,0,0.23488706755129557,44.847127721077555,0,44.50281860742043
2011,56,0,0.23488706755129557,44.847127721077555,0,44.50281860742043
2011,57,0,0.23488706755129557,44.847127721077555,0,44.50281860742043
2011,58,0,0.23488706755129557,44.847127721077555,0,44.50281860742043
2011,59,0,0.23488706755129557,44.847127721077555,0,44.50281860742043
2011,60,0,0.23488706755129557,44.847127721077555,0,44.50281860742043
2011,61,0,0.23488706755129557,44.847127721077555,0,44.50281860742043
2011,62,0,0.23488706755129557,44.847127721077555,0,44.50281860742043
2011,63,0,0.23488706755129557,44.847127721077555,0,44.50281860742043
2011,64,0,0.23488706755129557,44.847127721077555,0,44.50281860742043
2011,65,0,0.23488706755129557,44.847127721077555,0,44.50281860742043
2011,66,0,0.23488706755129557,44.847127721077555,0,44.50281860742043
2011,67,0,0.23488706755129557,44.847127721077555,0,44.50281860742043
2011,68,0,0.23488706755129557,44.847127721077555,0,44.50281860742043
2011,69,0,0.23488706755129557,44.847127721077555,0,44.50281860742043
2011,70,0,0.23488706755129557,44.847127721077555,0,44.50281860742043
2011,71,0,0.23488706755129557,44.847127721077555,0,44.50281860742043
2011,72,0,0.23488706755129557,44.847127721077555,0,44.50281860742043
2011,73,0,0.23488706755129557,44.847127721077555,0,44.50281860742043
2011,74,0,0.23488706755129557,44.847127721077555,0,44.50281860742043
2011,75,0,0.23488706755129557,44.847127721077555,0,44.50281860742043
2011,76,0,0.23488706755129557,44.847127721077555,0,44.50281860742043
2011,77,0,0.23488706755129557,44.847127721077555,0,44.50281860742043
2011,78,0,0.23488706755129557,44.847127721077555,0,44.50281860742043
2011,79,0,0.23488706755129557,44.847127721077555,0,44.50281860742043
2011,80,0,0.23488706755129557,44.847127721077555,0,44.50281860742043
2011,81,0,0.23488706755129557,44.847127721077555,0,44.50281860742043
2011,82,0,0.23488706755129557,44.847127721077555,0,44.50281860742043
2011,83,0,0.23488706755129557,44.847127721077555,0,44.50281860742043
2011,84,0,0.23488706755129557,44.847127721077555,0,44.50281860742043
2011,85,0,0.23488706755129557,44.847127721077555,0,44.50281860742043
2011,86,0,0.23488706755129557,44.847127721077555,0,44.50281860742043
2011,87,0,0.23488706755129557,44.847127721077555,0,44.50281860742043
2011,88,0,0.23488706755129557,44.847127721077555,0,44.50281860742043
2011,89,0,0.23488706755129557,44.847127721077555,0,44.50281860742043
2011,90,0,0.23488706755129557,44.847127721077555,0,44.50281860742043
2011,91,0,0.23488706755129557,44.847127721077555,0,44.50281860742043
2011,92,0,0.23488706755129557,44.847127721077555,0,44.50281860742043
2011,93,0,0.23488706755129557,44.847127721077555,0,44.50281860742043
2011,94,0,0.23488706755129557,44.847127721077555,0,44.50281860742043
2011,95,0,0.23488706755129557,44.847127721077555,0,44.50281860742043
2011,96,0,0.23488706755129557,44.847127721077555,0,44.50281860742043
2011,97,0,0.23488706755129557,44.847127721077555,0,44.50281860742043
2011,98,0,0.23488706755129557,44.847127721077555,0,44.50281860742043
2011,99,0,0.23488706755129557,44.847127721077555,0,44.50281860742043
2011,100,0,0.23488706755129557,44.847127721077555,0,44.50281860742043
2011,101,0,0.23488706755129557,44.847127721077555,0,44.50281860742043
2011,102,0,0.23488706755129557,44.847127721077555,0,44.50281860742043
2011,103,0,0.23488706755129557,44.847127721077555,0,44.50281860742043
2011,104,0,0.23488706755129557,44.847127721077555,0,44.50281860742043
2011,105,0,0.23488706755129557,44.847127721077555,0,44.50281860742043
2011,106,0,0.23488706755129557,44.847127721077555,0,44.50281860742043
2011,107,0,0.23488706755129557,44.847127721077555,0,44.50281860742043
2011,108,0,0.23488706755129557,44.847127721077555,0,44.50281860742043
2011,109,0,0.23488706755129557,44.847127721077555,0,44.50281860742043
2011,110,0,0.23488706755129557,44.847127721077555,0,44.50281860742043
2011,111,0,0.23488706755129557,44.847127721077555,0,44.50281860742043
2011,112,0,0.23488706755129557,44.847127721077555,0,44.50281860742043
2011,113,0,0.23488706755129557,44.847127721077555,0,44.50281860742043
2011,114,0,0.23488706755129557,44.847127721077555,0,44.50281860742043
2011,115,0,0.23488706755129557,44.847127721077555,0,44.50281860742043
2011,116,0,0.23488706755129557,44.847127721077555,0,44.50281860742043
2011,117,0,0.23488706755129557,44.847127721077555,0,44.50281860742043
2011,118,0,0.23488706755129557,44.847127721077555,0,44.50281860742043
2011,119,0,0.23488706755129557,44.847127721077555,0,44.50281860742043
2011,120,0,0.23488706755129557,44.847127721077555,0,44.50281860742043
2011,121,0,0.23488706755129557,44.847127721077555,0,44.50281860742043
2011,122,0,0.23488706755129557,44.847127721077555,0,44.50281860742043
2011,123,0,0.23488706755129557,44.847127721077555,0,44.50281860742043
2011,124,0,0.23488706755129557,44.847127721077555,0,44.50281860742043
2011,125,0,0.23488706755129557,44.847127721077555,0,44.50281860742043
2011,126,0,0.23488706755129557,44.847127721077555,0,44.50281860742043
2011,127,0,0.23488706755129557,44.847127721077555,0,44.50281860742043
2011,128,0,0.23488706755129557,44.847127721077555,0,44.50281860742043
2011,129,0,0.23488706755129557,44.847127721077555,0,44.50281860742043
2011,130,0,0.23488706755129557,44.847127721077555,0,44.50281860742043
2011,131,0,0.23488706755129557,44.847127721077555,0,44.50281860742043
2011,132,0,0.23488706755129557,44.847127721077555,0,44.50281860742043
2011,133,0,0.23488706755129557,44.847127721077555,0,44.50281860742043
2011,134,0,0.23488706755129557,44.847127721077555,0,44.50281860742043
2011,135,0,0.23488706755129557,44.847127721077555,0,44.50281860742043
2011,136,0,0.23488706755129557,44.847127721077555,0,44.50281860742043
2011,137,0,0.23488706755129557,44.847127721077555,0,44.50281860742043
2011,138,0,0.23488706755129557,44.847127721077555,0,44.50281860742043
2011,139,0,0.23488706755129557,44.847127721077555,0,44.50281860742043
2011,140,0,0.23488706755129557,44.847127721077555,0,44.50281860742043
2011,141,0,0.23488706755129557,44.847127721077555,0,44.50281860742043
2011,142,0,0.23488706755129557,44.847127721077555,0,44.50281860742043
2011,143,0,0.23488706755129557,44.847127721077555,0,44.50281860742043
2011,144,0,0.23488706755129557,44.847127721077555,0,44.50281860742043
2011,145,0,0.23488706755129557,44.847127721077555,0,44.50281860742043
2011,146,0,0.23488706755129557,44.847127721077555,0,44.50281860742043
2011,147,0,0.23488706755129557,44.847127721077555,0,44.50281860742043
2011,148,0,0.23488706755129557,44.847127721077555,0,44.50281860742043
2011,149,0,0.23488706755129557,44.847127721077555,0,44.50281860742043
2011,150,0,0.23488706755129557,44.847127721077555,0,44.50281860742043
2011,151,0,0.23488706755129557,44.847127721077555,0,44.50281860742043
2011,152,0,0.23488706755129557,44.847127721077555,0,44.50281860742043
2011,153,0,0.23488706755129557,44.847127721077555,0,44.50281860742043
2011,154,0,0.23488706755129557,44.847127721077555,0,44.50281860742043
2011,155,0,0.23488706755129557,44.847127721077555,0,44.50281860742043
2011,156,0,0.23488706755129557,44.847127721077555,0,44.50281860742043
2011,157,0,0.23488706755129557,44.847127721077555,0,44.50281860742043
2011,158,0,0.23488706755129557,44.847127721077555,0,44.50281860742043
2011,159,0,0.23488706755129557,44.847127721077555,0,44.50281860742043
2011,160,0,0.23488706755129557,44.847127721077555,0,44.50281860742043
2011,161,0,0.23488706755129557,44.847127721077555,0,44.50281860742043
2011,162,0,0.23488706755129557,44.847127721077555,0,44.50281860742043
2011,163,0,0.23488706755129557,44.847127721077555,0,44.50281860742043
2011,164,0,0.23488706755129557,44.847127721077555,0,44.50281860742043
2011,165,0,0.23488706755129557,44.847127721077555,0,44.50281860742043
2011,166,0,0.23488706755129557,44.847127721077555,0,44.50281860742043
2011,167,0,0.23488706755129557,44.847127721077555,0,44.50281860742043
2011,168,0,0.23488706755129557,44.847127721077555,0,44.50281860742043
2011,169,0,0.23488706755129557,44.847127721077555,0,44.50281860742043
2011,170,0,0.23488706755129557,44.847127721077555,0,44.50281860742043
2011,171,0,0.23488706755129557,44.847127721077555,0,44.50281860742043
2011,172,0,0.23488706755129557,44.847127721077555,0,44.50281860742043
2011,173,0,0.23488706755129557,44.847127721077555,0,44.50281860742043
2011,174,0,0.23488706755129557,44.847127721077555,0,44.50281860742043
2011,175,0,0.23488706755129557,44.847127721077555,0,44.50281860742043
2011,176,0,0.23488706755129557,44.847127721077555,0,44.50281860742043
2011,177,0,0.23488706755129557,44.847127721077555,0,44.50281860742043
2011,178,0,0.23488706755129557,44.847127721077555,0,44.50281860742043
2011,179,0,0.23488706755129557,44.847127721077555,0,44.50281860742043
2011,180,0,0.23488706755129557,44.847127721077555,0,44.50281860742043
2011,181,0,0.23488706755129557,44.847127721077555,0,44.50281860742043
2011,182,0,0.23488706755129557,44.847127721077555,0,44.50281860742043
2011,183,0,0.23488706755129557,44.847127721077555,0,44.50281860742043
2011,184,0,0.23488706755129557,44.847127721077555,0,44.50281860742043
2011,185,0,0.23488706755129557,44.847127721077555,0,44.50281860742043
2011,186,0,0.23488706755129557,44.847127721077555,0,44.50281860742043
2011,187,0,0.23488706755129557,44.847127721077555,0,44.50281860742043
2011,188,0,0.23488706755129557,44.847127721077555,0,44.50281860742043
2011,189,0,0.23488706755129557,44.847127721077555,0,44.50281860742043
2011,190,0,0.23488706755129557,44.847127721077555,0,44.50281860742043
2011,191,0,0.23488706755129557,44.847127721077555,0,44.50281860742043
2011,192,0,0.23488706755129557,44.847127721077555,0,44.50281860742043
2011,193,0,0.23488706755129557,44.847127721077555,0,44.50281860742043
2011,194,0,0.23488706755129557,44.847127721077555,0,44.50281860742043
2011,195,0,0.23488706755129557,44.847127721077555,0,44.50281860742043
2011,196,0,0.23488706755129557,44.847127721077555,0,44.50281860742043
2011,197,0,0.23488706755129557,44.847127721077555,0,44.50281860742043
2011,198,0,0.23488706755129557,44.847127721077555,0,44.50281860742043
2011,199,0,0.23488706755129557,44.847127721077555,0,44.50281860742043
2011,200,0,0.23488706755129557,44.847127721077555,0,44.50281860742043
2011,201,0,0.23488706755129557,44.847127721077555,0,44.50281860742043
2011,202,0,0.23488706755129557,44.847127721077555,0,44.50281860742043
2011,203,0,0.23488706755129557,44.847127721077555,0,44.50281860742043
2011,204,0,0.23488706755129557,44.847127721077555,0,44.50281860742043
2011,205,0,0.23488706755129557,44.847127721077555,0,44.50281860742043
2011,206,0,0.23488706755129557,44.847127721077555,0,44.50281860742043
2011,207,0,0.23488706755129557,44.847127721077555,0,44.50281860742043
2011,208,0,0.23488706755129557,44.847127721077555,0,44.50281860742043
2011,209,0,0.23488706755129557,44.847127721077555,0,44.50281860742043
2011,210,0,0.23488706755129557,44.847127721077555,0,44.50281860742043
2011,211,0,0.23488706755129557,44.847127721077555,0,44.50281860742043
2011,212,0,0.23488706755129557,44.847127721077555,0,44.50281860742043
2011,213,0,0.23488706755129557,44.847127721077555,0,44.50281860742043
2011,214,0,0.23488706755129557,44.847127721077555,0,44.50281860742043
2011,215,0,0.23488706755129557,44.847127721077555,0,44.50281860742043
2011,216,0,0.23488706755129557,44.847127721077555,0,44.50281860742043
2011,217,0,0.23488706755129557,44.847127721077555,0,44.50281860742043
2011,218,0,0.23488706755129557,44.847127721077555,0,44.50281860742043
2011,219,0,0.23488706755129557,44.847127721077555,0,44.50281860742043
2011,220,0,0.23488706755129557,44.847127721077555,0,44.50281860742043
2011,221,0,0.23488706755129557,44.847127721077555,0,44.50281860742043
2011,222,0,0.23488706755129557,44.847127721077555,0,44.50281860742043
2011,223,0,0.23488706755129557,44.847127721077555,0,44.50281860742043
2011,224,0,0.23488706755129557,44.847127721077555,0,44.50281860742043
2011,225,0,0.23488706755129557,44.847127721077555,0,44.50281860742043
2011,226,0,0.23488706755129557,44.847127721077555,0,44.50281860742043
2011,227,0,0.23488706755129557,44.847127721077555,0,44.50281860742043
2011,228,0,0.23488706755129557,44.847127721077555,0,44.50281860742043
2011,229,0,0.23488706755129557,44.847127721077555,0,44.50281860742043
2011,230,0,0.23488706755129557,44.847127721077555,0,44.50281860742043
2011,231,0,0.23488706755129557,44.847127721077555,0,44.50281860742043
2011,232,0,0.23488706755129557,44.847127721077555,0,44.50281860742043
2011,233,0,0.23488706755129557,44.847127721077555,0,44.50281860742043
2011,234,0,0.23488706755129557,44.847127721077555,0,44.50281860742043
2011,235,0,0.23488706755129557,44.847127721077555,0,44.50281860742043
2011,236,0,0.23488706755129557,44.847127721077555,0,44.50281860742043
2011,237,0,0.23488706755129557,44.847127721077555,0,44.50281860742043
2011,238,0,0.23488706755129557,44.847127721077555,0,44.50281860742043
2011,239,0,0.23488706755129557,44.847127721077555,0,44.50281860742043
2011,240,0,0.23488706755129557,44.847127721077555,0,44.50281860742043
2011,241,0,0.23488706755129557,44.847127721077555,0,44.50281860742043
2011,242,0,0.23488706755129557,44.847127721077555,0,44.50281860742043
2011,243,0,0.23488706755129557,44.847127721077555,0,44.50281860742043
2011,244,0,0.23488706755129557,44.847127721077555,0,44.50281860742043
2011,245,0,0.23488706755129557,44.847127721077555,0,44.50281860742043
2011,246,0,0.23488706755129557,44.847127721077555,0,44.50281860742043
2011,247,0,0.23488706755129557,44.847127721077555,0,44.50281860742043
2011,248,0,0.23488706755129557,44.847127721077555,0,44.50281860742043
2011,249,0,0.23488706755129557,44.847127721077555,0,44.50281860742043
2011,250,0,0.23488706755129557,44.847127721077555,0,44.50281860742043
2011,251,0,0.23488706755129557,44.847127721077555,0,44.50281860742043
2011,252,0,0.23488706755129557,44.847127721077555,0,44.50281860742043
2011,253,0,0.23488706755129557,44.847127721077555,0,44.50281860742043
2011,254,0,0.23488706755129557,44.847127721077555,0,44.50281860742043
2011,255,0,0.23488706755129557,44.847127721077555,0,44.50281860742043
2011,256,0,0.23488706755129557,44.847127721077555,0,44.50281860742043
2011,257,0,0.23488706755129557,44.847127721077555,0,44.50281860742043
2011,258,0,0.23488706755129557,44.847127721077555,0,44.50281860742043
2011,259,0,0.23488706755129557,44.847127721077555,0,44.50281860742043
2011,260,0,0.23488706755129557,44.847127721077555,0,44.50281860742043
2011,261,0,0.23488706755129557,44.847127721077555,0,44.50281860742043
2011,262,0,0.23488706755129557,44.847127721077555,0,44.50281860742043
2011,263,0,0.23488706755129557,44.847127721077555,0,44.50281860742043
2011,264,0,0.23488706755129557,44.847127721077555,0,44.50281860742043
2011,265,0,0.23488706755129557,44.847127721077555,0,44.50281860742043
2011,266,0,0.23488706755129557,44.847127721077555,0,44.50281860742043
2011,267,0,0.23488706755129557,44.847127721077555,0,44.50281860742043
2011,268,0,0.23488706755129557,44.847127721077555,0,44.50281860742043
2011,269,0,0.23488706755129557,44.847127721077555,0,44.50281860742043
2011,270,0,0.23488706755129557,44.847127721077555,0,44.50281860742043
2011,271,0,0.23488706755129557,44.847127721077555,0,44.50281860742043
2011,272,0,0.23488706755129557,44.847127721077555,0,44.50281860742043
2011,273,0,0.23488706755129557,44.847127721077555,0,44.50281860742043
2011,274,0,0.23488706755129557,44.847127721077555,0,44.50281860742043
2011,275,0,0.23488706755129557,44.847127721077555,0,44.50281860742043
2011,276,0,0.23488706755129557,44.847127721077555,0,44.50281860742043
2011,277,0,0.23488706755129557,44.847127721077555,0,44.50281860742043
2011,278,0,0.23488706755129557,44.847127721077555,0,44.50281860742043
2011,279,0,0.23488706755129557,44.847127721077555,0,44.50281860742043
2011,280,0,0.23488706755129557,44.847127721077555,0,44.50281860742043
2011,281,0,0.23488706755129557,44.847127721077555,0,44.50281860742043
2011,282,0,0.23488706755129557,44.847127721077555,0,44.50281860742043
2011,283,0,0.23488706755129557,44.847127721077555,0,44.50281860742043
2011,284,0,0.23488706755129557,44.847127721077555,0,44.50281860742043
2011,285,0,0.23488706755129557,44.847127721077555,0,44.50281860742043
2011,286,0,0.23488706755129557,44.847127721077555,0,44.50281860742043
2011,287,0,0.23488706755129557,44.847127721077555,0,44.50281860742043
2011,288,0,0.23488706755129557,44.847127721077555,0,44.50281860742043
2011,289,0,0.23488706755129557,44.847127721077555,0,44.50281860742043
2011,290,0,0.23488706755129557,44.847127721077555,0,44.50281860742043
2011,291,0,0.23488706755129557,44.847127721077555,0,44.50281860742043
2011,292,0,0.23488706755129557,44.847127721077555,0,44.50281860742043
2011,293,0,0.23488706755129557,44.847127721077555,0,44.50281860742043
2011,294,0,0.23488706755129557,44.847127721077555,0,44.50281860742043
2011,295,0,0.23488706755129557,44.847127721077555,0,44.50281860742043
2011,296,0,0.23488706755129557,44.847127721077555,0,44.50281860742043
2011,297,0,0.23488706755129557,44.847127721077555,0,44.50281860742043
2011,298,0,0.23488706755129557,44.847127721077555,0,44.50281860742043
2011,299,0,0.23488706755129557,44.847127721077555,0,44.50281860742043
2011,300,0,0.23488706755129557,44.847127721077555,0,44.50281860742043
2011,301,0,0.23488706755129557,44.847127721077555,0,44.50281860742043
2011,302,0,0.23488706755129557,44.847127721077555,0,44.50281860742043
2011,303,0,0.23488706755129557,44.847127721077555,0,44.50281860742043
2011,304,0,0.23488706755129557,44.847127721077555,0,44.50281860742043
2011,305,0,0.23488706755129557,44.847127721077555,0,44.50281860742043
2011,306,0,0.23488706755129557,44.847127721077555,0,44.50281860742043
2011,307,0,0.23488706755129557,44.847127721077555,0,44.50281860742043
2011,308,0,0.23488706755129557,44.847127721077555,0,44.50281860742043
2011,309,0,0.23488706755129557,44.847127721077555,0,44.50281860742043
2011,310,0,0.23488706755129557,44.847127721077555,0,44.50281860742043
2011,311,0,0.23488706755129557,44.847127721077555,0,44.50281860742043
2011,312,0,0.23488706755129557,44.847127721077555,0,44.50281860742043
2011,313,0,0.23488706755129557,44.847127721077555,0,44.50281860742043
2011,314,0,0.23488706755129557,44.847127721077555,0,44.50281860742043
2011,315,0,0.23488706755129557,44.847127721077555,0,44.50281860742043
2011,316,0,0.23488706755129557,44.847127721077555,0,44.50281860742043
2011,317,0,0.23488706755129557,44.847127721077555,0,44.50281860742043
2011,318,0,0.23488706755129557,44.847127721077555,0,44.50281860742043
2011,319,0,0.23488706755129557,44.847127721077555,0,44.50281860742043
2011,320,0,0.23488706755129557,44.847127721077555,0,44.50281860742043
2011,321,0,0.23488706755129557,44.847127721077555,0,44.50281860742043
2011,322,0,0.23488706755129557,44.847127721077555,0,44.50281860742043
2011,323,0,0.23488706755129557,44.847127721077555,0,44.50281860742043
2011,324,0,0.23488706755129557,44.847127721077555,0,44.50281860742043
2011,325,0,0.23488706755129557,44.847127721077555,0,44.50281860742043
2011,326,0,0.23488706755129557,44.847127721077555,0,44.50281860742043
2011,327,0,0.23488706755129557,44.847127721077555,0,44.50281860742043
2011,328,0,0.23488706755129557,44.847127721077555,0,44.50281860742043
2011,329,0,0.23488706755129557,44.847127721077555,0,44.50281860742043
2011,330,0,0.23488706755129557,44.847127721077555,0,44.50281860742043
2011,331,0,0.23488706755129557,44.847127721077555,0,44.50281860742043
2011,332,0,0.23488706755129557,44.847127721077555,0,44.50281860742043
2011,333,0,0.23488706755129557,44.847127721077555,0,44.50281860742043
2011,334,0,0.23488706755129557,44.847127721077555,0,44.50281860742043
2011,335,0,0.23488706755129557,44.847127721077555,0,44.50281860742043
2011,336,0,0.23488706755129557,44.847127721077555,0,44.50281860742043
2011,337,0,0.23488706755129557,44.847127721077555,0,44.50281860742043
2011,338,0,0.23488706755129557,44.847127721077555,0,44.50281860742043
2011,339,0,0.23488706755129557,44.847127721077555,0,44.50281860742043
2011,340,0,0.23488706755129557,44.847127721077555,0,44.50281860742043
2011,341,0,0.23488706755129557,44.847127721077555,0,44.50281860742043
2011,342,0,0.23488706755129557,44.847127721077555,0,44.50281860742043
2011,343,0,0.23488706755129557,44.847127721077555,0,44.50281860742043
2011,344,0,0.23488706755129557,44.847127721077555,0,44.50281860742043
2011,345,0,0.23488706755129557,44.847127721077555,0,44.50281860742043
2011,346,0,0.23488706755129557,44.847127721077555,0,44.50281860742043
2011,347,0,0.23488706755129557,44.847127721077555,0,44.50281860742043
2011,348,0,0.23488706755129557,44.847127721077555,0,44.50281860742043
2011,349,0,0.23488706755129557,44.847127721077555,0,44.50281860742043
2011,350,0,0.23488706755129557,44.847127721077555,0,44.50281860742043
2011,351,0,0.23488706755129557,44.847127721077555,0,44.50281860742043
2011,352,0,0.23488706755129557,44.847127721077555,0,44.50281860742043
2011,353,0,0.23488706755129557,44.847127721077555,0,44.50281860742043
2011,354,0,0.23488706755129557,44.847127721077555,0,44.50281860742043
2011,355,0,0.23488706755129557,44.847127721077555,0,44.50281860742043
2011,356,0,0.23488706755129557,44.847127721077555,0,44.50281860742043
2011,357,0,0.23488706755129557,44.847127721077555,0,44.50281860742043
2011,358,0,0.23488706755129557,44.847127721077555,0,44.50281860742043
2011,359,0,0.23488706755129557,44.847127721077555,0,44.50281860742043
2011,360,0,0.23488706755129557,44.847127721077555,0,44.50281860742043
2011,361,0,0.23488706755129557,44.847127721077555,0,44.50281860742043
2011,362,0,0.23488706755129557,44.847127721077555,0,44.50281860742043
2011,363,0,0.23488706755129557,44.847127721077555,0,44.50281860742043
2011,364,0,0.23488706755129557,44.847127721077555,0,44.50281860742043
2011,365,0,0.23488706755129557,44.847127721077555,0,44.50281860742043
2012,1,0,0.23488706755129557,44.847127721077555,0,44.50281860742043
2012,2,0,0.23488706755129557,44.847127721077555,0,44.50281860742043
2012,3,0,0.23488706755129557,44.847127721077555,0,44.50281860742043
2012,4,0,0.23488706755129557,44.847127721077555,0,44.50281860742043
2012,5,0,0.23488706755129557,44.847127721077555,0,44.50281860742043
2012,6,0,0.23488706755129557,44.847127721077555,0,44.50281860742043
2012,7,0,0.23488706755129557,44.847127721077555,0,44.50281860742043
2012,8,0,0.23488706755129557,44.847127721077555,0,44.50281860742043
2012,9,0,0.23488706755129557,44.847127721077555,0,44.50281860742043
2012,10,0,0.23488706755129557,44.847127721077555,0,44.50281860742043
2012,11,0,0.23488706755129557,44.847127721077555,0,44.50281860742043
2012,12,0,0.23488706755129557,44.847127721077555,0,44.50281860742043
2012,13,0,0.23488706755129557,44.847127721077555,0,44.50281860742043
2012,14,0,0.23488706755129557,44.847127721077555,0,44.50281860742043
2012,15,0,0.23488706755129557,44.847127721077555,0,44.50281860742043
2012,16,0,0.23488706755129557,44.847127721077555,0,44.50281860742043
2012,17,0,0.23488706755129557,44.847127721077555,0,44.50281860742043
2012,18,0,0.23488706755129557,44.847127721077555,0,44.50281860742043
2012,19,0,0.23488706755129557,44.847127721077555,0,44.50281860742043
2012,20,0,0.23488706755129557,44.847127721077555,0,44.50281860742043
2012,21,0,0.23488706755129557,44.847127721077555,0,44.50281860742043
2012,22,0,0.23488706755129557,44.847127721077555,0,44.50281860742043
2012,23,0,0.23488706755129557,44.847127721077555,0,44.50281860742043
2012,24,0,0.23488706755129557,44.847127721077555,0,44.50281860742043
2012,25,0,0.23488706755129557,44.847127721077555,0,44.50281860742043
2012,26,0,0.23488706755129557,44.847127721077555,0,44.50281860742043
2012,27,0,0.23488706755129557,44.847127721077555,0,44.50281860742043
2012,28,0,0.23488706755129557,44.847127721077555,0,44.50281860742043
2012,29,0,0.23488706755129557,44.847127721077555,0,44.50281860742043
2012,30,0,0.23488706755129557,44.847127721077555,0,44.50281860742043
2012,31,0,0.23488706755129557,44.847127721077555,0,44.50281860742043
2012,32,0,0.23488706755129557,44.847127721077555,0,44.50281860742043
2012,33,0,0.23488706755129557,44.847127721077555,0,44.50281860742043
2012,34,0,0.23488706755129557,44.847127721077555,0,44.50281860742043
2012,35,0,0.23488706755129557,44.847127721077555,0,44.50281860742043
2012,36,0,0.23488706755129557,44.847127721077555,0,44.50281860742043
2012,37,0,0.23488706755129557,44.847127721077555,0,44.50281860742043
2012,38,0,0.23488706755129557,44.847127721077555,0,44.50281860742043
2012,39,0,0.23488706755129557,44.847127721077555,0,44.50281860742043
2012,40,0,0.23488706755129557,44.847127721077555,0,44.50281860742043
2012,41,0,0.23488706755129557,44.847127721077555,0,44.50281860742043
2012,42,0,0.23488706755129557,44.847127721077555,0,44.50281860742043
2012,43,0,0.23488706755129557,44.847127721077555,0,44.50281860742043
2012,44,0,0.23488706755129557,44.847127721077555,0,44.50281860742043
2012,45,0,0.23488706755129557,44.847127721077555,0,44.50281860742043
2012,46,0,0.23488706755129557,44.847127721077555,0,44.50281860742043
2012,47,0,0.23488706755129557,44.847127721077555,0,44.50281860742043
2012,48,0,0.23488706755129557,44.847127721077555,0,44.50281860742043
2012,49,0,0.23488706755129557,44.847127721077555,0,44.50281860742043
2012,50,0,0.23488706755129557,44.847127721077555,0,44.50281860742043
2012,51,0,0.23488706755129557,44.847127721077555,0,44.50281860742043
2012,52,0,0.23488706755129557,44.847127721077555,0,44.50281860742043
2012,53,0,0.23488706755129557,44.847127721077555,0,44.50281860742043
2012,54,0,0.23488706755129557,44.847127721077555,0,44.50281860742043
2012,55,0,0.23488706755129557,44.847127721077555,0,44.50281860742043
2012,56,0,0.23488706755129557,44.847127721077555,0,44.50281860742043
2012,57,0,0.23488706755129557,44.847127721077555,0,44.50281860742043
2012,58,0,0.23488706755129557,44.847127721077555,0,44.50281860742043
2012,59,0,0.23488706755129557,44.847127721077555,0,44.50281860742043
2012,60,0,0.23488706755129557,44.847127721077555,0,44.50281860742043
2012,61,0,0.23488706755129557,44.847127721077555,0,44.50281860742043
2012,62,0,0.23488706755129557,44.847127721077555,0,44.50281860742043
2012,63,0,0.23488706755129557,44.847127721077555,0,44.50281860742043
2012,64,0,0.23488706755129557,44.847127721077555,0,44.50281860742043
2012,65,0,0.23488706755129557,44.847127721077555,0,44.50281860742043
2012,66,0,0.23488706755129557,44.847127721077555,0,44.50281860742043
2012,67,0,0.23488706755129557,44.847127721077555,0,44.50281860742043
2012,68,0,0.23488706755129557,44.847127721077555,0,44.50281860742043
2012,69,0,0.23488706755129557,44.847127721077555,0,44.50281860742043
2012,70,0,0.23488706755129557,44.847127721077555,0,44.50281860742043
2012,71,0,0.23488706755129557,44.847127721077555,0,44.50281860742043
2012,72,0,0.23488706755129557,44.847127721077555,0,44.50281860742043
2012,73,0,0.23488706755129557,44.847127721077555,0,44.50281860742043
2012,74,0,0.23488706755129557,44.847127721077555,0,44.50281860742043
2012,75,0,0.23488706755129557,44.847127721077555,0,44.50281860742043
2012,76,0,0.23488706755129557,44.847127721077555,0,44.50281860742043
2012,77,0,0.23488706755129557,44.847127721077555,0,44.50281860742043
2012,78,0,0.23488706755129557,44.847127721077555,0,44.50281860742043
2012,79,0,0.23488706755129557,44.847127721077555,0,44.50281860742043
2012,80,0,0.23488706755129557,44.847127721077555,0,44.50281860742043
2012,81,0,0.23488706755129557,44.847127721077555,0,44.50281860742043
2012,82,0,0.23488706755129557,44.847127721077555,0,44.50281860742043
2012,83,0,0.23488706755129557,44.847127721077555,0,44.50281860742043
2012,84,0,0.23488706755129557,44.847127721077555,0,44.50281860742043
2012,85,0,0.23488706755129557,44.847127721077555,0,44.50281860742043
2012,86,0,0.23488706755129557,44.847127721077555,0,44.50281860742043
2012,87,0,0.23488706755129557,44.847127721077555,0,44.50281860742043
2012,88,0,0.23488706755129557,44.847127721077555,0,44.50281860742043
2012,89,0,0.23488706755129557,44.847127721077555,0,44.50281860742043
2012,90,0,0.23488706755129557,44.847127721077555,0,44.50281860742043
2012,91,0,0.23488706755129557,44.847127721077555,0,44.50281860742043
2012,92,0,0.23488706755129557,44.847127721077555,0,44.50281860742043
2012,93,0,0.23488706755129557,44.847127721077555,0,44.50281860742043
2012,94,0,0.23488706755129557,44.847127721077555,0,44.50281860742043
2012,95,0,0.23488706755129557,44.847127721077555,0,44.50281860742043
2012,96,0,0.23488706755129557,44.847127721077555,0,44.50281860742043
2012,97,0,0.23488706755129557,44.847127721077555,0,44.50281860742043
2012,98,0,0.23488706755129557,44.847127721077555,0,44.50281860742043
2012,99,0,0.23488706755129557,44.847127721077555,0,44.50281860742043
2012,100,0,0.23488706755129557,44.847127721077555,0,44.50281860742043
2012,101,0,0.23488706755129557,44.847127721077555,0,44.50281860742043
2012,102,0,0.23488706755129557,44.847127721077555,0,44.50281860742043
2012,103,0,0.23488706755129557,44.847127721077555,0,44.50281860742043
2012,104,0,0.23488706755129557,44.847127721077555,0,44.50281860742043
2012,105,0,0.23488706755129557,44.847127721077555,0,44.50281860742043
2012,106,0,0.23488706755129557,44.847127721077555,0,44.50281860742043
2012,107,0,0.23488706755129557,44.847127721077555,0,44.50281860742043
2012,108,0,0.23488706755129557,44.847127721077555,0,44.50281860742043
2012,109,0,0.23488706755129557,44.847127721077555,0,44.50281860742043
2012,110,0,0.23488706755129557,44.847127721077555,0,44.50281860742043
2012,111,0,0.23488706755129557,44.847127721077555,0,44.50281860742043
2012,112,0,0.23488706755129557,44.847127721077555,0,44.50281860742043
2012,113,0,0.23488706755129557,44.847127721077555,0,44.50281860742043
2012,114,0,0.23488706755129557,44.847127721077555,0,44.50281860742043
2012,115,0,0.23488706755129557,44.847127721077555,0,44.50281860742043
2012,116,0,0.23488706755129557,44.847127721077555,0,44.50281860742043
2012,117,0,0.23488706755129557,44.847127721077555,0,44.50281860742043
2012,118,0,0.23488706755129557,44.847127721077555,0,44.50281860742043
2012,119,0,0.23488706755129557,44.847127721077555,0,44.50281860742043
2012,120,0,0.23488706755129557,44.847127721077555,0,44.50281860742043
2012,121,0,0.23488706755129557,44.847127721077555,0,44.50281860742043
2012,122,0,0.23488706755129557,44.847127721077555,0,44.50281860742043
2012,123,0,0.23488706755129557,44.847127721077555,0,44.50281860742043
2012,124,0,0.23488706755129557,44.847127721077555,0,44.50281860742043
2012,125,0,0.23488706755129557,44.847127721077555,0,44.50281860742043
2012,126,0,0.23488706755129557,44.847127721077555,0,44.50281860742043
2012,127,0,0.23488706755129557,44.847127721077555,0,44.50281860742043
2012,128,0,0.23488706755129557,44.847127721077555,0,44.50281860742043
2012,129,0,0.23488706755129557,44.847127721077555,0,44.50281860742043
2012,130,0,0.23488706755129557,44.847127721077555,0,44.50281860742043
2012,131,0,0.23488706755129557,44.847127721077555,0,44.50281860742043
2012,132,0,0.23488706755129557,44.847127721077555,0,44.50281860742043
2012,133,0,0.23488706755129557,44.847127721077555,0,44.50281860742043
2012,134,0,0.23488706755129557,44.847127721077555,0,44.50281860742043
2012,135,0,0.23488706755129557,44.847127721077555,0,44.50281860742043
2012,136,0,0.23488706755129557,44.847127721077555,0,44.50281860742043
2012,137,0,0.23488706755129557,44.847127721077555,0,44.50281860742043
2012,138,0,0.23488706755129557,44.847127721077555,0,44.50281860742043
2012,139,0,0.23488706755129557,44.847127721077555,0,44.50281860742043
2012,140,0,0.23488706755129557,44.847127721077555,0,44.50281860742043
2012,141,0,0.23488706755129557,44.847127721077555,0,44.50281860742043
2012,142,0,0.23488706755129557,44.847127721077555,0,44.50281860742043
2012,143,0,0.23488706755129557,44.847127721077555,0,44.50281860742043
2012,144,0,0.23488706755129557,44.847127721077555,0,44.50281860742043
2012,145,0,0.23488706755129557,44.847127721077555,0,44.50281860742043
2012,146,0,0.23488706755129557,44.847127721077555,0,44.50281860742043
2012,147,0,0.23488706755129557,44.847127721077555,0,44.50281860742043
2012,148,0,0.23488706755129557,44.847127721077555,0,44.50281860742043
2012,149,0,0.23488706755129557,44.847127721077555,0,44.50281860742043
2012,150,0,0.23488706755129557,44.847127721077555,0,44.50281860742043
2012,151,0,0.23488706755129557,44.847127721077555,0,44.50281860742043
2012,152,0,0.23488706755129557,44.847127721077555,0,44.50281860742043
2012,153,0,0.23488706755129557,44.847127721077555,0,44.50281860742043
2012,154,0,0.23488706755129557,44.847127721077555,0,44.50281860742043
2012,155,0,0.23488706755129557,44.847127721077555,0,44.50281860742043
2012,156,0,0.23488706755129557,44.847127721077555,0,44.50281860742043
2012,157,0,0.23488706755129557,44.847127721077555,0,44.50281860742043
2012,158,0,0.23488706755129557,44.847127721077555,0,44.50281860742043
2012,159,0,0.23488706755129557,44.847127721077555,0,44.50281860742043
2012,160,0,0.23488706755129557,44.847127721077555,0,44.50281860742043
2012,161,0,0.23488706755129557,44.847127721077555,0,44.50281860742043
2012,162,0,0.23488706755129557,44.847127721077555,0,44.50281860742043
2012,163,0,0.23488706755129557,44.847127721077555,0,44.50281860742043
2012,164,0,0.23488706755129557,44.847127721077555,0,44.50281860742043
2012,165,0,0.23488706755129557,44.847127721077555,0,44.50281860742043
2012,166,0,0.23488706755129557,44.847127721077555,0,44.50281860742043
2012,167,0,0.23488706755129557,44.847127721077555,0,44.50281860742043
2012,168,0,0.23488706755129557,44.847127721077555,0,44.50281860742043
2012,169,0,0.23488706755129557,44.847127721077555,0,44.50281860742043
2012,170,0,0.23488706755129557,44.847127721077555,0,44.50281860742043
2012,171,0,0.23488706755129557,44.847127721077555,0,44.50281860742043
2012,172,0,0.23488706755129557,44.847127721077555,0,44.50281860742043
2012,173,0,0.23488706755129557,44.847127721077555,0,44.50281860742043
2012,174,0,0.23488706755129557,44.847127721077555,0,44.50281860742043
2012,175,0,0.23488706755129557,44.847127721077555,0,44.50281860742043
2012,176,0,0.23488706755129557,44.847127721077555,0,44.50281860742043
2012,177,0,0.23488706755129557,44.847127721077555,0,44.50281860742043
2012,178,0,0.23488706755129557,44.847127721077555,0,44.50281860742043
2012,179,0,0.23488706755129557,44.847127721077555,0,44.50281860742043
2012,180,0,0.23488706755129557,44.847127721077555,0,44.50281860742043
2012,181,0,0.23488706755129557,44.847127721077555,0,44.50281860742043
2012,182,0,0.23488706755129557,44.847127721077555,0,44.50281860742043
2012,183,0,0.23488706755129557,44.847127721077555,0,44.50281860742043
2012,184,0,0.23488706755129557,44.847127721077555,0,44.50281860742043
2012,185,0,0.23488706755129557,44.847127721077555,0,44.50281860742043
2012,186,0,0.23488706755129557,44.847127721077555,0,44.50281860742043
2012,187,0,0.23488706755129557,44.847127721077555,0,44.50281860742043
2012,188,0,0.23488706755129557,44.847127721077555,0,44.50281860742043
2012,189,0,0.23488706755129557,44.847127721077555,0,44.50281860742043
2012,190,0,0.23488706755129557,44.847127721077555,0,44.50281860742043
2012,191,0,0.23488706755129557,44.847127721077555,0,44.50281860742043
2012,192,0,0.23488706755129557,44.847127721077555,0,44.50281860742043
2012,193,0,0.23488706755129557,44.847127721077555,0,44.50281860742043
2012,194,0,0.23488706755129557,44.847127721077555,0,44.50281860742043
2012,195,0,0.23488706755129557,44.847127721077555,0,44.50281860742043
2012,196,0,0.23488706755129557,44.847127721077555,0,44.50281860742043
2012,197,0,0.23488706755129557,44.847127721077555,0,44.50281860742043
2012,198,0,0.23488706755129557,44.847127721077555,0,44.50281860742043
2012,199,0,0.23488706755129557,44.847127721077555,0,44.50281860742043
2012,200,0,0.23488706755129557,44.847127721077555,0,44.50281860742043
2012,201,0,0.23488706755129557,44.847127721077555,0,44.50281860742043
2012,202,0,0.23488706755129557,44.847127721077555,0,44.50281860742043
2012,203,0,0.23488706755129557,44.847127721077555,0,44.50281860742043
2012,204,0,0.23488706755129557,44.847127721077555,0,44.50281860742043
2012,205,0,0.23488706755129557,44.847127721077555,0,44.50281860742043
2012,206,0,0.23488706755129557,44.847127721077555,0,44.50281860742043
2012,207,0,0.23488706755129557,44.847127721077555,0,44.50281860742043
2012,208,0,0.23488706755129557,44.847127721077555,0,44.50281860742043
2012,209,0,0.23488706755129557,44.847127721077555,0,44.50281860742043
2012,210,0,0.23488706755129557,44.847127721077555,0,44.50281860742043
2012,211,0,0.23488706755129557,44.847127721077555,0,44.50281860742043
2012,212,0,0.23488706755129557,44.847127721077555,0,44.50281860742043
2012,213,0,0.23488706755129557,44.847127721077555,0,44.50281860742043
2012,214,0,0.23488706755129557,44.847127721077555,0,44.50281860742043
2012,215,0,0.23488706755129557,44.847127721077555,0,44.50281860742043
2012,216,0,0.23488706755129557,44.847127721077555,0,44.50281860742043
2012,217,0,0.23488706755129557,44.847127721077555,0,44.50281860742043
2012,218,0,0.23488706755129557,44.847127721077555,0,44.50281860742043
2012,219,0,0.23488706755129557,44.847127721077555,0,44.50281860742043
2012,220,0,0.23488706755129557,44.847127721077555,0,44.50281860742043
2012,221,0,0.23488706755129557,44.847127721077555,0,44.50281860742043
2012,222,0,0.23488706755129557,44.847127721077555,0,44.50281860742043
2012,223,0,0.23488706755129557,44.847127721077555,0,44.50281860742043
2012,224,0,0.23488706755129557,44.847127721077555,0,44.50281860742043
2012,225,0,0.23488706755129557,44.847127721077555,0,44.50281860742043
2012,226,0,0.23488706755129557,44.847127721077555,0,44.50281860742043
2012,227,0,0.23488706755129557,44.847127721077555,0,44.50281860742043
2012,228,0,0.23488706755129557,44.847127721077555,0,44.50281860742043
2012,229,0,0.23488706755129557,44.847127721077555,0,44.50281860742043
2012,230,0,0.23488706755129557,44.847127721077555,0,44.50281860742043
2012,231,0,0.23488706755129557,44.847127721077555,0,44.50281860742043
2012,232,0,0.23488706755129557,44.847127721077555,0,44.50281860742043
2012,233,0,0.23488706755129557,44.847127721077555,0,44.50281860742043
2012,234,0,0.23488706755129557,44.847127721077555,0,44.50281860742043
2012,235,0,0.23488706755129557,44.847127721077555,0,44.50281860742043
2012,236,0,0.23488706755129557,44.847127721077555,0,44.50281860742043
2012,237,0,0.23488706755129557,44.847127721077555,0,44.50281860742043
2012,238,0,0.23488706755129557,44.847127721077555,0,44.50281860742043
2012,239,0,0.23488706755129557,44.847127721077555,0,44.50281860742043
2012,240,0,0.23488706755129557,44.847127721077555,0,44.50281860742043
2012,241,0,0.23488706755129557,44.847127721077555,0,44.50281860742043
2012,242,0,0.23488706755129557,44.847127721077555,0,44.50281860742043
2012,243,0,0.23488706755129557,44.847127721077555,0,44.50281860742043
2012,244,0,0.23488706755129557,44.847127721077555,0,44.50281860742043
2012,245,0,0.23488706755129557,44.847127721077555,0,44.50281860742043
2012,246,0,0.23488706755129557,44.847127721077555,0,44.50281860742043
