year,j_day,num_animals,manure
,,,g
2009,244,400,75257.88929847561
2009,245,400,75257.88929847561
2009,246,400,75257.88929847561
2009,247,400,75257.88929847561
2009,248,400,75257.88929847561
2009,249,400,75257.88929847561
2009,250,400,75257.88929847561
2009,251,400,73997.3820388103
2009,252,400,73997.3820388103
2009,253,400,73997.3820388103
2009,254,400,73997.3820388103
2009,255,400,73997.3820388103
2009,256,400,73997.3820388103
2009,257,400,73997.3820388103
2009,258,400,72976.26675192898
2009,259,400,72976.26675192898
2009,260,400,72976.26675192898
2009,261,400,72976.26675192898
2009,262,400,72976.26675192898
2009,263,400,72976.26675192898
2009,264,400,72976.26675192898
2009,265,400,72317.58197905844
2009,266,400,72317.58197905844
2009,267,400,72317.58197905844
2009,268,400,72317.58197905844
2009,269,400,72317.58197905844
2009,270,400,72317.58197905844
2009,271,400,72317.58197905844
2009,272,400,71824.13176552983
2009,273,400,71824.13176552983
2009,274,400,71824.13176552983
2009,275,400,71824.13176552983
2009,276,400,71824.13176552983
2009,277,400,71824.13176552983
2009,278,400,71824.13176552983
2009,279,400,71682.23896475133
2009,280,400,71682.23896475133
2009,281,400,71682.23896475133
2009,282,400,71682.23896475133
2009,283,400,71682.23896475133
2009,284,400,71682.23896475133
2009,285,400,71682.23896475133
2009,286,400,71252.6042564332
2009,287,400,71252.6042564332
2009,288,400,71252.6042564332
2009,289,400,71252.6042564332
2009,290,400,71252.6042564332
2009,291,400,71252.6042564332
2009,292,400,71252.6042564332
2009,293,400,71039.24101632083
2009,294,400,71039.24101632083
2009,295,400,71039.24101632083
2009,296,400,71039.24101632083
2009,297,400,71039.24101632083
2009,298,400,71039.24101632083
2009,299,400,71039.24101632083
2009,300,400,70854.6376159688
2009,301,400,70854.6376159688
2009,302,400,70854.6376159688
2009,303,400,70854.6376159688
2009,304,400,70854.6376159688
2009,305,400,70854.6376159688
2009,306,400,70854.6376159688
2009,307,400,70765.76534880952
2009,308,400,70765.76534880952
2009,309,400,70765.76534880952
2009,310,400,70765.76534880952
2009,311,400,70765.76534880952
2009,312,400,70765.76534880952
2009,313,400,70765.76534880952
2009,314,400,70663.62769316208
2009,315,400,70663.62769316208
2009,316,400,70663.62769316208
2009,317,400,70663.62769316208
2009,318,400,70663.62769316208
2009,319,400,70663.62769316208
2009,320,400,70663.62769316208
2009,321,400,70596.96167350936
2009,322,400,70596.96167350936
2009,323,400,70596.96167350936
2009,324,400,70596.96167350936
2009,325,400,70596.96167350936
2009,326,400,70596.96167350936
2009,327,400,70596.96167350936
2009,328,400,70482.83645726489
2009,329,400,70482.83645726489
2009,330,400,70482.83645726489
2009,331,400,70482.83645726489
2009,332,400,70482.83645726489
2009,333,400,70482.83645726489
2009,334,400,70482.83645726489
2009,335,400,70407.12041537222
2009,336,400,70407.12041537222
2009,337,400,70407.12041537222
2009,338,400,70407.12041537222
2009,339,400,70407.12041537222
2009,340,400,70407.12041537222
2009,341,400,70407.12041537222
2009,342,400,70394.44831322391
2009,343,400,70394.44831322391
2009,344,400,70394.44831322391
2009,345,400,70394.44831322391
2009,346,400,70394.44831322391
2009,347,400,70394.44831322391
2009,348,400,70394.44831322391
2009,349,400,70275.70902854223
2009,350,400,70275.70902854223
2009,351,400,70275.70902854223
2009,352,400,70275.70902854223
2009,353,400,70275.70902854223
2009,354,400,70275.70902854223
2009,355,400,70275.70902854223
2009,356,400,70307.83779222834
2009,357,400,70307.83779222834
2009,358,400,70307.83779222834
2009,359,400,70307.83779222834
2009,360,400,70307.83779222834
2009,361,400,70307.83779222834
2009,362,400,70307.83779222834
2009,363,400,70269.26441263934
2009,364,400,70269.26441263934
2009,365,400,70269.26441263934
2010,1,400,70269.26441263934
2010,2,400,70269.26441263934
2010,3,400,70269.26441263934
2010,4,400,70269.26441263934
2010,5,399,70144.01013640796
2010,6,399,70144.01013640796
2010,7,399,70144.01013640796
2010,8,399,70144.01013640796
2010,9,399,70144.01013640796
2010,10,399,70144.01013640796
2010,11,399,70144.01013640796
2010,12,400,70312.18536958905
2010,13,400,70312.18536958905
2010,14,400,70312.18536958905
2010,15,400,70312.18536958905
2010,16,400,70312.18536958905
2010,17,400,70312.18536958905
2010,18,400,70312.18536958905
2010,19,400,70252.9229061673
2010,20,400,70252.9229061673
2010,21,400,70252.9229061673
2010,22,400,70252.9229061673
2010,23,400,70252.9229061673
2010,24,400,70252.9229061673
2010,25,400,70252.9229061673
2010,26,400,70295.38139791692
2010,27,400,70295.38139791692
2010,28,400,70295.38139791692
2010,29,400,70295.38139791692
2010,30,400,70295.38139791692
2010,31,400,70295.38139791692
2010,32,400,70295.38139791692
2010,33,399,70131.55384689523
2010,34,399,70131.55384689523
2010,35,399,70131.55384689523
2010,36,399,70131.55384689523
2010,37,399,70131.55384689523
2010,38,399,70131.55384689523
2010,39,399,70131.55384689523
2010,40,400,70371.04578082723
2010,41,400,70371.04578082723
2010,42,400,70371.04578082723
2010,43,400,70371.04578082723
2010,44,400,70371.04578082723
2010,45,400,70371.04578082723
2010,46,400,70371.04578082723
2010,47,400,70386.21117896124
2010,48,400,70386.21117896124
2010,49,400,70386.21117896124
2010,50,400,70386.21117896124
2010,51,400,70386.21117896124
2010,52,400,70386.21117896124
2010,53,400,70386.21117896124
2010,54,400,70392.59164928117
2010,55,400,70392.59164928117
2010,56,400,70392.59164928117
2010,57,400,70392.59164928117
2010,58,400,70392.59164928117
2010,59,400,70392.59164928117
2010,60,400,70392.59164928117
2010,61,400,70456.15258221858
2010,62,400,70456.15258221858
2010,63,400,70456.15258221858
2010,64,400,70456.15258221858
2010,65,400,70456.15258221858
2010,66,400,70456.15258221858
2010,67,400,70456.15258221858
2010,68,400,70526.21584210501
2010,69,400,70526.21584210501
2010,70,400,70526.21584210501
2010,71,400,70526.21584210501
2010,72,400,70526.21584210501
2010,73,400,70526.21584210501
2010,74,400,70526.21584210501
2010,75,400,70532.04923258569
2010,76,400,70532.04923258569
2010,77,400,70532.04923258569
2010,78,400,70532.04923258569
2010,79,400,70532.04923258569
2010,80,400,70532.04923258569
2010,81,400,70532.04923258569
2010,82,400,70629.96814320427
2010,83,400,70629.96814320427
2010,84,400,70629.96814320427
2010,85,400,70629.96814320427
2010,86,400,70629.96814320427
2010,87,400,70629.96814320427
2010,88,400,70629.96814320427
2010,89,400,70653.86463470642
2010,90,400,70653.86463470642
2010,91,400,70653.86463470642
2010,92,400,70653.86463470642
2010,93,400,70653.86463470642
2010,94,400,70653.86463470642
2010,95,400,70653.86463470642
2010,96,400,70816.79418349138
2010,97,400,70816.79418349138
2010,98,400,70816.79418349138
2010,99,400,70816.79418349138
2010,100,400,70816.79418349138
2010,101,400,70816.79418349138
2010,102,400,70816.79418349138
2010,103,400,70776.06528811602
2010,104,400,70776.06528811602
2010,105,400,70776.06528811602
2010,106,400,70776.06528811602
2010,107,400,70776.06528811602
2010,108,400,70776.06528811602
2010,109,400,70776.06528811602
2010,110,400,70880.79791998728
2010,111,400,70880.79791998728
2010,112,400,70880.79791998728
2010,113,400,70880.79791998728
2010,114,400,70880.79791998728
2010,115,400,70880.79791998728
2010,116,400,70880.79791998728
2010,117,400,70913.86069646326
2010,118,400,70913.86069646326
2010,119,400,70913.86069646326
2010,120,400,70913.86069646326
2010,121,400,70913.86069646326
2010,122,400,70913.86069646326
2010,123,400,70913.86069646326
2010,124,400,70979.78949288247
2010,125,400,70979.78949288247
2010,126,400,70979.78949288247
2010,127,400,70979.78949288247
2010,128,400,70979.78949288247
2010,129,400,70979.78949288247
2010,130,400,70979.78949288247
2010,131,399,70811.17156938721
2010,132,399,70811.17156938721
2010,133,399,70811.17156938721
2010,134,399,70811.17156938721
2010,135,399,70811.17156938721
2010,136,399,70811.17156938721
2010,137,399,70811.17156938721
2010,138,400,71108.2401628099
2010,139,400,71108.2401628099
2010,140,400,71108.2401628099
2010,141,400,71108.2401628099
2010,142,400,71108.2401628099
2010,143,400,71108.2401628099
2010,144,400,71108.2401628099
2010,145,400,71129.61963672173
2010,146,400,71129.61963672173
2010,147,400,71129.61963672173
2010,148,400,71129.61963672173
2010,149,400,71129.61963672173
2010,150,400,71129.61963672173
2010,151,400,71129.61963672173
2010,152,400,71239.8404372162
2010,153,400,71239.8404372162
2010,154,400,71239.8404372162
2010,155,400,71239.8404372162
2010,156,400,71239.8404372162
2010,157,400,71239.8404372162
2010,158,400,71239.8404372162
2010,159,400,71376.85047425065
2010,160,400,71376.85047425065
2010,161,400,71376.85047425065
2010,162,400,71376.85047425065
2010,163,400,71376.85047425065
2010,164,400,71376.85047425065
2010,165,400,71376.85047425065
2010,166,400,71317.2449710435
2010,167,400,71317.2449710435
2010,168,400,71317.2449710435
2010,169,400,71317.2449710435
2010,170,400,71317.2449710435
2010,171,400,71317.2449710435
2010,172,400,71317.2449710435
2010,173,400,71398.29990402765
2010,174,400,71398.29990402765
2010,175,400,71398.29990402765
2010,176,400,71398.29990402765
2010,177,400,71398.29990402765
2010,178,400,71398.29990402765
2010,179,400,71398.29990402765
2010,180,400,71449.08502154818
2010,181,400,71449.08502154818
2010,182,400,71449.08502154818
2010,183,400,71449.08502154818
2010,184,400,71449.08502154818
2010,185,400,71449.08502154818
2010,186,400,71449.08502154818
2010,187,400,71511.81678691167
2010,188,400,71511.81678691167
2010,189,400,71511.81678691167
2010,190,400,71511.81678691167
2010,191,400,71511.81678691167
2010,192,400,71511.81678691167
2010,193,400,71511.81678691167
2010,194,400,71575.12511882404
2010,195,400,71575.12511882404
2010,196,400,71575.12511882404
2010,197,400,71575.12511882404
2010,198,400,71575.12511882404
2010,199,400,71575.12511882404
2010,200,400,71575.12511882404
2010,201,400,71646.13424093698
2010,202,400,71646.13424093698
2010,203,400,71646.13424093698
2010,204,400,71646.13424093698
2010,205,400,71646.13424093698
2010,206,400,71646.13424093698
2010,207,400,71646.13424093698
2010,208,399,71519.86100451947
2010,209,399,71519.86100451947
2010,210,399,71519.86100451947
2010,211,399,71519.86100451947
2010,212,399,71519.86100451947
2010,213,399,71519.86100451947
2010,214,399,71519.86100451947
2010,215,399,71596.85052871417
2010,216,399,71596.85052871417
2010,217,399,71596.85052871417
2010,218,399,71596.85052871417
2010,219,399,71596.85052871417
2010,220,399,71596.85052871417
2010,221,399,71596.85052871417
2010,222,400,71816.46674034472
2010,223,400,71816.46674034472
2010,224,400,71816.46674034472
2010,225,400,71816.46674034472
2010,226,400,71816.46674034472
2010,227,400,71816.46674034472
2010,228,400,71816.46674034472
2010,229,400,71922.56624431383
2010,230,400,71922.56624431383
2010,231,400,71922.56624431383
2010,232,400,71922.56624431383
2010,233,400,71922.56624431383
2010,234,400,71922.56624431383
2010,235,400,71922.56624431383
2010,236,399,71822.24522607852
2010,237,399,71822.24522607852
2010,238,399,71822.24522607852
2010,239,399,71822.24522607852
2010,240,399,71822.24522607852
2010,241,399,71822.24522607852
2010,242,399,71822.24522607852
2010,243,399,71869.07749720686
2010,244,399,71869.07749720686
2010,245,399,71869.07749720686
2010,246,399,71869.07749720686
2010,247,399,71869.07749720686
2010,248,399,71869.07749720686
2010,249,399,71869.07749720686
2010,250,400,72146.73442093279
2010,251,400,72146.73442093279
2010,252,400,72146.73442093279
2010,253,400,72146.73442093279
2010,254,400,72146.73442093279
2010,255,400,72146.73442093279
2010,256,400,72146.73442093279
2010,257,400,72248.29347870417
2010,258,400,72248.29347870417
2010,259,400,72248.29347870417
2010,260,400,72248.29347870417
2010,261,400,72248.29347870417
2010,262,400,72248.29347870417
2010,263,400,72248.29347870417
2010,264,400,72280.8484029855
2010,265,400,72280.8484029855
2010,266,400,72280.8484029855
2010,267,400,72280.8484029855
2010,268,400,72280.8484029855
2010,269,400,72280.8484029855
2010,270,400,72280.8484029855
2010,271,400,72353.06352437455
2010,272,400,72353.06352437455
2010,273,400,72353.06352437455
2010,274,400,72353.06352437455
2010,275,400,72353.06352437455
2010,276,400,72353.06352437455
2010,277,400,72353.06352437455
2010,278,400,72370.83814394142
2010,279,400,72370.83814394142
2010,280,400,72370.83814394142
2010,281,400,72370.83814394142
2010,282,400,72370.83814394142
2010,283,400,72370.83814394142
2010,284,400,72370.83814394142
2010,285,400,72504.45814824998
2010,286,400,72504.45814824998
2010,287,400,72504.45814824998
2010,288,400,72504.45814824998
2010,289,400,72504.45814824998
2010,290,400,72504.45814824998
2010,291,400,72504.45814824998
2010,292,400,72512.36179057726
2010,293,400,72512.36179057726
2010,294,400,72512.36179057726
2010,295,400,72512.36179057726
2010,296,400,72512.36179057726
2010,297,400,72512.36179057726
2010,298,400,72512.36179057726
2010,299,400,72603.02857725103
2010,300,400,72603.02857725103
2010,301,400,72603.02857725103
2010,302,400,72603.02857725103
2010,303,400,72603.02857725103
2010,304,400,72603.02857725103
2010,305,400,72603.02857725103
2010,306,400,72652.10595784556
2010,307,400,72652.10595784556
2010,308,400,72652.10595784556
2010,309,400,72652.10595784556
2010,310,400,72652.10595784556
2010,311,400,72652.10595784556
2010,312,400,72652.10595784556
2010,313,400,72700.71531331245
2010,314,400,72700.71531331245
2010,315,400,72700.71531331245
2010,316,400,72700.71531331245
2010,317,400,72700.71531331245
2010,318,400,72700.71531331245
2010,319,400,72700.71531331245
2010,320,400,72669.6449061334
2010,321,400,72669.6449061334
2010,322,400,72669.6449061334
2010,323,400,72669.6449061334
2010,324,400,72669.6449061334
2010,325,400,72669.6449061334
2010,326,400,72669.6449061334
2010,327,400,72806.90517379281
2010,328,400,72806.90517379281
2010,329,400,72806.90517379281
2010,330,400,72806.90517379281
2010,331,400,72806.90517379281
2010,332,400,72806.90517379281
2010,333,400,72806.90517379281
2010,334,399,72692.72028550657
2010,335,399,72692.72028550657
2010,336,399,72692.72028550657
2010,337,399,72692.72028550657
2010,338,399,72692.72028550657
2010,339,399,72692.72028550657
2010,340,399,72692.72028550657
2010,341,399,72713.366608934
2010,342,399,72713.366608934
2010,343,399,72713.366608934
2010,344,399,72713.366608934
2010,345,399,72713.366608934
2010,346,399,72713.366608934
2010,347,399,72713.366608934
2010,348,399,72809.6650703838
2010,349,399,72809.6650703838
2010,350,399,72809.6650703838
2010,351,399,72809.6650703838
2010,352,399,72809.6650703838
2010,353,399,72809.6650703838
2010,354,399,72809.6650703838
2010,355,400,73122.65151939426
2010,356,400,73122.65151939426
2010,357,400,73122.65151939426
2010,358,400,73122.65151939426
2010,359,400,73122.65151939426
2010,360,400,73122.65151939426
2010,361,400,73122.65151939426
2010,362,400,73119.93648258148
2010,363,400,73119.93648258148
2010,364,400,73119.93648258148
2010,365,400,73119.93648258148
2011,1,400,73119.93648258148
2011,2,400,73119.93648258148
2011,3,400,73119.93648258148
2011,4,400,73048.13520020994
2011,5,400,73048.13520020994
2011,6,400,73048.13520020994
2011,7,400,73048.13520020994
2011,8,400,73048.13520020994
2011,9,400,73048.13520020994
2011,10,400,73048.13520020994
2011,11,400,73075.3518462712
2011,12,400,73075.3518462712
2011,13,400,73075.3518462712
2011,14,400,73075.3518462712
2011,15,400,73075.3518462712
2011,16,400,73075.3518462712
2011,17,400,73075.3518462712
2011,18,400,73238.0516141106
2011,19,400,73238.0516141106
2011,20,400,73238.0516141106
2011,21,400,73238.0516141106
2011,22,400,73238.0516141106
2011,23,400,73238.0516141106
2011,24,400,73238.0516141106
2011,25,399,73281.70397159747
2011,26,399,73281.70397159747
2011,27,399,73281.70397159747
2011,28,399,73281.70397159747
2011,29,399,73281.70397159747
2011,30,399,73281.70397159747
2011,31,399,73281.70397159747
2011,32,400,73348.96883465258
2011,33,400,73348.96883465258
2011,34,400,73348.96883465258
2011,35,400,73348.96883465258
2011,36,400,73348.96883465258
2011,37,400,73348.96883465258
2011,38,400,73348.96883465258
2011,39,400,73405.68913618007
2011,40,400,73405.68913618007
2011,41,400,73405.68913618007
2011,42,400,73405.68913618007
2011,43,400,73405.68913618007
2011,44,400,73405.68913618007
2011,45,400,73405.68913618007
2011,46,400,73498.40634846734
2011,47,400,73498.40634846734
2011,48,400,73498.40634846734
2011,49,400,73498.40634846734
2011,50,400,73498.40634846734
2011,51,400,73498.40634846734
2011,52,400,73498.40634846734
2011,53,399,73383.18201490275
2011,54,399,73383.18201490275
2011,55,399,73383.18201490275
2011,56,399,73383.18201490275
2011,57,399,73383.18201490275
2011,58,399,73383.18201490275
2011,59,399,73383.18201490275
2011,60,400,73529.62603137194
2011,61,400,73529.62603137194
2011,62,400,73529.62603137194
2011,63,400,73529.62603137194
2011,64,400,73529.62603137194
2011,65,400,73529.62603137194
2011,66,400,73529.62603137194
2011,67,400,73548.09316172508
2011,68,400,73548.09316172508
2011,69,400,73548.09316172508
2011,70,400,73548.09316172508
2011,71,400,73548.09316172508
2011,72,400,73548.09316172508
2011,73,400,73548.09316172508
2011,74,400,73641.8631401888
2011,75,400,73641.8631401888
2011,76,400,73641.8631401888
2011,77,400,73641.8631401888
2011,78,400,73641.8631401888
2011,79,400,73641.8631401888
2011,80,400,73641.8631401888
2011,81,400,73653.98793514435
2011,82,400,73653.98793514435
2011,83,400,73653.98793514435
2011,84,400,73653.98793514435
2011,85,400,73653.98793514435
2011,86,400,73653.98793514435
2011,87,400,73653.98793514435
2011,88,400,73823.82670476983
2011,89,400,73823.82670476983
2011,90,400,73823.82670476983
2011,91,400,73823.82670476983
2011,92,400,73823.82670476983
2011,93,400,73823.82670476983
2011,94,400,73823.82670476983
2011,95,400,73644.56993161229
2011,96,400,73644.56993161229
2011,97,400,73644.56993161229
2011,98,400,73644.56993161229
2011,99,400,73644.56993161229
2011,100,400,73644.56993161229
2011,101,400,73644.56993161229
2011,102,400,73564.46073003084
2011,103,400,73564.46073003084
2011,104,400,73564.46073003084
2011,105,400,73564.46073003084
2011,106,400,73564.46073003084
2011,107,400,73564.46073003084
2011,108,400,73564.46073003084
2011,109,400,73469.16776636173
2011,110,400,73469.16776636173
2011,111,400,73469.16776636173
2011,112,400,73469.16776636173
2011,113,400,73469.16776636173
2011,114,400,73469.16776636173
2011,115,400,73469.16776636173
2011,116,400,73121.53702416855
2011,117,400,73121.53702416855
2011,118,400,73121.53702416855
2011,119,400,73121.53702416855
2011,120,400,73121.53702416855
2011,121,400,73121.53702416855
2011,122,400,73121.53702416855
2011,123,386,70719.30801996261
2011,124,386,70719.30801996261
2011,125,386,70719.30801996261
2011,126,386,70719.30801996261
2011,127,386,70719.30801996261
2011,128,386,70719.30801996261
2011,129,386,70719.30801996261
2011,130,399,73133.5181339255
2011,131,399,73133.5181339255
2011,132,399,73133.5181339255
2011,133,399,73133.5181339255
2011,134,399,73133.5181339255
2011,135,399,73133.5181339255
2011,136,399,73133.5181339255
2011,137,400,73692.81119293538
2011,138,400,73692.81119293538
2011,139,400,73692.81119293538
2011,140,400,73692.81119293538
2011,141,400,73692.81119293538
2011,142,400,73692.81119293538
2011,143,400,73692.81119293538
2011,144,400,73281.04401598308
2011,145,400,73281.04401598308
2011,146,400,73281.04401598308
2011,147,400,73281.04401598308
2011,148,400,73281.04401598308
2011,149,400,73281.04401598308
2011,150,400,73281.04401598308
2011,151,400,72688.50858098418
2011,152,400,72688.50858098418
2011,153,400,72688.50858098418
2011,154,400,72688.50858098418
2011,155,400,72688.50858098418
2011,156,400,72688.50858098418
2011,157,400,72688.50858098418
2011,158,400,72226.8070552259
2011,159,400,72226.8070552259
2011,160,400,72226.8070552259
2011,161,400,72226.8070552259
2011,162,400,72226.8070552259
2011,163,400,72226.8070552259
2011,164,400,72226.8070552259
2011,165,399,71797.10338438192
2011,166,399,71797.10338438192
2011,167,399,71797.10338438192
2011,168,399,71797.10338438192
2011,169,399,71797.10338438192
2011,170,399,71797.10338438192
2011,171,399,71797.10338438192
2011,172,400,71463.05045842564
2011,173,400,71463.05045842564
2011,174,400,71463.05045842564
2011,175,400,71463.05045842564
2011,176,400,71463.05045842564
2011,177,400,71463.05045842564
2011,178,400,71463.05045842564
2011,179,400,71241.40835945384
2011,180,400,71241.40835945384
2011,181,400,71241.40835945384
2011,182,400,71241.40835945384
2011,183,400,71241.40835945384
2011,184,400,71241.40835945384
2011,185,400,71241.40835945384
2011,186,400,70986.8693925032
2011,187,400,70986.8693925032
2011,188,400,70986.8693925032
2011,189,400,70986.8693925032
2011,190,400,70986.8693925032
2011,191,400,70986.8693925032
2011,192,400,70986.8693925032
2011,193,400,70875.12380017948
2011,194,400,70875.12380017948
2011,195,400,70875.12380017948
2011,196,400,70875.12380017948
2011,197,400,70875.12380017948
2011,198,400,70875.12380017948
2011,199,400,70875.12380017948
2011,200,400,70727.16814652445
2011,201,400,70727.16814652445
2011,202,400,70727.16814652445
2011,203,400,70727.16814652445
2011,204,400,70727.16814652445
2011,205,400,70727.16814652445
2011,206,400,70727.16814652445
2011,207,400,70572.85575640824
2011,208,400,70572.85575640824
2011,209,400,70572.85575640824
2011,210,400,70572.85575640824
2011,211,400,70572.85575640824
2011,212,400,70572.85575640824
2011,213,400,70572.85575640824
2011,214,400,70573.09437652056
2011,215,400,70573.09437652056
2011,216,400,70573.09437652056
2011,217,400,70573.09437652056
2011,218,400,70573.09437652056
2011,219,400,70573.09437652056
2011,220,400,70573.09437652056
2011,221,400,70494.60399484365
2011,222,400,70494.60399484365
2011,223,400,70494.60399484365
2011,224,400,70494.60399484365
2011,225,400,70494.60399484365
2011,226,400,70494.60399484365
2011,227,400,70494.60399484365
2011,228,400,70414.76222885493
2011,229,400,70414.76222885493
2011,230,400,70414.76222885493
2011,231,400,70414.76222885493
2011,232,400,70414.76222885493
2011,233,400,70414.76222885493
2011,234,400,70414.76222885493
2011,235,400,70379.22699200208
2011,236,400,70379.22699200208
2011,237,400,70379.22699200208
2011,238,400,70379.22699200208
2011,239,400,70379.22699200208
2011,240,400,70379.22699200208
2011,241,400,70379.22699200208
2011,242,400,70275.61200927499
2011,243,400,70275.61200927499
2011,244,400,70275.61200927499
2011,245,400,70275.61200927499
2011,246,400,70275.61200927499
2011,247,400,70275.61200927499
2011,248,400,70275.61200927499
2011,249,400,70356.59138104657
2011,250,400,70356.59138104657
2011,251,400,70356.59138104657
2011,252,400,70356.59138104657
2011,253,400,70356.59138104657
2011,254,400,70356.59138104657
2011,255,400,70356.59138104657
2011,256,400,70324.52107121472
2011,257,400,70324.52107121472
2011,258,400,70324.52107121472
2011,259,400,70324.52107121472
2011,260,400,70324.52107121472
2011,261,400,70324.52107121472
2011,262,400,70324.52107121472
2011,263,400,70297.95364228041
2011,264,400,70297.95364228041
2011,265,400,70297.95364228041
2011,266,400,70297.95364228041
2011,267,400,70297.95364228041
2011,268,400,70297.95364228041
2011,269,400,70297.95364228041
2011,270,400,70265.76929287393
2011,271,400,70265.76929287393
2011,272,400,70265.76929287393
2011,273,400,70265.76929287393
2011,274,400,70265.76929287393
2011,275,400,70265.76929287393
2011,276,400,70265.76929287393
2011,277,400,70269.42747750193
2011,278,400,70269.42747750193
2011,279,400,70269.42747750193
2011,280,400,70269.42747750193
2011,281,400,70269.42747750193
2011,282,400,70269.42747750193
2011,283,400,70269.42747750193
2011,284,400,70284.68070785952
2011,285,400,70284.68070785952
2011,286,400,70284.68070785952
2011,287,400,70284.68070785952
2011,288,400,70284.68070785952
2011,289,400,70284.68070785952
2011,290,400,70284.68070785952
2011,291,400,70282.78156093952
2011,292,400,70282.78156093952
2011,293,400,70282.78156093952
2011,294,400,70282.78156093952
2011,295,400,70282.78156093952
2011,296,400,70282.78156093952
2011,297,400,70282.78156093952
2011,298,400,70360.06682053412
2011,299,400,70360.06682053412
2011,300,400,70360.06682053412
2011,301,400,70360.06682053412
2011,302,400,70360.06682053412
2011,303,400,70360.06682053412
2011,304,400,70360.06682053412
2011,305,400,70298.69054040589
2011,306,400,70298.69054040589
2011,307,400,70298.69054040589
2011,308,400,70298.69054040589
2011,309,400,70298.69054040589
2011,310,400,70298.69054040589
2011,311,400,70298.69054040589
2011,312,400,70378.14678063428
2011,313,400,70378.14678063428
2011,314,400,70378.14678063428
2011,315,400,70378.14678063428
2011,316,400,70378.14678063428
2011,317,400,70378.14678063428
2011,318,400,70378.14678063428
2011,319,400,70389.21106833659
2011,320,400,70389.21106833659
2011,321,400,70389.21106833659
2011,322,400,70389.21106833659
2011,323,400,70389.21106833659
2011,324,400,70389.21106833659
2011,325,400,70389.21106833659
2011,326,400,70438.4390847772
2011,327,400,70438.4390847772
2011,328,400,70438.4390847772
2011,329,400,70438.4390847772
2011,330,400,70438.4390847772
2011,331,400,70438.4390847772
2011,332,400,70438.4390847772
2011,333,400,70412.93510726355
2011,334,400,70412.93510726355
2011,335,400,70412.93510726355
2011,336,400,70412.93510726355
2011,337,400,70412.93510726355
2011,338,400,70412.93510726355
2011,339,400,70412.93510726355
2011,340,400,70595.11573018988
2011,341,400,70595.11573018988
2011,342,400,70595.11573018988
2011,343,400,70595.11573018988
2011,344,400,70595.11573018988
2011,345,400,70595.11573018988
2011,346,400,70595.11573018988
2011,347,400,70547.90356555565
2011,348,400,70547.90356555565
2011,349,400,70547.90356555565
2011,350,400,70547.90356555565
2011,351,400,70547.90356555565
2011,352,400,70547.90356555565
2011,353,400,70547.90356555565
2011,354,399,70412.35338608659
2011,355,399,70412.35338608659
2011,356,399,70412.35338608659
2011,357,399,70412.35338608659
2011,358,399,70412.35338608659
2011,359,399,70412.35338608659
2011,360,399,70412.35338608659
2011,361,400,70660.60618347341
2011,362,400,70660.60618347341
2011,363,400,70660.60618347341
2011,364,400,70660.60618347341
2011,365,400,70660.60618347341
2012,1,400,70660.60618347341
2012,2,400,70660.60618347341
2012,3,400,70616.946439433
2012,4,400,70616.946439433
2012,5,400,70616.946439433
2012,6,400,70616.946439433
2012,7,400,70616.946439433
2012,8,400,70616.946439433
2012,9,400,70616.946439433
2012,10,400,70752.82439097912
2012,11,400,70752.82439097912
2012,12,400,70752.82439097912
2012,13,400,70752.82439097912
2012,14,400,70752.82439097912
2012,15,400,70752.82439097912
2012,16,400,70752.82439097912
2012,17,400,70855.28898433688
2012,18,400,70855.28898433688
2012,19,400,70855.28898433688
2012,20,400,70855.28898433688
2012,21,400,70855.28898433688
2012,22,400,70855.28898433688
2012,23,400,70855.28898433688
2012,24,400,70860.80519339573
2012,25,400,70860.80519339573
2012,26,400,70860.80519339573
2012,27,400,70860.80519339573
2012,28,400,70860.80519339573
2012,29,400,70860.80519339573
2012,30,400,70860.80519339573
2012,31,400,70942.27345834381
2012,32,400,70942.27345834381
2012,33,400,70942.27345834381
2012,34,400,70942.27345834381
2012,35,400,70942.27345834381
2012,36,400,70942.27345834381
2012,37,400,70942.27345834381
2012,38,400,70931.27793249021
2012,39,400,70931.27793249021
2012,40,400,70931.27793249021
2012,41,400,70931.27793249021
2012,42,400,70931.27793249021
2012,43,400,70931.27793249021
2012,44,400,70931.27793249021
2012,45,400,71012.4353150049
2012,46,400,71012.4353150049
2012,47,400,71012.4353150049
2012,48,400,71012.4353150049
2012,49,400,71012.4353150049
2012,50,400,71012.4353150049
2012,51,400,71012.4353150049
2012,52,400,70908.55975972036
2012,53,400,70908.55975972036
2012,54,400,70908.55975972036
2012,55,400,70908.55975972036
2012,56,400,70908.55975972036
2012,57,400,70908.55975972036
2012,58,400,70908.55975972036
2012,59,400,70934.79773365815
2012,60,400,70934.79773365815
2012,61,400,70934.79773365815
2012,62,400,70934.79773365815
2012,63,400,70934.79773365815
2012,64,400,70934.79773365815
2012,65,400,70934.79773365815
2012,66,399,70769.46987467146
2012,67,399,70769.46987467146
2012,68,399,70769.46987467146
2012,69,399,70769.46987467146
2012,70,399,70769.46987467146
2012,71,399,70769.46987467146
2012,72,399,70769.46987467146
2012,73,399,70621.30154154943
2012,74,399,70621.30154154943
2012,75,399,70621.30154154943
2012,76,399,70621.30154154943
2012,77,399,70621.30154154943
2012,78,399,70621.30154154943
2012,79,399,70621.30154154943
2012,80,400,70783.65307480481
2012,81,400,70783.65307480481
2012,82,400,70783.65307480481
2012,83,400,70783.65307480481
2012,84,400,70783.65307480481
2012,85,400,70783.65307480481
2012,86,400,70783.65307480481
2012,87,400,70863.2023853459
2012,88,400,70863.2023853459
2012,89,400,70863.2023853459
2012,90,400,70863.2023853459
2012,91,400,70863.2023853459
2012,92,400,70863.2023853459
2012,93,400,70863.2023853459
2012,94,400,70812.55380539932
2012,95,400,70812.55380539932
2012,96,400,70812.55380539932
2012,97,400,70812.55380539932
2012,98,400,70812.55380539932
2012,99,400,70812.55380539932
2012,100,400,70812.55380539932
2012,101,400,70866.54475693288
2012,102,400,70866.54475693288
2012,103,400,70866.54475693288
2012,104,400,70866.54475693288
2012,105,400,70866.54475693288
2012,106,400,70866.54475693288
2012,107,400,70866.54475693288
2012,108,400,70968.88130990369
2012,109,400,70968.88130990369
2012,110,400,70968.88130990369
2012,111,400,70968.88130990369
2012,112,400,70968.88130990369
2012,113,400,70968.88130990369
2012,114,400,70968.88130990369
2012,115,400,70951.61808013475
2012,116,400,70951.61808013475
2012,117,400,70951.61808013475
2012,118,400,70951.61808013475
2012,119,400,70951.61808013475
2012,120,400,70951.61808013475
2012,121,400,70951.61808013475
2012,122,400,70970.2697242036
2012,123,400,70970.2697242036
2012,124,400,70970.2697242036
2012,125,400,70970.2697242036
2012,126,400,70970.2697242036
2012,127,400,70970.2697242036
2012,128,400,70970.2697242036
2012,129,400,71019.33806491105
2012,130,400,71019.33806491105
2012,131,400,71019.33806491105
2012,132,400,71019.33806491105
2012,133,400,71019.33806491105
2012,134,400,71019.33806491105
2012,135,400,71019.33806491105
2012,136,400,70931.37467820509
2012,137,400,70931.37467820509
2012,138,400,70931.37467820509
2012,139,400,70931.37467820509
2012,140,400,70931.37467820509
2012,141,400,70931.37467820509
2012,142,400,70931.37467820509
2012,143,400,70723.6774281913
2012,144,400,70723.6774281913
2012,145,400,70723.6774281913
2012,146,400,70723.6774281913
2012,147,400,70723.6774281913
2012,148,400,70723.6774281913
2012,149,400,70723.6774281913
2012,150,400,70681.14789679844
2012,151,400,70681.14789679844
2012,152,400,70681.14789679844
2012,153,400,70681.14789679844
2012,154,400,70681.14789679844
2012,155,400,70681.14789679844
2012,156,400,70681.14789679844
2012,157,400,70539.36221919634
2012,158,400,70539.36221919634
2012,159,400,70539.36221919634
2012,160,400,70539.36221919634
2012,161,400,70539.36221919634
2012,162,400,70539.36221919634
2012,163,400,70539.36221919634
2012,164,400,70442.75093412043
2012,165,400,70442.75093412043
2012,166,400,70442.75093412043
2012,167,400,70442.75093412043
2012,168,400,70442.75093412043
2012,169,400,70442.75093412043
2012,170,400,70442.75093412043
2012,171,400,70190.15158987179
2012,172,400,70190.15158987179
2012,173,400,70190.15158987179
2012,174,400,70190.15158987179
2012,175,400,70190.15158987179
2012,176,400,70190.15158987179
2012,177,400,70190.15158987179
2012,178,400,70011.43757935104
2012,179,400,70011.43757935104
2012,180,400,70011.43757935104
2012,181,400,70011.43757935104
2012,182,400,70011.43757935104
2012,183,400,70011.43757935104
2012,184,400,70011.43757935104
2012,185,400,69925.57102662999
2012,186,400,69925.57102662999
2012,187,400,69925.57102662999
2012,188,400,69925.57102662999
2012,189,400,69925.57102662999
2012,190,400,69925.57102662999
2012,191,400,69925.57102662999
2012,192,400,69777.10789624648
2012,193,400,69777.10789624648
2012,194,400,69777.10789624648
2012,195,400,69777.10789624648
2012,196,400,69777.10789624648
2012,197,400,69777.10789624648
2012,198,400,69777.10789624648
2012,199,400,69722.9144597527
2012,200,400,69722.9144597527
2012,201,400,69722.9144597527
2012,202,400,69722.9144597527
2012,203,400,69722.9144597527
2012,204,400,69722.9144597527
2012,205,400,69722.9144597527
2012,206,400,69484.87391100438
2012,207,400,69484.87391100438
2012,208,400,69484.87391100438
2012,209,400,69484.87391100438
2012,210,400,69484.87391100438
2012,211,400,69484.87391100438
2012,212,400,69484.87391100438
2012,213,400,69429.37426213741
2012,214,400,69429.37426213741
2012,215,400,69429.37426213741
2012,216,400,69429.37426213741
2012,217,400,69429.37426213741
2012,218,400,69429.37426213741
2012,219,400,69429.37426213741
2012,220,399,69343.09050176397
2012,221,399,69343.09050176397
2012,222,399,69343.09050176397
2012,223,399,69343.09050176397
2012,224,399,69343.09050176397
2012,225,399,69343.09050176397
2012,226,399,69343.09050176397
2012,227,400,69387.94892650447
2012,228,400,69387.94892650447
2012,229,400,69387.94892650447
2012,230,400,69387.94892650447
2012,231,400,69387.94892650447
2012,232,400,69387.94892650447
2012,233,400,69387.94892650447
2012,234,400,69489.25301342293
2012,235,400,69489.25301342293
2012,236,400,69489.25301342293
2012,237,400,69489.25301342293
2012,238,400,69489.25301342293
2012,239,400,69489.25301342293
2012,240,400,69489.25301342293
2012,241,400,69313.9931403291
2012,242,400,69313.9931403291
2012,243,400,69313.9931403291
2012,244,400,69313.9931403291
2012,245,400,69313.9931403291
2012,246,400,69313.9931403291
2012,247,400,69313.9931403291
2012,248,399,69179.30231956442
2012,249,399,69179.30231956442
2012,250,399,69179.30231956442
2012,251,399,69179.30231956442
2012,252,399,69179.30231956442
2012,253,399,69179.30231956442
2012,254,399,69179.30231956442
2012,255,400,69343.10104477461
2012,256,400,69343.10104477461
2012,257,400,69343.10104477461
2012,258,400,69343.10104477461
2012,259,400,69343.10104477461
2012,260,400,69343.10104477461
2012,261,400,69343.10104477461
2012,262,400,69206.41274485303
2012,263,400,69206.41274485303
2012,264,400,69206.41274485303
2012,265,400,69206.41274485303
2012,266,400,69206.41274485303
2012,267,400,69206.41274485303
2012,268,400,69206.41274485303
2012,269,400,69394.53961921303
2012,270,400,69394.53961921303
2012,271,400,69394.53961921303
2012,272,400,69394.53961921303
2012,273,400,69394.53961921303
2012,274,400,69394.53961921303
2012,275,400,69394.53961921303
2012,276,400,69373.62196583011
2012,277,400,69373.62196583011
2012,278,400,69373.62196583011
2012,279,400,69373.62196583011
2012,280,400,69373.62196583011
2012,281,400,69373.62196583011
2012,282,400,69373.62196583011
2012,283,400,69384.55984562899
2012,284,400,69384.55984562899
2012,285,400,69384.55984562899
2012,286,400,69384.55984562899
2012,287,400,69384.55984562899
2012,288,400,69384.55984562899
2012,289,400,69384.55984562899
2012,290,400,69347.04304902977
2012,291,400,69347.04304902977
2012,292,400,69347.04304902977
2012,293,400,69347.04304902977
2012,294,400,69347.04304902977
2012,295,400,69347.04304902977
2012,296,400,69347.04304902977
2012,297,400,69315.41954954785
2012,298,400,69315.41954954785
2012,299,400,69315.41954954785
2012,300,400,69315.41954954785
2012,301,400,69315.41954954785
2012,302,400,69315.41954954785
2012,303,400,69315.41954954785
2012,304,400,69336.60292959164
2012,305,400,69336.60292959164
2012,306,400,69336.60292959164
2012,307,400,69336.60292959164
2012,308,400,69336.60292959164
2012,309,400,69336.60292959164
2012,310,400,69336.60292959164
2012,311,399,69340.7389844017
2012,312,399,69340.7389844017
2012,313,399,69340.7389844017
2012,314,399,69340.7389844017
2012,315,399,69340.7389844017
2012,316,399,69340.7389844017
2012,317,399,69340.7389844017
2012,318,400,69404.53416079734
2012,319,400,69404.53416079734
2012,320,400,69404.53416079734
2012,321,400,69404.53416079734
2012,322,400,69404.53416079734
2012,323,400,69404.53416079734
2012,324,400,69404.53416079734
2012,325,400,69441.52753772918
2012,326,400,69441.52753772918
2012,327,400,69441.52753772918
2012,328,400,69441.52753772918
2012,329,400,69441.52753772918
2012,330,400,69441.52753772918
2012,331,400,69441.52753772918
2012,332,400,69578.36066603156
2012,333,400,69578.36066603156
2012,334,400,69578.36066603156
2012,335,400,69578.36066603156
2012,336,400,69578.36066603156
2012,337,400,69578.36066603156
2012,338,400,69578.36066603156
2012,339,400,69526.4547723259
2012,340,400,69526.4547723259
2012,341,400,69526.4547723259
2012,342,400,69526.4547723259
2012,343,400,69526.4547723259
2012,344,400,69526.4547723259
2012,345,400,69526.4547723259
2012,346,400,69631.36588976289
2012,347,400,69631.36588976289
2012,348,400,69631.36588976289
2012,349,400,69631.36588976289
2012,350,400,69631.36588976289
2012,351,400,69631.36588976289
2012,352,400,69631.36588976289
2012,353,400,69694.40675982765
2012,354,400,69694.40675982765
2012,355,400,69694.40675982765
2012,356,400,69694.40675982765
2012,357,400,69694.40675982765
2012,358,400,69694.40675982765
2012,359,400,69694.40675982765
2012,360,400,69705.0595051994
2012,361,400,69705.0595051994
2012,362,400,69705.0595051994
2012,363,400,69705.0595051994
2012,364,400,69705.0595051994
2012,365,400,69705.0595051994
2012,366,400,69705.0595051994
2013,1,400,69948.31058945796
2013,2,400,69948.31058945796
2013,3,400,69948.31058945796
2013,4,400,69948.31058945796
2013,5,400,69948.31058945796
2013,6,400,69948.31058945796
2013,7,400,69948.31058945796
2013,8,400,69855.24781071823
2013,9,400,69855.24781071823
2013,10,400,69855.24781071823
2013,11,400,69855.24781071823
2013,12,400,69855.24781071823
2013,13,400,69855.24781071823
2013,14,400,69855.24781071823
2013,15,399,69762.61992697131
2013,16,399,69762.61992697131
2013,17,399,69762.61992697131
2013,18,399,69762.61992697131
2013,19,399,69762.61992697131
2013,20,399,69762.61992697131
2013,21,399,69762.61992697131
2013,22,400,70014.07101551381
2013,23,400,70014.07101551381
2013,24,400,70014.07101551381
2013,25,400,70014.07101551381
2013,26,400,70014.07101551381
2013,27,400,70014.07101551381
2013,28,400,70014.07101551381
2013,29,400,70203.60157047727
2013,30,400,70203.60157047727
2013,31,400,70203.60157047727
2013,32,400,70203.60157047727
2013,33,400,70203.60157047727
2013,34,400,70203.60157047727
2013,35,400,70203.60157047727
2013,36,400,70266.98878554475
2013,37,400,70266.98878554475
2013,38,400,70266.98878554475
2013,39,400,70266.98878554475
2013,40,400,70266.98878554475
2013,41,400,70266.98878554475
2013,42,400,70266.98878554475
2013,43,400,70092.49464914172
2013,44,400,70092.49464914172
2013,45,400,70092.49464914172
2013,46,400,70092.49464914172
2013,47,400,70092.49464914172
2013,48,400,70092.49464914172
2013,49,400,70092.49464914172
2013,50,400,70381.64668160334
2013,51,400,70381.64668160334
2013,52,400,70381.64668160334
2013,53,400,70381.64668160334
2013,54,400,70381.64668160334
2013,55,400,70381.64668160334
2013,56,400,70381.64668160334
2013,57,399,70020.97555311714
2013,58,399,70020.97555311714
2013,59,399,70020.97555311714
2013,60,399,70020.97555311714
2013,61,399,70020.97555311714
2013,62,399,70020.97555311714
2013,63,399,70020.97555311714
2013,64,399,70270.44662664579
2013,65,399,70270.44662664579
2013,66,399,70270.44662664579
2013,67,399,70270.44662664579
2013,68,399,70270.44662664579
2013,69,399,70270.44662664579
2013,70,399,70270.44662664579
2013,71,400,70321.61934472896
2013,72,400,70321.61934472896
2013,73,400,70321.61934472896
2013,74,400,70321.61934472896
2013,75,400,70321.61934472896
2013,76,400,70321.61934472896
2013,77,400,70321.61934472896
2013,78,400,70454.12681868991
2013,79,400,70454.12681868991
2013,80,400,70454.12681868991
2013,81,400,70454.12681868991
2013,82,400,70454.12681868991
2013,83,400,70454.12681868991
2013,84,400,70454.12681868991
2013,85,400,70419.38663546897
2013,86,400,70419.38663546897
2013,87,400,70419.38663546897
2013,88,400,70419.38663546897
2013,89,400,70419.38663546897
2013,90,400,70419.38663546897
2013,91,400,70419.38663546897
2013,92,400,70456.46507063914
2013,93,400,70456.46507063914
2013,94,400,70456.46507063914
2013,95,400,70456.46507063914
2013,96,400,70456.46507063914
2013,97,400,70456.46507063914
2013,98,400,70456.46507063914
2013,99,400,70530.22454408089
2013,100,400,70530.22454408089
2013,101,400,70530.22454408089
2013,102,400,70530.22454408089
2013,103,400,70530.22454408089
2013,104,400,70530.22454408089
2013,105,400,70530.22454408089
2013,106,400,70571.54956350713
2013,107,400,70571.54956350713
2013,108,400,70571.54956350713
2013,109,400,70571.54956350713
2013,110,400,70571.54956350713
2013,111,400,70571.54956350713
2013,112,400,70571.54956350713
2013,113,400,70386.55726828467
2013,114,400,70386.55726828467
2013,115,400,70386.55726828467
2013,116,400,70386.55726828467
2013,117,400,70386.55726828467
2013,118,400,70386.55726828467
2013,119,400,70386.55726828467
2013,120,399,70381.5449020418
2013,121,399,70381.5449020418
2013,122,399,70381.5449020418
2013,123,399,70381.5449020418
2013,124,399,70381.5449020418
2013,125,399,70381.5449020418
2013,126,399,70381.5449020418
2013,127,400,70691.02756806723
2013,128,400,70691.02756806723
2013,129,400,70691.02756806723
2013,130,400,70691.02756806723
2013,131,400,70691.02756806723
2013,132,400,70691.02756806723
2013,133,400,70691.02756806723
2013,134,400,70563.88552986796
2013,135,400,70563.88552986796
2013,136,400,70563.88552986796
2013,137,400,70563.88552986796
2013,138,400,70563.88552986796
2013,139,400,70563.88552986796
2013,140,400,70563.88552986796
2013,141,400,70688.64390368023
2013,142,400,70688.64390368023
2013,143,400,70688.64390368023
2013,144,400,70688.64390368023
2013,145,400,70688.64390368023
2013,146,400,70688.64390368023
2013,147,400,70688.64390368023
2013,148,400,70550.51307129332
2013,149,400,70550.51307129332
2013,150,400,70550.51307129332
2013,151,400,70550.51307129332
2013,152,400,70550.51307129332
2013,153,400,70550.51307129332
2013,154,400,70550.51307129332
2013,155,399,70464.16175542225
2013,156,399,70464.16175542225
2013,157,399,70464.16175542225
2013,158,399,70464.16175542225
2013,159,399,70464.16175542225
2013,160,399,70464.16175542225
2013,161,399,70464.16175542225
2013,162,400,70549.48289869213
2013,163,400,70549.48289869213
2013,164,400,70549.48289869213
2013,165,400,70549.48289869213
2013,166,400,70549.48289869213
2013,167,400,70549.48289869213
2013,168,400,70549.48289869213
2013,169,400,70564.1552531744
2013,170,400,70564.1552531744
2013,171,400,70564.1552531744
2013,172,400,70564.1552531744
2013,173,400,70564.1552531744
2013,174,400,70564.1552531744
2013,175,400,70564.1552531744
2013,176,400,70520.30880610124
2013,177,400,70520.30880610124
2013,178,400,70520.30880610124
2013,179,400,70520.30880610124
2013,180,400,70520.30880610124
2013,181,400,70520.30880610124
2013,182,400,70520.30880610124
2013,183,400,70330.91023151118
2013,184,400,70330.91023151118
2013,185,400,70330.91023151118
2013,186,400,70330.91023151118
2013,187,400,70330.91023151118
2013,188,400,70330.91023151118
2013,189,400,70330.91023151118
2013,190,400,70340.95956750338
2013,191,400,70340.95956750338
2013,192,400,70340.95956750338
2013,193,400,70340.95956750338
2013,194,400,70340.95956750338
2013,195,400,70340.95956750338
2013,196,400,70340.95956750338
2013,197,400,70150.84856691357
2013,198,400,70150.84856691357
2013,199,400,70150.84856691357
2013,200,400,70150.84856691357
2013,201,400,70150.84856691357
2013,202,400,70150.84856691357
2013,203,400,70150.84856691357
2013,204,400,70267.20610539534
2013,205,400,70267.20610539534
2013,206,400,70267.20610539534
2013,207,400,70267.20610539534
2013,208,400,70267.20610539534
2013,209,400,70267.20610539534
2013,210,400,70267.20610539534
2013,211,399,69904.36742399079
2013,212,399,69904.36742399079
2013,213,399,69904.36742399079
2013,214,399,69904.36742399079
2013,215,399,69904.36742399079
2013,216,399,69904.36742399079
2013,217,399,69904.36742399079
2013,218,400,70193.79228648377
2013,219,400,70193.79228648377
2013,220,400,70193.79228648377
2013,221,400,70193.79228648377
2013,222,400,70193.79228648377
2013,223,400,70193.79228648377
2013,224,400,70193.79228648377
2013,225,400,70049.09250314964
2013,226,400,70049.09250314964
2013,227,400,70049.09250314964
2013,228,400,70049.09250314964
2013,229,400,70049.09250314964
2013,230,400,70049.09250314964
2013,231,400,70049.09250314964
2013,232,400,69895.77713053489
2013,233,400,69895.77713053489
2013,234,400,69895.77713053489
2013,235,400,69895.77713053489
2013,236,400,69895.77713053489
2013,237,400,69895.77713053489
2013,238,400,69895.77713053489
2013,239,400,69868.09383352005
2013,240,400,69868.09383352005
2013,241,400,69868.09383352005
2013,242,400,69868.09383352005
2013,243,400,69868.09383352005
2013,244,400,69868.09383352005
2013,245,400,69868.09383352005
2013,246,400,69913.9185464821
2013,247,400,69913.9185464821
2013,248,400,69913.9185464821
2013,249,400,69913.9185464821
2013,250,400,69913.9185464821
2013,251,400,69913.9185464821
2013,252,400,69913.9185464821
2013,253,400,69849.26820695875
2013,254,400,69849.26820695875
2013,255,400,69849.26820695875
2013,256,400,69849.26820695875
2013,257,400,69849.26820695875
2013,258,400,69849.26820695875
2013,259,400,69849.26820695875
2013,260,400,69700.5523055502
2013,261,400,69700.5523055502
2013,262,400,69700.5523055502
2013,263,400,69700.5523055502
2013,264,400,69700.5523055502
2013,265,400,69700.5523055502
2013,266,400,69700.5523055502
2013,267,400,69700.3714938591
2013,268,400,69700.3714938591
2013,269,400,69700.3714938591
2013,270,400,69700.3714938591
2013,271,400,69700.3714938591
2013,272,400,69700.3714938591
2013,273,400,69700.3714938591
2013,274,400,69758.22307496406
2013,275,400,69758.22307496406
2013,276,400,69758.22307496406
2013,277,400,69758.22307496406
2013,278,400,69758.22307496406
2013,279,400,69758.22307496406
2013,280,400,69758.22307496406
2013,281,399,69568.24831845077
2013,282,399,69568.24831845077
2013,283,399,69568.24831845077
2013,284,399,69568.24831845077
2013,285,399,69568.24831845077
2013,286,399,69568.24831845077
2013,287,399,69568.24831845077
2013,288,400,69558.86032146703
2013,289,400,69558.86032146703
2013,290,400,69558.86032146703
2013,291,400,69558.86032146703
2013,292,400,69558.86032146703
2013,293,400,69558.86032146703
2013,294,400,69558.86032146703
2013,295,399,69431.75467780922
2013,296,399,69431.75467780922
2013,297,399,69431.75467780922
2013,298,399,69431.75467780922
2013,299,399,69431.75467780922
2013,300,399,69431.75467780922
2013,301,399,69431.75467780922
2013,302,400,69644.94698992824
2013,303,400,69644.94698992824
2013,304,400,69644.94698992824
2013,305,400,69644.94698992824
2013,306,400,69644.94698992824
2013,307,400,69644.94698992824
2013,308,400,69644.94698992824
2013,309,400,69409.73889379282
2013,310,400,69409.73889379282
2013,311,400,69409.73889379282
2013,312,400,69409.73889379282
2013,313,400,69409.73889379282
2013,314,400,69409.73889379282
2013,315,400,69409.73889379282
2013,316,400,69619.89143974448
2013,317,400,69619.89143974448
2013,318,400,69619.89143974448
2013,319,400,69619.89143974448
2013,320,400,69619.89143974448
2013,321,400,69619.89143974448
2013,322,400,69619.89143974448
2013,323,400,69481.01663953296
2013,324,400,69481.01663953296
2013,325,400,69481.01663953296
2013,326,400,69481.01663953296
2013,327,400,69481.01663953296
2013,328,400,69481.01663953296
2013,329,400,69481.01663953296
2013,330,400,69461.7620407064
2013,331,400,69461.7620407064
2013,332,400,69461.7620407064
2013,333,400,69461.7620407064
2013,334,400,69461.7620407064
2013,335,400,69461.7620407064
2013,336,400,69461.7620407064
2013,337,399,69207.24496436422
2013,338,399,69207.24496436422
2013,339,399,69207.24496436422
2013,340,399,69207.24496436422
2013,341,399,69207.24496436422
2013,342,399,69207.24496436422
2013,343,399,69207.24496436422
2013,344,400,69479.05386347786
2013,345,400,69479.05386347786
2013,346,400,69479.05386347786
2013,347,400,69479.05386347786
2013,348,400,69479.05386347786
2013,349,400,69479.05386347786
2013,350,400,69479.05386347786
2013,351,400,69431.17394298113
2013,352,400,69431.17394298113
2013,353,400,69431.17394298113
2013,354,400,69431.17394298113
2013,355,400,69431.17394298113
2013,356,400,69431.17394298113
2013,357,400,69431.17394298113
2013,358,400,69504.20450127487
2013,359,400,69504.20450127487
2013,360,400,69504.20450127487
2013,361,400,69504.20450127487
2013,362,400,69504.20450127487
2013,363,400,69504.20450127487
2013,364,400,69504.20450127487
2013,365,400,69594.83883390499
2014,1,400,69594.83883390499
2014,2,400,69594.83883390499
2014,3,400,69594.83883390499
2014,4,400,69594.83883390499
2014,5,400,69594.83883390499
2014,6,400,69594.83883390499
2014,7,400,69525.91489120238
2014,8,400,69525.91489120238
2014,9,400,69525.91489120238
2014,10,400,69525.91489120238
2014,11,400,69525.91489120238
2014,12,400,69525.91489120238
2014,13,400,69525.91489120238
2014,14,400,69628.81038647602
2014,15,400,69628.81038647602
2014,16,400,69628.81038647602
2014,17,400,69628.81038647602
2014,18,400,69628.81038647602
2014,19,400,69628.81038647602
2014,20,400,69628.81038647602
2014,21,400,69758.0331691151
2014,22,400,69758.0331691151
2014,23,400,69758.0331691151
2014,24,400,69758.0331691151
2014,25,400,69758.0331691151
2014,26,400,69758.0331691151
2014,27,400,69758.0331691151
2014,28,400,69694.68642104717
2014,29,400,69694.68642104717
2014,30,400,69694.68642104717
2014,31,400,69694.68642104717
2014,32,400,69694.68642104717
2014,33,400,69694.68642104717
2014,34,400,69694.68642104717
2014,35,399,69597.41143416194
2014,36,399,69597.41143416194
2014,37,399,69597.41143416194
2014,38,399,69597.41143416194
2014,39,399,69597.41143416194
2014,40,399,69597.41143416194
2014,41,399,69597.41143416194
2014,42,400,69834.93128592784
2014,43,400,69834.93128592784
2014,44,400,69834.93128592784
2014,45,400,69834.93128592784
2014,46,400,69834.93128592784
2014,47,400,69834.93128592784
2014,48,400,69834.93128592784
2014,49,400,70023.95440904499
2014,50,400,70023.95440904499
2014,51,400,70023.95440904499
2014,52,400,70023.95440904499
2014,53,400,70023.95440904499
2014,54,400,70023.95440904499
2014,55,400,70023.95440904499
2014,56,400,69959.82412790977
2014,57,400,69959.82412790977
2014,58,400,69959.82412790977
2014,59,400,69959.82412790977
2014,60,400,69959.82412790977
2014,61,400,69959.82412790977
2014,62,400,69959.82412790977
2014,63,400,69894.69908658463
2014,64,400,69894.69908658463
2014,65,400,69894.69908658463
2014,66,400,69894.69908658463
2014,67,400,69894.69908658463
2014,68,400,69894.69908658463
2014,69,400,69894.69908658463
2014,70,399,69746.50974535124
2014,71,399,69746.50974535124
2014,72,399,69746.50974535124
2014,73,399,69746.50974535124
2014,74,399,69746.50974535124
2014,75,399,69746.50974535124
2014,76,399,69746.50974535124
2014,77,400,70013.1857934068
2014,78,400,70013.1857934068
2014,79,400,70013.1857934068
2014,80,400,70013.1857934068
2014,81,400,70013.1857934068
2014,82,400,70013.1857934068
2014,83,400,70013.1857934068
2014,84,400,70117.55475608373
2014,85,400,70117.55475608373
2014,86,400,70117.55475608373
2014,87,400,70117.55475608373
2014,88,400,70117.55475608373
2014,89,400,70117.55475608373
2014,90,400,70117.55475608373
2014,91,400,70160.21220562735
2014,92,400,70160.21220562735
2014,93,400,70160.21220562735
2014,94,400,70160.21220562735
2014,95,400,70160.21220562735
2014,96,400,70160.21220562735
2014,97,400,70160.21220562735
2014,98,400,70059.39155209673
2014,99,400,70059.39155209673
2014,100,400,70059.39155209673
2014,101,400,70059.39155209673
2014,102,400,70059.39155209673
2014,103,400,70059.39155209673
2014,104,400,70059.39155209673
2014,105,400,70119.09604610692
2014,106,400,70119.09604610692
2014,107,400,70119.09604610692
2014,108,400,70119.09604610692
2014,109,400,70119.09604610692
2014,110,400,70119.09604610692
2014,111,400,70119.09604610692
2014,112,400,70100.9074826455
2014,113,400,70100.9074826455
2014,114,400,70100.9074826455
2014,115,400,70100.9074826455
2014,116,400,70100.9074826455
2014,117,400,70100.9074826455
2014,118,400,70100.9074826455
2014,119,400,70218.56194743887
2014,120,400,70218.56194743887
2014,121,400,70218.56194743887
2014,122,400,70218.56194743887
2014,123,400,70218.56194743887
2014,124,400,70218.56194743887
2014,125,400,70218.56194743887
2014,126,400,70205.75165382959
2014,127,400,70205.75165382959
2014,128,400,70205.75165382959
2014,129,400,70205.75165382959
2014,130,400,70205.75165382959
2014,131,400,70205.75165382959
2014,132,400,70205.75165382959
2014,133,400,70317.59337555364
2014,134,400,70317.59337555364
2014,135,400,70317.59337555364
2014,136,400,70317.59337555364
2014,137,400,70317.59337555364
2014,138,400,70317.59337555364
2014,139,400,70317.59337555364
2014,140,400,70259.01140227672
2014,141,400,70259.01140227672
2014,142,400,70259.01140227672
2014,143,400,70259.01140227672
2014,144,400,70259.01140227672
2014,145,400,70259.01140227672
2014,146,400,70259.01140227672
2014,147,400,70173.91825887431
2014,148,400,70173.91825887431
2014,149,400,70173.91825887431
2014,150,400,70173.91825887431
2014,151,400,70173.91825887431
2014,152,400,70173.91825887431
2014,153,400,70173.91825887431
2014,154,400,70422.69725320538
2014,155,400,70422.69725320538
2014,156,400,70422.69725320538
2014,157,400,70422.69725320538
2014,158,400,70422.69725320538
2014,159,400,70422.69725320538
2014,160,400,70422.69725320538
2014,161,400,70311.70311415679
2014,162,400,70311.70311415679
2014,163,400,70311.70311415679
2014,164,400,70311.70311415679
2014,165,400,70311.70311415679
2014,166,400,70311.70311415679
2014,167,400,70311.70311415679
2014,168,400,70253.57788973396
2014,169,400,70253.57788973396
2014,170,400,70253.57788973396
2014,171,400,70253.57788973396
2014,172,400,70253.57788973396
2014,173,400,70253.57788973396
2014,174,400,70253.57788973396
2014,175,400,70305.12314030601
2014,176,400,70305.12314030601
2014,177,400,70305.12314030601
2014,178,400,70305.12314030601
2014,179,400,70305.12314030601
2014,180,400,70305.12314030601
2014,181,400,70305.12314030601
2014,182,400,70368.79914018785
2014,183,400,70368.79914018785
2014,184,400,70368.79914018785
2014,185,400,70368.79914018785
2014,186,400,70368.79914018785
2014,187,400,70368.79914018785
2014,188,400,70368.79914018785
2014,189,400,70310.96985067028
2014,190,400,70310.96985067028
2014,191,400,70310.96985067028
2014,192,400,70310.96985067028
2014,193,400,70310.96985067028
2014,194,400,70310.96985067028
2014,195,400,70310.96985067028
2014,196,400,70272.47432502381
2014,197,400,70272.47432502381
2014,198,400,70272.47432502381
2014,199,400,70272.47432502381
2014,200,400,70272.47432502381
2014,201,400,70272.47432502381
2014,202,400,70272.47432502381
2014,203,400,70368.95420169823
2014,204,400,70368.95420169823
2014,205,400,70368.95420169823
2014,206,400,70368.95420169823
2014,207,400,70368.95420169823
2014,208,400,70368.95420169823
2014,209,400,70368.95420169823
2014,210,400,70229.16908240799
2014,211,400,70229.16908240799
2014,212,400,70229.16908240799
2014,213,400,70229.16908240799
2014,214,400,70229.16908240799
2014,215,400,70229.16908240799
2014,216,400,70229.16908240799
2014,217,400,70264.36132698086
2014,218,400,70264.36132698086
2014,219,400,70264.36132698086
2014,220,400,70264.36132698086
2014,221,400,70264.36132698086
2014,222,400,70264.36132698086
2014,223,400,70264.36132698086
2014,224,400,70187.14334581314
2014,225,400,70187.14334581314
2014,226,400,70187.14334581314
2014,227,400,70187.14334581314
2014,228,400,70187.14334581314
2014,229,400,70187.14334581314
2014,230,400,70187.14334581314
2014,231,400,70372.78315251843
2014,232,400,70372.78315251843
2014,233,400,70372.78315251843
2014,234,400,70372.78315251843
2014,235,400,70372.78315251843
2014,236,400,70372.78315251843
2014,237,400,70372.78315251843
2014,238,400,70128.37085257827
2014,239,400,70128.37085257827
2014,240,400,70128.37085257827
2014,241,400,70128.37085257827
2014,242,400,70128.37085257827
2014,243,400,70128.37085257827
2014,244,400,70128.37085257827
2014,245,400,70058.01343350507
2014,246,400,70058.01343350507
2014,247,400,70058.01343350507
2014,248,400,70058.01343350507
2014,249,400,70058.01343350507
2014,250,400,70058.01343350507
2014,251,400,70058.01343350507
2014,252,400,70097.63756007326
2014,253,400,70097.63756007326
2014,254,400,70097.63756007326
2014,255,400,70097.63756007326
2014,256,400,70097.63756007326
2014,257,400,70097.63756007326
2014,258,400,70097.63756007326
2014,259,400,69999.40363860299
2014,260,400,69999.40363860299
2014,261,400,69999.40363860299
2014,262,400,69999.40363860299
2014,263,400,69999.40363860299
2014,264,400,69999.40363860299
2014,265,400,69999.40363860299
2014,266,400,70185.4036901789
2014,267,400,70185.4036901789
2014,268,400,70185.4036901789
2014,269,400,70185.4036901789
2014,270,400,70185.4036901789
2014,271,400,70185.4036901789
2014,272,400,70185.4036901789
2014,273,400,69986.4666443773
2014,274,400,69986.4666443773
2014,275,400,69986.4666443773
2014,276,400,69986.4666443773
2014,277,400,69986.4666443773
2014,278,400,69986.4666443773
2014,279,400,69986.4666443773
2014,280,399,69943.29066969577
2014,281,399,69943.29066969577
2014,282,399,69943.29066969577
2014,283,399,69943.29066969577
2014,284,399,69943.29066969577
2014,285,399,69943.29066969577
2014,286,399,69943.29066969577
2014,287,399,69914.28105558503
2014,288,399,69914.28105558503
2014,289,399,69914.28105558503
2014,290,399,69914.28105558503
2014,291,399,69914.28105558503
2014,292,399,69914.28105558503
2014,293,399,69914.28105558503
2014,294,400,70150.01924296246
2014,295,400,70150.01924296246
2014,296,400,70150.01924296246
2014,297,400,70150.01924296246
2014,298,400,70150.01924296246
2014,299,400,70150.01924296246
2014,300,400,70150.01924296246
2014,301,400,70017.32582820358
2014,302,400,70017.32582820358
2014,303,400,70017.32582820358
2014,304,400,70017.32582820358
2014,305,400,70017.32582820358
2014,306,400,70017.32582820358
2014,307,400,70017.32582820358
2014,308,400,70024.65952552574
2014,309,400,70024.65952552574
2014,310,400,70024.65952552574
2014,311,400,70024.65952552574
2014,312,400,70024.65952552574
2014,313,400,70024.65952552574
2014,314,400,70024.65952552574
2014,315,400,69964.6903703858
2014,316,400,69964.6903703858
2014,317,400,69964.6903703858
2014,318,400,69964.6903703858
2014,319,400,69964.6903703858
2014,320,400,69964.6903703858
2014,321,400,69964.6903703858
2014,322,400,70124.03096482044
2014,323,400,70124.03096482044
2014,324,400,70124.03096482044
2014,325,400,70124.03096482044
2014,326,400,70124.03096482044
2014,327,400,70124.03096482044
2014,328,400,70124.03096482044
2014,329,400,69986.56672593082
2014,330,400,69986.56672593082
2014,331,400,69986.56672593082
2014,332,400,69986.56672593082
2014,333,400,69986.56672593082
2014,334,400,69986.56672593082
2014,335,400,69986.56672593082
2014,336,400,69907.63781642815
2014,337,400,69907.63781642815
2014,338,400,69907.63781642815
2014,339,400,69907.63781642815
2014,340,400,69907.63781642815
2014,341,400,69907.63781642815
2014,342,400,69907.63781642815
2014,343,400,69921.83077053622
2014,344,400,69921.83077053622
2014,345,400,69921.83077053622
2014,346,400,69921.83077053622
2014,347,400,69921.83077053622
2014,348,400,69921.83077053622
2014,349,400,69921.83077053622
2014,350,400,69781.14280197486
2014,351,400,69781.14280197486
2014,352,400,69781.14280197486
2014,353,400,69781.14280197486
2014,354,400,69781.14280197486
2014,355,400,69781.14280197486
2014,356,400,69781.14280197486
2014,357,400,69905.5105466091
2014,358,400,69905.5105466091
2014,359,400,69905.5105466091
2014,360,400,69905.5105466091
2014,361,400,69905.5105466091
2014,362,400,69905.5105466091
2014,363,400,69905.5105466091
2014,364,400,69847.26335009003
2014,365,400,69847.26335009003
2015,1,400,69847.26335009003
2015,2,400,69847.26335009003
2015,3,400,69847.26335009003
2015,4,400,69847.26335009003
2015,5,400,69847.26335009003
2015,6,400,69862.90603083701
2015,7,400,69862.90603083701
2015,8,400,69862.90603083701
2015,9,400,69862.90603083701
2015,10,400,69862.90603083701
2015,11,400,69862.90603083701
2015,12,400,69862.90603083701
2015,13,400,69780.05667011825
2015,14,400,69780.05667011825
2015,15,400,69780.05667011825
2015,16,400,69780.05667011825
2015,17,400,69780.05667011825
2015,18,400,69780.05667011825
2015,19,400,69780.05667011825
2015,20,400,69908.98117362731
2015,21,400,69908.98117362731
2015,22,400,69908.98117362731
2015,23,400,69908.98117362731
2015,24,400,69908.98117362731
2015,25,400,69908.98117362731
2015,26,400,69908.98117362731
2015,27,400,70002.77089237387
2015,28,400,70002.77089237387
2015,29,400,70002.77089237387
2015,30,400,70002.77089237387
2015,31,400,70002.77089237387
2015,32,400,70002.77089237387
2015,33,400,70002.77089237387
2015,34,400,69932.47599926264
2015,35,400,69932.47599926264
2015,36,400,69932.47599926264
2015,37,400,69932.47599926264
2015,38,400,69932.47599926264
2015,39,400,69932.47599926264
2015,40,400,69932.47599926264
2015,41,399,69746.59551408303
2015,42,399,69746.59551408303
2015,43,399,69746.59551408303
2015,44,399,69746.59551408303
2015,45,399,69746.59551408303
2015,46,399,69746.59551408303
2015,47,399,69746.59551408303
2015,48,400,70023.3548758253
2015,49,400,70023.3548758253
2015,50,400,70023.3548758253
2015,51,400,70023.3548758253
2015,52,400,70023.3548758253
2015,53,400,70023.3548758253
2015,54,400,70023.3548758253
2015,55,400,69765.37232389563
2015,56,400,69765.37232389563
2015,57,400,69765.37232389563
2015,58,400,69765.37232389563
2015,59,400,69765.37232389563
2015,60,400,69765.37232389563
2015,61,400,69765.37232389563
2015,62,400,69891.43652882747
2015,63,400,69891.43652882747
2015,64,400,69891.43652882747
2015,65,400,69891.43652882747
2015,66,400,69891.43652882747
2015,67,400,69891.43652882747
2015,68,400,69891.43652882747
2015,69,400,69904.18682781816
2015,70,400,69904.18682781816
2015,71,400,69904.18682781816
2015,72,400,69904.18682781816
2015,73,400,69904.18682781816
2015,74,400,69904.18682781816
2015,75,400,69904.18682781816
2015,76,400,69914.94105925795
2015,77,400,69914.94105925795
2015,78,400,69914.94105925795
2015,79,400,69914.94105925795
2015,80,400,69914.94105925795
2015,81,400,69914.94105925795
2015,82,400,69914.94105925795
2015,83,400,69995.2573023818
2015,84,400,69995.2573023818
2015,85,400,69995.2573023818
2015,86,400,69995.2573023818
2015,87,400,69995.2573023818
2015,88,400,69995.2573023818
2015,89,400,69995.2573023818
2015,90,400,69989.45634263473
2015,91,400,69989.45634263473
2015,92,400,69989.45634263473
2015,93,400,69989.45634263473
2015,94,400,69989.45634263473
2015,95,400,69989.45634263473
2015,96,400,69989.45634263473
2015,97,400,69952.75542462301
2015,98,400,69952.75542462301
2015,99,400,69952.75542462301
2015,100,400,69952.75542462301
2015,101,400,69952.75542462301
2015,102,400,69952.75542462301
2015,103,400,69952.75542462301
2015,104,400,70074.6720864946
2015,105,400,70074.6720864946
2015,106,400,70074.6720864946
2015,107,400,70074.6720864946
2015,108,400,70074.6720864946
2015,109,400,70074.6720864946
2015,110,400,70074.6720864946
2015,111,400,70002.47633401494
2015,112,400,70002.47633401494
2015,113,400,70002.47633401494
2015,114,400,70002.47633401494
2015,115,400,70002.47633401494
2015,116,400,70002.47633401494
2015,117,400,70002.47633401494
2015,118,400,69996.6864624447
2015,119,400,69996.6864624447
2015,120,400,69996.6864624447
2015,121,400,69996.6864624447
2015,122,400,69996.6864624447
2015,123,400,69996.6864624447
2015,124,400,69996.6864624447
2015,125,400,70177.93654533326
2015,126,400,70177.93654533326
2015,127,400,70177.93654533326
2015,128,400,70177.93654533326
2015,129,400,70177.93654533326
2015,130,400,70177.93654533326
2015,131,400,70177.93654533326
2015,132,400,70013.97875501847
2015,133,400,70013.97875501847
2015,134,400,70013.97875501847
2015,135,400,70013.97875501847
2015,136,400,70013.97875501847
2015,137,400,70013.97875501847
2015,138,400,70013.97875501847
2015,139,399,69890.65613399095
2015,140,399,69890.65613399095
2015,141,399,69890.65613399095
2015,142,399,69890.65613399095
2015,143,399,69890.65613399095
2015,144,399,69890.65613399095
2015,145,399,69890.65613399095
2015,146,400,69945.94143735737
2015,147,400,69945.94143735737
2015,148,400,69945.94143735737
2015,149,400,69945.94143735737
2015,150,400,69945.94143735737
2015,151,400,69945.94143735737
2015,152,400,69945.94143735737
2015,153,400,70138.41688190777
2015,154,400,70138.41688190777
2015,155,400,70138.41688190777
2015,156,400,70138.41688190777
2015,157,400,70138.41688190777
2015,158,400,70138.41688190777
2015,159,400,70138.41688190777
2015,160,400,70025.82838904137
2015,161,400,70025.82838904137
2015,162,400,70025.82838904137
2015,163,400,70025.82838904137
2015,164,400,70025.82838904137
2015,165,400,70025.82838904137
2015,166,400,70025.82838904137
2015,167,400,70229.93359908303
2015,168,400,70229.93359908303
2015,169,400,70229.93359908303
2015,170,400,70229.93359908303
2015,171,400,70229.93359908303
2015,172,400,70229.93359908303
2015,173,400,70229.93359908303
2015,174,400,70180.99626463816
2015,175,400,70180.99626463816
2015,176,400,70180.99626463816
2015,177,400,70180.99626463816
2015,178,400,70180.99626463816
2015,179,400,70180.99626463816
2015,180,400,70180.99626463816
2015,181,400,70080.8198663478
2015,182,400,70080.8198663478
2015,183,400,70080.8198663478
2015,184,400,70080.8198663478
2015,185,400,70080.8198663478
2015,186,400,70080.8198663478
2015,187,400,70080.8198663478
2015,188,400,69920.66478329447
2015,189,400,69920.66478329447
2015,190,400,69920.66478329447
2015,191,400,69920.66478329447
2015,192,400,69920.66478329447
2015,193,400,69920.66478329447
2015,194,400,69920.66478329447
2015,195,400,70187.37823746275
2015,196,400,70187.37823746275
2015,197,400,70187.37823746275
2015,198,400,70187.37823746275
2015,199,400,70187.37823746275
2015,200,400,70187.37823746275
2015,201,400,70187.37823746275
2015,202,400,70219.93671192773
2015,203,400,70219.93671192773
2015,204,400,70219.93671192773
2015,205,400,70219.93671192773
2015,206,400,70219.93671192773
2015,207,400,70219.93671192773
2015,208,400,70219.93671192773
2015,209,399,69856.52947608133
2015,210,399,69856.52947608133
2015,211,399,69856.52947608133
2015,212,399,69856.52947608133
2015,213,399,69856.52947608133
2015,214,399,69856.52947608133
2015,215,399,69856.52947608133
2015,216,399,70015.88904958026
2015,217,399,70015.88904958026
2015,218,399,70015.88904958026
2015,219,399,70015.88904958026
2015,220,399,70015.88904958026
2015,221,399,70015.88904958026
2015,222,399,70015.88904958026
2015,223,400,70091.47618033309
2015,224,400,70091.47618033309
2015,225,400,70091.47618033309
2015,226,400,70091.47618033309
2015,227,400,70091.47618033309
2015,228,400,70091.47618033309
2015,229,400,70091.47618033309
2015,230,399,69830.00489270077
2015,231,399,69830.00489270077
2015,232,399,69830.00489270077
2015,233,399,69830.00489270077
2015,234,399,69830.00489270077
2015,235,399,69830.00489270077
2015,236,399,69830.00489270077
2015,237,400,70189.88405135291
2015,238,400,70189.88405135291
2015,239,400,70189.88405135291
2015,240,400,70189.88405135291
2015,241,400,70189.88405135291
2015,242,400,70189.88405135291
2015,243,400,70189.88405135291
2015,244,400,70097.93703462504
2015,245,400,70097.93703462504
2015,246,400,70097.93703462504
2015,247,400,70097.93703462504
2015,248,400,70097.93703462504
2015,249,400,70097.93703462504
2015,250,400,70097.93703462504
2015,251,400,69981.11207009704
2015,252,400,69981.11207009704
2015,253,400,69981.11207009704
2015,254,400,69981.11207009704
2015,255,400,69981.11207009704
2015,256,400,69981.11207009704
2015,257,400,69981.11207009704
2015,258,400,70136.0155428216
2015,259,400,70136.0155428216
2015,260,400,70136.0155428216
2015,261,400,70136.0155428216
2015,262,400,70136.0155428216
2015,263,400,70136.0155428216
2015,264,400,70136.0155428216
2015,265,400,70014.94315134744
2015,266,400,70014.94315134744
2015,267,400,70014.94315134744
2015,268,400,70014.94315134744
2015,269,400,70014.94315134744
2015,270,400,70014.94315134744
2015,271,400,70014.94315134744
2015,272,400,69918.39974510987
2015,273,400,69918.39974510987
2015,274,400,69918.39974510987
2015,275,400,69918.39974510987
2015,276,400,69918.39974510987
2015,277,400,69918.39974510987
2015,278,400,69918.39974510987
2015,279,400,70105.20710376928
2015,280,400,70105.20710376928
2015,281,400,70105.20710376928
2015,282,400,70105.20710376928
2015,283,400,70105.20710376928
2015,284,400,70105.20710376928
2015,285,400,70105.20710376928
2015,286,400,69993.07267871505
2015,287,400,69993.07267871505
2015,288,400,69993.07267871505
2015,289,400,69993.07267871505
2015,290,400,69993.07267871505
2015,291,400,69993.07267871505
2015,292,400,69993.07267871505
2015,293,400,69990.48388174984
2015,294,400,69990.48388174984
2015,295,400,69990.48388174984
2015,296,400,69990.48388174984
2015,297,400,69990.48388174984
2015,298,400,69990.48388174984
2015,299,400,69990.48388174984
2015,300,400,70089.98265101042
2015,301,400,70089.98265101042
2015,302,400,70089.98265101042
2015,303,400,70089.98265101042
2015,304,400,70089.98265101042
2015,305,400,70089.98265101042
2015,306,400,70089.98265101042
2015,307,400,70163.64147750162
2015,308,400,70163.64147750162
2015,309,400,70163.64147750162
2015,310,400,70163.64147750162
2015,311,400,70163.64147750162
2015,312,400,70163.64147750162
2015,313,400,70163.64147750162
2015,314,400,70003.6920410519
2015,315,400,70003.6920410519
2015,316,400,70003.6920410519
2015,317,400,70003.6920410519
2015,318,400,70003.6920410519
2015,319,400,70003.6920410519
2015,320,400,70003.6920410519
2015,321,400,69967.48494884786
2015,322,400,69967.48494884786
2015,323,400,69967.48494884786
2015,324,400,69967.48494884786
2015,325,400,69967.48494884786
2015,326,400,69967.48494884786
2015,327,400,69967.48494884786
2015,328,400,70150.06527509457
2015,329,400,70150.06527509457
2015,330,400,70150.06527509457
2015,331,400,70150.06527509457
2015,332,400,70150.06527509457
2015,333,400,70150.06527509457
2015,334,400,70150.06527509457
2015,335,400,70210.53668752371
2015,336,400,70210.53668752371
2015,337,400,70210.53668752371
2015,338,400,70210.53668752371
2015,339,400,70210.53668752371
2015,340,400,70210.53668752371
2015,341,400,70210.53668752371
2015,342,400,69982.14721078007
2015,343,400,69982.14721078007
2015,344,400,69982.14721078007
2015,345,400,69982.14721078007
2015,346,400,69982.14721078007
2015,347,400,69982.14721078007
2015,348,400,69982.14721078007
2015,349,400,70022.50992943846
2015,350,400,70022.50992943846
2015,351,400,70022.50992943846
2015,352,400,70022.50992943846
2015,353,400,70022.50992943846
2015,354,400,70022.50992943846
2015,355,400,70022.50992943846
2015,356,400,69993.8731562304
2015,357,400,69993.8731562304
2015,358,400,69993.8731562304
2015,359,400,69993.8731562304
2015,360,400,69993.8731562304
2015,361,400,69993.8731562304
2015,362,400,69993.8731562304
2015,363,400,69972.49880739111
2015,364,400,69972.49880739111
2015,365,400,69972.49880739111
2016,1,400,69972.49880739111
2016,2,400,69972.49880739111
2016,3,400,69972.49880739111
2016,4,400,69972.49880739111
2016,5,400,69983.72273232722
2016,6,400,69983.72273232722
2016,7,400,69983.72273232722
2016,8,400,69983.72273232722
2016,9,400,69983.72273232722
2016,10,400,69983.72273232722
2016,11,400,69983.72273232722
2016,12,400,69842.54340768816
2016,13,400,69842.54340768816
2016,14,400,69842.54340768816
2016,15,400,69842.54340768816
2016,16,400,69842.54340768816
2016,17,400,69842.54340768816
2016,18,400,69842.54340768816
2016,19,399,69624.60654795216
2016,20,399,69624.60654795216
2016,21,399,69624.60654795216
2016,22,399,69624.60654795216
2016,23,399,69624.60654795216
2016,24,399,69624.60654795216
2016,25,399,69624.60654795216
2016,26,400,69997.76765648548
2016,27,400,69997.76765648548
2016,28,400,69997.76765648548
2016,29,400,69997.76765648548
2016,30,400,69997.76765648548
2016,31,400,69997.76765648548
2016,32,400,69997.76765648548
2016,33,400,69902.59429389362
2016,34,400,69902.59429389362
2016,35,400,69902.59429389362
2016,36,400,69902.59429389362
2016,37,400,69902.59429389362
2016,38,400,69902.59429389362
2016,39,400,69902.59429389362
2016,40,399,69675.0599307821
2016,41,399,69675.0599307821
2016,42,399,69675.0599307821
2016,43,399,69675.0599307821
2016,44,399,69675.0599307821
2016,45,399,69675.0599307821
2016,46,399,69675.0599307821
2016,47,399,69789.79535992409
2016,48,399,69789.79535992409
2016,49,399,69789.79535992409
2016,50,399,69789.79535992409
2016,51,399,69789.79535992409
2016,52,399,69789.79535992409
2016,53,399,69789.79535992409
2016,54,400,69963.93705760062
2016,55,400,69963.93705760062
2016,56,400,69963.93705760062
2016,57,400,69963.93705760062
2016,58,400,69963.93705760062
2016,59,400,69963.93705760062
2016,60,400,69963.93705760062
2016,61,400,69810.93736555708
2016,62,400,69810.93736555708
2016,63,400,69810.93736555708
2016,64,400,69810.93736555708
2016,65,400,69810.93736555708
2016,66,400,69810.93736555708
2016,67,400,69810.93736555708
2016,68,400,69846.3706130688
2016,69,400,69846.3706130688
2016,70,400,69846.3706130688
2016,71,400,69846.3706130688
2016,72,400,69846.3706130688
2016,73,400,69846.3706130688
2016,74,400,69846.3706130688
2016,75,400,69848.84324251124
2016,76,400,69848.84324251124
2016,77,400,69848.84324251124
2016,78,400,69848.84324251124
2016,79,400,69848.84324251124
2016,80,400,69848.84324251124
2016,81,400,69848.84324251124
2016,82,400,69876.9770712802
2016,83,400,69876.9770712802
2016,84,400,69876.9770712802
2016,85,400,69876.9770712802
2016,86,400,69876.9770712802
2016,87,400,69876.9770712802
2016,88,400,69876.9770712802
2016,89,400,69942.02000276328
2016,90,400,69942.02000276328
2016,91,400,69942.02000276328
2016,92,400,69942.02000276328
2016,93,400,69942.02000276328
2016,94,400,69942.02000276328
2016,95,400,69942.02000276328
2016,96,400,69920.15462183967
2016,97,400,69920.15462183967
2016,98,400,69920.15462183967
2016,99,400,69920.15462183967
2016,100,400,69920.15462183967
2016,101,400,69920.15462183967
2016,102,400,69920.15462183967
2016,103,400,69901.27649962525
2016,104,400,69901.27649962525
2016,105,400,69901.27649962525
2016,106,400,69901.27649962525
2016,107,400,69901.27649962525
2016,108,400,69901.27649962525
2016,109,400,69901.27649962525
2016,110,400,70044.49046881206
2016,111,400,70044.49046881206
2016,112,400,70044.49046881206
2016,113,400,70044.49046881206
2016,114,400,70044.49046881206
2016,115,400,70044.49046881206
2016,116,400,70044.49046881206
2016,117,400,69961.83874960139
2016,118,400,69961.83874960139
2016,119,400,69961.83874960139
2016,120,400,69961.83874960139
2016,121,400,69961.83874960139
2016,122,400,69961.83874960139
2016,123,400,69961.83874960139
2016,124,400,70053.83354566258
2016,125,400,70053.83354566258
2016,126,400,70053.83354566258
2016,127,400,70053.83354566258
2016,128,400,70053.83354566258
2016,129,400,70053.83354566258
2016,130,400,70053.83354566258
2016,131,400,70035.59944247529
2016,132,400,70035.59944247529
2016,133,400,70035.59944247529
2016,134,400,70035.59944247529
2016,135,400,70035.59944247529
2016,136,400,70035.59944247529
2016,137,400,70035.59944247529
2016,138,399,69866.58115023856
2016,139,399,69866.58115023856
2016,140,399,69866.58115023856
2016,141,399,69866.58115023856
2016,142,399,69866.58115023856
2016,143,399,69866.58115023856
2016,144,399,69866.58115023856
2016,145,400,69967.55149241281
2016,146,400,69967.55149241281
2016,147,400,69967.55149241281
2016,148,400,69967.55149241281
2016,149,400,69967.55149241281
2016,150,400,69967.55149241281
2016,151,400,69967.55149241281
2016,152,399,69822.84333340266
2016,153,399,69822.84333340266
2016,154,399,69822.84333340266
2016,155,399,69822.84333340266
2016,156,399,69822.84333340266
2016,157,399,69822.84333340266
2016,158,399,69822.84333340266
2016,159,400,69907.44277910006
2016,160,400,69907.44277910006
2016,161,400,69907.44277910006
2016,162,400,69907.44277910006
2016,163,400,69907.44277910006
2016,164,400,69907.44277910006
2016,165,400,69907.44277910006
2016,166,400,70099.89481372247
2016,167,400,70099.89481372247
2016,168,400,70099.89481372247
2016,169,400,70099.89481372247
2016,170,400,70099.89481372247
2016,171,400,70099.89481372247
2016,172,400,70099.89481372247
2016,173,400,70076.90155607254
2016,174,400,70076.90155607254
2016,175,400,70076.90155607254
2016,176,400,70076.90155607254
2016,177,400,70076.90155607254
2016,178,400,70076.90155607254
2016,179,400,70076.90155607254
2016,180,399,69804.74125732643
2016,181,399,69804.74125732643
2016,182,399,69804.74125732643
2016,183,399,69804.74125732643
2016,184,399,69804.74125732643
2016,185,399,69804.74125732643
2016,186,399,69804.74125732643
2016,187,400,69929.74525335694
2016,188,400,69929.74525335694
2016,189,400,69929.74525335694
2016,190,400,69929.74525335694
2016,191,400,69929.74525335694
2016,192,400,69929.74525335694
2016,193,400,69929.74525335694
2016,194,400,69999.36949507642
2016,195,400,69999.36949507642
2016,196,400,69999.36949507642
2016,197,400,69999.36949507642
2016,198,400,69999.36949507642
2016,199,400,69999.36949507642
2016,200,400,69999.36949507642
2016,201,400,69996.26563626579
2016,202,400,69996.26563626579
2016,203,400,69996.26563626579
2016,204,400,69996.26563626579
2016,205,400,69996.26563626579
2016,206,400,69996.26563626579
2016,207,400,69996.26563626579
2016,208,400,69991.90020550859
2016,209,400,69991.90020550859
2016,210,400,69991.90020550859
2016,211,400,69991.90020550859
2016,212,400,69991.90020550859
2016,213,400,69991.90020550859
2016,214,400,69991.90020550859
2016,215,400,70049.10544366413
2016,216,400,70049.10544366413
2016,217,400,70049.10544366413
2016,218,400,70049.10544366413
2016,219,400,70049.10544366413
2016,220,400,70049.10544366413
2016,221,400,70049.10544366413
2016,222,400,69957.31201110281
2016,223,400,69957.31201110281
2016,224,400,69957.31201110281
2016,225,400,69957.31201110281
2016,226,400,69957.31201110281
2016,227,400,69957.31201110281
2016,228,400,69957.31201110281
2016,229,400,70088.02815407213
2016,230,400,70088.02815407213
2016,231,400,70088.02815407213
2016,232,400,70088.02815407213
2016,233,400,70088.02815407213
2016,234,400,70088.02815407213
2016,235,400,70088.02815407213
2016,236,400,70090.51716705777
2016,237,400,70090.51716705777
2016,238,400,70090.51716705777
2016,239,400,70090.51716705777
2016,240,400,70090.51716705777
2016,241,400,70090.51716705777
2016,242,400,70090.51716705777
2016,243,400,70036.04794915991
