year,j_day,residue_harvest,bio_BG,fr_N,precipitation,T_d
,,kg/ha,kg/ha,,mm,
2009,244,0,0,0,0.0,0.4759699243571962
2009,245,0,0,0,0.0,0.5135826867164738
2009,246,0,0,0,0.0,0.5220564300731664
2009,247,0,0,0,0.0,0.5818776082112233
2009,248,0,0,0,0.0,0.6201523852960534
2009,249,0,0,0,0.0,0.6201523852960534
2009,250,0,0,0,0.0,0.6978545416484954
2009,251,0,0,0,0.0,0.6201523852960534
2009,252,0,0,0,0.0,0.6779807811827194
2009,253,0,0,0,0.0,0.6978545416484954
2009,254,0,0,0,0.0,0.7210247614594183
2009,255,0,0,0,0.0,0.7210247614594183
2009,256,0,0,0,0.0,0.6859880402535866
2009,257,0,0,0,0.0,0.728570268001094
2009,258,0,0,0,0.0,0.750638409182832
2009,259,0,0,0,0.0,0.7718154373734047
2009,260,0,0,0,0.0,0.5009405449973742
2009,261,0,0,0,0.0,0.5476335874076191
2009,262,0,0,0,0.0,0.6779807811827194
2009,263,0,0,0,0.0,0.5818776082112233
2009,264,0,0,0,3.048,0.6859880402535866
2009,265,0,0,0,1.778,0.6658353379490016
2009,266,0,0,0,28.194,0.6859880402535866
2009,267,0,0,0,0.508,0.750638409182832
2009,268,0,0,0,0.0,0.7613408378076448
2009,269,0,0,0,3.048,0.6411141437034289
2009,270,0,0,0,0.0,0.5818776082112233
2009,271,0,0,0,4.318,0.5476335874076191
2009,272,0,0,0,1.524,0.38979830087273476
2009,273,0,0,0,0.0,0.27394168373433697
2009,274,0,0,0,0.0,0.2967895882303365
2009,275,0,0,0,20.32,0.38979830087273476
2009,276,0,0,0,2.54,0.31500420913197685
2009,277,0,0,0,0.254,0.3407535931871379
2009,278,0,0,0,0.0,0.3057799483917747
2009,279,0,0,0,6.096,0.3611617330874952
2009,280,0,0,0,4.064,0.33090107798675766
2009,281,0,0,0,0.0,0.3407535931871379
2009,282,0,0,0,1.27,0.28231970259471134
2009,283,0,0,0,0.0,0.17442671930176237
2009,284,0,0,0,0.0,0.12513139838984882
2009,285,0,0,0,0.0,0.14106047947481717
2009,286,0,0,0,0.0,0.15367706381246687
2009,287,0,0,0,1.778,0.15865098451926632
2009,288,0,0,0,2.032,0.1637641624493754
2009,289,0,0,0,3.81,0.19559608125202205
2009,290,0,0,0,0.0,0.1690211781395205
2009,291,0,0,0,0.0,0.15367706381246687
2009,292,0,0,0,0.0,0.3057799483917747
2009,293,0,0,0,0.0,0.43165665397034697
2009,294,0,0,0,2.54,0.3508410754219216
2009,295,0,0,0,9.398,0.4759699243571962
2009,296,0,0,0,23.368,0.21907263395185103
2009,297,0,0,0,15.24,0.2059661329385129
2009,298,0,0,0,0.762,0.27394168373433697
2009,299,0,0,0,0.762,0.40094092761774824
2009,300,0,0,0,4.318,0.19968558964498528
2009,301,0,0,0,0.0,0.23057455285333192
2009,302,0,0,0,0.0,0.32446371690490655
2009,303,0,0,0,22.352,0.4759699243571962
2009,304,0,0,0,0.508,0.38979830087273476
2009,305,0,0,0,0.0,0.17811528813971933
2009,306,0,0,0,0.0,0.28231970259471134
2009,307,0,0,0,0.0,0.19559608125202205
2009,308,0,0,0,0.0,0.19559608125202205
2009,309,0,0,0,0.0,0.19559608125202205
2009,310,0,0,0,0.0,0.21907263395185103
2009,311,0,0,0,0.0,0.4759699243571962
2009,312,0,0,0,0.0,0.3717127292519094
2009,313,0,0,0,0.0,0.37887278643601047
2009,314,0,0,0,0.0,0.26578752239722025
2009,315,0,0,0,0.0,0.2059661329385129
2009,316,0,0,0,0.0,0.18960431920296447
2009,317,0,0,0,0.0,0.1837790575354247
2009,318,0,0,0,0.0,0.3407535931871379
2009,319,0,0,0,0.0,0.22590883642004797
2009,320,0,0,0,0.0,0.17442671930176237
2009,321,0,0,0,0.0,0.18960431920296447
2009,322,0,0,0,0.508,0.21907263395185103
2009,323,0,0,0,2.54,0.21242677045647698
2009,324,0,0,0,1.524,0.23773920436322546
2009,325,0,0,0,0.0,0.21242677045647698
2009,326,0,0,0,0.0,0.19968558964498528
2009,327,0,0,0,0.508,0.2967895882303365
2009,328,0,0,0,0.0,0.2451075038710188
2009,329,0,0,0,8.128,0.29092499123285537
2009,330,0,0,0,12.7,0.19968558964498528
2009,331,0,0,0,0.0,0.1170740025688298
2009,332,0,0,0,0.0,0.1336259961906041
2009,333,0,0,0,0.254,0.19968558964498528
2009,334,0,0,0,0.0,0.14106047947481717
2009,335,0,0,0,0.0,0.129322209446247
2009,336,0,0,0,0.0,0.1690211781395205
2009,337,0,0,0,0.0,0.129322209446247
2009,338,0,0,0,1.778,0.08242116322283453
2009,339,0,0,0,0.0,0.07169801654683182
2009,340,0,0,0,0.0,0.08761534579379769
2009,341,0,0,0,1.778,0.09413405604961204
2009,342,0,0,0,1.016,0.05279569510547212
2009,343,0,0,0,16.764,0.08551244819154626
2009,344,0,0,0,1.778,0.022293907053126626
2009,345,0,0,0,0.0,0.0
2009,346,0,0,0,0.0,0.002204341495418256
2009,347,0,0,0,1.016,0.09083460470018716
2009,348,0,0,0,0.508,0.11448042976967755
2009,349,0,0,0,2.794,0.04014635369511597
2009,350,0,0,0,0.0,0.0
2009,351,0,0,0,0.0,0.002204341495418256
2009,352,0,0,0,0.0,0.05279569510547212
2009,353,0,0,0,0.0,0.09413405604961204
2009,354,0,0,0,0.0,0.08761534579379769
2009,355,0,0,0,0.0,0.07453089368453922
2009,356,0,0,0,2.794,0.06893050947285823
2009,357,0,0,0,2.794,0.08551244819154626
2009,358,0,0,0,15.748,0.10696241059306613
2009,359,0,0,0,18.034,0.14568457368238802
2009,360,0,0,0,3.556,0.08761534579379769
2009,361,0,0,0,1.016,0.02056970451236827
2009,362,0,0,0,0.0,0.045908080912655226
2009,363,0,0,0,0.0,0.022293907053126626
2009,364,0,0,0,0.0,0.01294300029356072
2009,365,0,0,0,1.524,0.02891155676576111
2010,1,0,0,0,0.0,0.01294300029356072
2010,2,0,0,0,0.0,0.00358728635396852
2010,3,0,0,0,0.0,0.0
2010,4,0,0,0,0.0,0.0
2010,5,0,0,0,0.0,0.007396870856377108
2010,6,0,0,0,0.0,0.014521519452246258
2010,7,0,0,0,3.81,0.016129735673419094
2010,8,0,0,0,7.62,0.05682187946661423
2010,9,0,0,0,0.0,0.0
2010,10,0,0,0,0.0,0.0
2010,11,0,0,0,0.0,0.016129735673419094
2010,12,0,0,0,0.0,0.027059096932641885
2010,13,0,0,0,0.0,0.022293907053126626
2010,14,0,0,0,0.0,0.08761534579379769
2010,15,0,0,0,0.0,0.12104985780000807
2010,16,0,0,0,0.0,0.07645683661361043
2010,17,0,0,0,0.0,0.07645683661361043
2010,18,0,0,0,0.0,0.06893050947285823
2010,19,0,0,0,0.0,0.07940340451533828
2010,20,0,0,0,0.0,0.05279569510547212
2010,21,0,0,0,0.0,0.09751637276957653
2010,22,0,0,0,0.0,0.10696241059306613
2010,23,0,0,0,0.0,0.1170740025688298
2010,24,0,0,0,15.24,0.1336259961906041
2010,25,0,0,0,2.794,0.1336259961906041
2010,26,0,0,0,0.0,0.07645683661361043
2010,27,0,0,0,0.0,0.02056970451236827
2010,28,0,0,0,0.0,0.024051806248439132
2010,29,0,0,0,0.0,0.0
2010,30,0,0,0,0.0,0.000845331797499109
2010,31,0,0,0,0.0,0.02056970451236827
2010,32,0,0,0,0.0,0.025844345466359733
2010,33,0,0,0,3.81,0.045908080912655226
2010,34,0,0,0,0.0,0.08242116322283453
2010,35,0,0,0,0.0,0.07169801654683182
2010,36,0,0,0,0.762,0.07169801654683182
2010,37,0,0,0,0.0,0.09083460470018716
2010,38,0,0,0,0.0,0.05044984198635647
2010,39,0,0,0,1.778,0.06893050947285823
2010,40,0,0,0,2.794,0.06622633399005844
2010,41,0,0,0,3.81,0.06358352590411197
2010,42,0,0,0,0.0,0.014521519452246258
2010,43,0,0,0,0.0,0.019438505150267314
2010,44,0,0,0,0.0,0.024051806248439132
2010,45,0,0,0,0.0,0.02056970451236827
2010,46,0,0,0,0.0,0.02891155676576111
2010,47,0,0,0,1.27,0.059310108411587535
2010,48,0,0,0,0.0,0.08761534579379769
2010,49,0,0,0,0.0,0.06622633399005844
2010,50,0,0,0,0.0,0.05044984198635647
2010,51,0,0,0,1.778,0.04815447015173924
2010,52,0,0,0,0.762,0.07940340451533828
2010,53,0,0,0,1.27,0.12513139838984882
2010,54,0,0,0,2.54,0.11067307079974187
2010,55,0,0,0,0.254,0.07453089368453922
2010,56,0,0,0,0.0,0.025844345466359733
2010,57,0,0,0,0.0,0.025844345466359733
2010,58,0,0,0,0.0,0.045908080912655226
2010,59,0,0,0,0.0,0.12513139838984882
2010,60,0,0,0,0.0,0.1336259961906041
2010,61,0,0,0,0.0,0.07453089368453922
2010,62,0,0,0,0.0,0.0543884076637251
2010,63,0,0,0,0.0,0.06622633399005844
2010,64,0,0,0,0.0,0.08242116322283453
2010,65,0,0,0,0.0,0.07940340451533828
2010,66,0,0,0,0.508,0.13655983625644016
2010,67,0,0,0,0.0,0.15043627060178957
2010,68,0,0,0,0.0,0.1637641624493754
2010,69,0,0,0,6.35,0.1837790575354247
2010,70,0,0,0,2.54,0.2059661329385129
2010,71,0,0,0,6.35,0.2451075038710188
2010,72,0,0,0,0.0,0.2578534093727389
2010,73,0,0,0,0.0,0.22590883642004797
2010,74,0,0,0,0.0,0.2578534093727389
2010,75,0,0,0,0.0,0.2578534093727389
2010,76,0,0,0,0.0,0.26578752239722025
2010,77,0,0,0,0.0,0.28231970259471134
2010,78,0,0,0,0.0,0.38979830087273476
2010,79,0,0,0,5.334,0.21242677045647698
2010,80,0,0,0,0.0,0.129322209446247
2010,81,0,0,0,0.0,0.1637641624493754
2010,82,0,0,0,0.0,0.18960431920296447
2010,83,0,0,0,0.0,0.22590883642004797
2010,84,0,0,0,0.0,0.23773920436322546
2010,85,0,0,0,0.0,0.129322209446247
2010,86,0,0,0,0.0,0.1336259961906041
2010,87,0,0,0,0.0,0.17442671930176237
2010,88,0,0,0,0.0,0.1637641624493754
2010,89,0,0,0,0.0,0.17442671930176237
2010,90,0,0,0,0.0,0.4122934104657482
2010,91,0,0,0,0.0,0.534821269418854
2010,92,0,0,0,0.0,0.6285706506214681
2010,93,0,0,0,4.064,0.5604731949211729
2010,94,0,0,0,0.0,0.43165665397034697
2010,95,0,0,0,0.0,0.3508410754219216
2010,96,0,0,0,22.86,0.40094092761774824
2010,97,0,0,0,26.67,0.3407535931871379
2010,98,0,0,0,13.97,0.21242677045647698
2010,99,0,0,0,0.0,0.12513139838984882
2010,100,0,0,0,0.0,0.21242677045647698
2010,101,0,0,0,0.0,0.38979830087273476
2010,102,0,0,0,0.0,0.38979830087273476
2010,103,0,0,0,2.54,0.4122934104657482
2010,104,0,0,0,0.0,0.4435231553652558
2010,105,0,0,0,0.0,0.6411141437034289
2010,106,0,0,0,2.286,0.6779807811827194
2010,107,0,0,0,0.0,0.32446371690490655
2010,108,0,0,0,0.0,0.2526842156432196
2010,109,0,0,0,0.0,0.3057799483917747
2010,110,0,0,0,0.0,0.31500420913197685
2010,111,0,0,0,0.0,0.3717127292519094
2010,112,0,0,0,0.0,0.33090107798675766
2010,113,0,0,0,0.0,0.33090107798675766
2010,114,0,0,0,8.382,0.37887278643601047
2010,115,0,0,0,12.7,0.33090107798675766
2010,116,0,0,0,1.27,0.2578534093727389
2010,117,0,0,0,0.0,0.37887278643601047
2010,118,0,0,0,0.0,0.23773920436322546
2010,119,0,0,0,0.0,0.29092499123285537
2010,120,0,0,0,0.0,0.6859880402535866
2010,121,0,0,0,30.48,0.6978545416484954
2010,122,0,0,0,0.0,0.5818776082112233
2010,123,0,0,0,0.0,0.5135826867164738
2010,124,0,0,0,0.762,0.4122934104657482
2010,125,0,0,0.046982374989951815,3.556,0.6535412712616462
2010,126,0,0,0.04697076877976441,0.0,0.38979830087273476
2010,127,0,0,0.04696511180212365,0.0,0.40094092761774824
2010,128,0,0,0.04696150870490439,15.748,0.21242677045647698
2010,129,0,0,0.04696150870490439,0.0,0.18960431920296447
2010,130,0,0,0.04696150870490439,0.0,0.26578752239722025
2010,131,0,0,0.046959028078323445,12.192,0.32446371690490655
2010,132,0,0,0.046956372987273134,3.81,0.32446371690490655
2010,133,0,0,0.04695385662051505,35.56,0.28231970259471134
2010,134,0,0,0.04695385662051505,0.508,0.45556147058672575
2010,135,0,0,0.04694995771044906,0.0,0.38979830087273476
2010,136,0,0,0.046946408839977694,0.0,0.43165665397034697
2010,137,0,0,0.04694278393835121,0.0,0.46775811032639425
2010,138,0,0,0.04693991419918026,0.0,0.43165665397034697
2010,139,0,0,0.04693669165064909,0.0,0.4883970519154135
2010,140,0,0,0.04693336059917515,0.0,0.573319642984874
2010,141,0,0,0.04692996589977773,6.35,0.6658353379490016
2010,142,0,0,0.04692744846620509,0.0,0.573319642984874
2010,143,0,0,0.04692605883544469,0.0,0.7397128947461076
2010,144,0,0,0.04692435100844955,0.0,0.9359311801531168
2010,145,0,0,0.0469232381179654,0.0,0.9359311801531168
2010,146,0,0,0.04692368323904968,1.524,0.8327216073885059
2010,147,0,0,0.046924916282641733,0.0,0.8500092585587143
2010,148,0,0,0.04692684158359119,0.0,0.7095370574919654
2010,149,0,0,0.046928496705261225,0.0,0.7613408378076448
2010,150,0,0,0.0469305829686427,0.0,0.8637236732216221
2010,151,0,0,0.0469335626053613,0.0,0.8844036917478236
2010,152,0,0,0.04693682248052719,0.0,0.6779807811827194
2010,153,0,0,0.04693888752387746,1.27,0.7986101176320847
2010,154,0,0,0.04694175670149077,7.62,0.7210247614594183
2010,155,0,0,0.046944082278935345,6.35,0.6859880402535866
2010,156,0,0,0.046946193766324376,2.286,0.7613408378076448
2010,157,0,0,0.04694877832635245,33.02,0.6978545416484954
2010,158,0,0,0.046950915801116655,3.048,0.6535412712616462
2010,159,0,0,0.046952749855099236,11.43,0.6535412712616462
2010,160,0,0,0.04695455343075938,9.398,0.534821269418854
2010,161,0,0,0.046955671636467584,0.0,0.6859880402535866
2010,162,0,0,0.046957609281247883,1.778,0.6535412712616462
2010,163,0,0,0.04695931159028771,0.0,0.8327216073885059
2010,164,0,0,0.04696205512823329,0.0,0.7397128947461076
2010,165,0,0,0.04696410394456353,1.016,0.750638409182832
2010,166,0,0,0.04696613086110628,23.368,0.6658353379490016
2010,167,0,0,0.04696764994050027,17.78,0.6978545416484954
2010,168,0,0,0.046969272681994675,0.0,0.750638409182832
2010,169,0,0,0.04697107912635829,4.572,0.8414800784174752
2010,170,0,0,0.04697326610227505,0.0,0.8414800784174752
2010,171,0,0,0.04697531912630571,0.0,0.7887576024317046
2010,172,0,0,0.04697699803293168,0.0,0.7986101176320847
2010,173,0,0,0.046978619223365,13.97,0.8145069864868655
2010,174,0,0,0.046980214687898016,66.04,0.8844036917478236
2010,175,0,0,0.046982006690991444,0.0,0.8082268398525236
2010,176,0,0,0.04698334935111982,0.0,0.7986101176320847
2010,177,0,0,0.04698457423833891,21.336,0.8327216073885059
2010,178,0,0,0.04698582593985847,11.176,0.8793759942605086
2010,179,0,0,0.04698713390852848,3.81,0.8327216073885059
2010,180,0,0,0.04698819634823298,0.0,0.6978545416484954
2010,181,0,0,0.046988881142386855,0.0,0.6074547655456759
2010,182,0,0,0.04698938615226033,0.0,0.6859880402535866
2010,183,0,0,0.04698998780891783,0.0,0.7210247614594183
2010,184,0,0,0.04699061325881349,0.0,0.7718154373734047
2010,185,0,0,0.046991288647628096,0.0,0.8844036917478236
2010,186,0,0,0.04699213994189092,3.81,0.9126747464687194
2010,187,0,0,0.04699296955263904,10.16,0.8716577862461033
2010,188,0,0,0.04699364022536201,0.0,0.8917719912556168
2010,189,0,0,0.04699428513707894,6.35,0.8844036917478236
2010,190,0,0,0.046994857461803284,0.0,0.8500092585587143
2010,191,0,0,0.04699532762569092,0.0,0.8414800784174752
2010,192,0,0,0.04699574801400022,0.0,0.8414800784174752
2010,193,0,0,0.0469961322001835,3.81,0.8145069864868655
2010,194,0,0,0.04699646116593973,0.0,0.7887576024317046
2010,195,0,0,0.04699674300215075,0.0,0.8793759942605086
2010,196,0,0,0.04699707123154085,26.67,0.9170844251623653
2010,197,0,0,0.04699737855702341,0.0,0.8145069864868655
2010,198,0,0,0.04699760484529338,0.0,0.8844036917478236
2010,199,0,0,0.04699785339288596,2.54,0.9126747464687194
2010,200,0,0,0.04699808506423331,0.0,0.8637236732216221
2010,201,0,0,0.046998274203486054,3.81,0.8414800784174752
2010,202,0,0,0.04699843520378029,0.0,0.8637236732216221
2010,203,0,0,0.04699859065889462,0.0,0.8500092585587143
2010,204,0,0,0.046998725611612065,62.23,0.8500092585587143
2010,205,0,0,0.04699884796166827,57.15,0.8793759942605086
2010,206,0,0,0.0469989677863478,0.0,0.8414800784174752
2010,207,0,0,0.04699906538093551,0.0,0.7887576024317046
2010,208,0,0,0.046999142881444626,0.0,0.8327216073885059
2010,209,0,0,0.04699922257934082,12.7,0.905902556122903
2010,210,0,0,0.04699930869488552,0.0,0.7986101176320847
2010,211,0,0,0.04699936777751952,0.0,0.7986101176320847
2010,212,0,0,0.04699942190886134,1.27,0.7613408378076448
2010,213,0,0,0.046999466845020425,0.0,0.8500092585587143
2010,214,0,0,0.046999519016439194,0.0,0.8555695118845054
2010,215,0,0,0.046999567124615574,0.762,0.8555695118845054
2010,216,0,0,0.04699961050248084,0.0,0.9298256059738571
2010,217,0,0,0.046999654975073545,0.0,0.8844036917478236
2010,218,0,0,0.046999691734225614,0.0,0.7986101176320847
2010,219,0,0,0.046999718469614975,0.0,0.7786701201969208
2010,220,0,0,0.04699974177855623,34.798,0.8716577862461033
2010,221,0,0,0.04699976890171316,19.812,0.8989366427655103
2010,222,0,0,0.04699979504825007,0.0,0.9399068764158779
2010,223,0,0,0.046999819487652625,0.0,0.9359311801531168
2010,224,0,0,0.04699984105022841,0.0,0.9170844251623653
2010,225,0,0,0.04699985975560603,0.0,0.9457321380834177
2010,226,0,0,0.046999876286204625,33.782,0.8500092585587143
2010,227,0,0,0.046999888664254856,0.0,0.8637236732216221
2010,228,0,0,0.04699990026748447,0.0,0.7397128947461076
2010,229,0,0,0.046999907816107016,0.0,0.750638409182832
2010,230,0,0,0.04699991499151792,0.0,0.6859880402535866
2010,231,0,0,0.04699992054729087,0.0,0.7986101176320847
2010,232,0,0,0.046999927564027606,0.508,0.8555695118845054
2010,233,0,0,0.04699993500354078,24.892,0.8989366427655103
2010,234,0,0,0.046999942472792273,0.0,0.8555695118845054
2010,235,0,0,0.046999948395455904,0.0,0.8082268398525236
2010,236,0,0,0.046999953080244766,0.0,0.8237312472270676
2010,237,0,0,0.04699995753695013,0.0,0.6859880402535866
2010,238,0,0,0.04699996033270028,0.0,0.6201523852960534
2010,239,0,0,0.046999962437441166,0.0,0.6411141437034289
2010,240,0,0,0.046999964592922654,0.0,0.7786701201969208
2010,241,0,0,0.04699996759854243,0.0,0.7718154373734047
2010,242,0,0,0.04699997028367221,0.0,0.8637236732216221
2010,243,0,0,0.046999973240668035,0.0,0.9126747464687194
2010,244,0,0,0.04699997644949503,51.054,0.8414800784174752
2010,245,0,0,0.046999978797671156,0.762,0.8327216073885059
2010,246,0,0,0.046999980869881136,18.288,0.7718154373734047
2010,247,0,0,0.046999982462452246,0.762,0.4122934104657482
2010,248,0,0,0.046999982898414915,0.0,0.4759699243571962
2010,249,0,0,0.046999983551128124,0.0,0.5604731949211729
2010,250,0,0,0.046999984395052284,0.0,0.728570268001094
2010,251,0,0,0.04699998556454048,0.0,0.43165665397034697
2010,252,0,0,0.04699998605244752,0.0,0.4883970519154135
2010,253,0,0,0.046999986616386616,0.0,0.5135826867164738
2010,254,0,0,0.04699998706901367,3.302,0.6535412712616462
2010,255,0,0,0.046999987845804704,0.0,0.6779807811827194
2010,256,0,0,0.04699998862862127,0.0,0.6859880402535866
2010,257,0,0,0.04699998943446166,0.0,0.573319642984874
2010,258,0,0,0.046999990047272074,0.0,0.6201523852960534
2010,259,0,0,0.04699999060320864,1.778,0.7210247614594183
2010,260,0,0,0.046999991290112786,0.0,0.4883970519154135
2010,261,0,0,0.046999991585634664,7.874,0.6074547655456759
2010,262,0,0,0.04699999205621217,0.0,0.4435231553652558
2010,263,0,0,0.04699999227271519,0.0,0.4435231553652558
2010,264,0,0,0.04699999243123875,0.0,0.6859880402535866
2010,265,0,0,0.046999992936693304,1.016,0.728570268001094
2010,266,11199.743239306426,3252.5513162611583,0.046999993469127165,0.0,0.6978545416484954
2010,267,0,0,0.046999993469127165,7.874,0.7718154373734047
2010,268,0,0,0.046999993469127165,0.0,0.4759699243571962
2010,269,0,0,0.046999993469127165,0.0,0.33090107798675766
2010,270,0,0,0.046999993469127165,0.0,0.33090107798675766
2010,271,0,0,0.046999993469127165,0.0,0.37887278643601047
2010,272,0,0,0.046999993469127165,0.0,0.5135826867164738
2010,273,0,0,0.046999993469127165,0.0,0.5946899261999884
2010,274,0,0,0.046999993469127165,0.0,0.4435231553652558
2010,275,0,0,0.046999993469127165,0.762,0.5009405449973742
2010,276,0,0,0.046999993469127165,0.0,0.23057455285333192
2010,277,0,0,0.046999993469127165,0.0,0.23057455285333192
2010,278,0,0,0.046999993469127165,0.0,0.29092499123285537
2010,279,0,0,0.046999993469127165,0.0,0.3407535931871379
2010,280,0,0,0.046999993469127165,0.0,0.4759699243571962
2010,281,0,0,0.046999993469127165,0.0,0.4883970519154135
2010,282,0,0,0.046999993469127165,0.0,0.534821269418854
2010,283,0,0,0.046999993469127165,0.0,0.7210247614594183
2010,284,0,0,0.046999993469127165,0.0,0.6779807811827194
2010,285,0,0,0.046999993469127165,0.0,0.6201523852960534
2010,286,0,0,0.046999993469127165,0.762,0.6285706506214681
2010,287,0,0,0.046999993469127165,0.0,0.3407535931871379
2010,288,0,0,0.046999993469127165,0.0,0.40094092761774824
2010,289,0,0,0.046999993469127165,0.0,0.27394168373433697
2010,290,0,0,0.046999993469127165,0.0,0.3611617330874952
2010,291,0,0,0.046999993469127165,0.0,0.3717127292519094
2010,292,0,0,0.046999993469127165,0.0,0.2578534093727389
2010,293,0,0,0.046999993469127165,0.0,0.28231970259471134
2010,294,0,0,0.046999993469127165,0.0,0.3508410754219216
2010,295,0,0,0.046999993469127165,0.0,0.1837790575354247
2010,296,0,0,0.046999993469127165,2.032,0.2578534093727389
2010,297,0,0,0.046999993469127165,17.018,0.5009405449973742
2010,298,0,0,0.046999993469127165,4.318,0.573319642984874
2010,299,0,0,0.046999993469127165,18.796,0.5946899261999884
2010,300,0,0,0.046999993469127165,1.27,0.3717127292519094
2010,301,0,0,0.046999993469127165,0.0,0.27394168373433697
2010,302,0,0,0.046999993469127165,0.0,0.15043627060178957
2010,303,0,0,0.046999993469127165,0.0,0.1837790575354247
2010,304,0,0,0.046999993469127165,0.0,0.2526842156432196
2010,305,0,0,0.046999993469127165,0.0,0.1637641624493754
2010,306,0,0,0.046999993469127165,0.0,0.1637641624493754
2010,307,0,0,0.046999993469127165,0.508,0.19559608125202205
2010,308,0,0,0.046999993469127165,0.0,0.31500420913197685
2010,309,0,0,0.046999993469127165,0.508,0.15865098451926632
2010,310,0,0,0.046999993469127165,0.0,0.11448042976967755
2010,311,0,0,0.046999993469127165,0.0,0.14106047947481717
2010,312,0,0,0.046999993469127165,0.0,0.2451075038710188
2010,313,0,0,0.046999993469127165,0.0,0.32446371690490655
2010,314,0,0,0.046999993469127165,0.0,0.3611617330874952
2010,315,0,0,0.046999993469127165,0.0,0.4435231553652558
2010,316,0,0,0.046999993469127165,1.27,0.32446371690490655
2010,317,0,0,0.046999993469127165,8.382,0.23057455285333192
2010,318,0,0,0.046999993469127165,3.81,0.21907263395185103
2010,319,0,0,0.046999993469127165,0.508,0.13655983625644016
2010,320,0,0,0.046999993469127165,0.0,0.1837790575354247
2010,321,0,0,0.046999993469127165,0.254,0.18960431920296447
2010,322,0,0,0.046999993469127165,0.0,0.14106047947481717
2010,323,0,0,0.046999993469127165,0.0,0.12104985780000807
2010,324,0,0,0.046999993469127165,0.0,0.129322209446247
2010,325,0,0,0.046999993469127165,0.0,0.11448042976967755
2010,326,0,0,0.046999993469127165,1.524,0.28231970259471134
2010,327,0,0,0.046999993469127165,0.0,0.1637641624493754
2010,328,0,0,0.046999993469127165,0.0,0.07169801654683182
2010,329,0,0,0.046999993469127165,5.08,0.11448042976967755
2010,330,0,0,0.046999993469127165,0.0,0.07169801654683182
2010,331,0,0,0.046999993469127165,0.0,0.06358352590411197
2010,332,0,0,0.046999993469127165,0.0,0.07169801654683182
2010,333,0,0,0.046999993469127165,0.0,0.1837790575354247
2010,334,0,0,0.046999993469127165,7.366,0.17811528813971933
2010,335,0,0,0.046999993469127165,0.0,0.07940340451533828
2010,336,0,0,0.046999993469127165,0.0,0.04370922928172062
2010,337,0,0,0.046999993469127165,0.0,0.05044984198635647
2010,338,0,0,0.046999993469127165,6.35,0.04815447015173924
2010,339,0,0,0.046999993469127165,1.27,0.0543884076637251
2010,340,0,0,0.046999993469127165,0.0,0.024051806248439132
2010,341,0,0,0.046999993469127165,0.0,0.02056970451236827
2010,342,0,0,0.046999993469127165,0.0,0.022293907053126626
2010,343,0,0,0.046999993469127165,0.0,0.027059096932641885
2010,344,0,0,0.046999993469127165,2.794,0.06185480933118889
2010,345,0,0,0.046999993469127165,0.762,0.07453089368453922
2010,346,0,0,0.046999993469127165,19.304,0.07169801654683182
2010,347,0,0,0.046999993469127165,0.0,0.007396870856377108
2010,348,0,0,0.046999993469127165,0.0,0.0
2010,349,0,0,0.046999993469127165,0.0,0.0
2010,350,0,0,0.046999993469127165,0.0,0.0
2010,351,0,0,0.046999993469127165,0.0,0.030801338432195985
2010,352,0,0,0.046999993469127165,0.0,0.019438505150267314
2010,353,0,0,0.046999993469127165,0.0,0.011906767305337577
2010,354,0,0,0.046999993469127165,0.0,0.01294300029356072
2010,355,0,0,0.046999993469127165,5.08,0.0543884076637251
2010,356,0,0,0.046999993469127165,0.0,0.07940340451533828
2010,357,0,0,0.046999993469127165,0.0,0.05044984198635647
2010,358,0,0,0.046999993469127165,0.762,0.04226904782354958
2010,359,0,0,0.046999993469127165,3.302,0.059310108411587535
2010,360,0,0,0.046999993469127165,0.0,0.0543884076637251
2010,361,0,0,0.046999993469127165,0.0,0.030801338432195985
2010,362,0,0,0.046999993469127165,0.0,0.025844345466359733
2010,363,0,0,0.046999993469127165,0.0,0.02056970451236827
2010,364,0,0,0.046999993469127165,0.0,0.10098432698147637
2010,365,0,0,0.046999993469127165,0.0,0.18960431920296447
2011,1,0,0,0.046999993469127165,0.0,0.09751637276957653
2011,2,0,0,0.046999993469127165,0.0,0.09083460470018716
2011,3,0,0,0.046999993469127165,0.0,0.03603149338699954
2011,4,0,0,0.046999993469127165,0.254,0.07169801654683182
2011,5,0,0,0.046999993469127165,0.0,0.016129735673419094
2011,6,0,0,0.046999993469127165,0.508,0.03272951390913212
2011,7,0,0,0.046999993469127165,0.254,0.03806759070052038
2011,8,0,0,0.046999993469127165,0.0,0.027059096932641885
2011,9,0,0,0.046999993469127165,0.0,0.016129735673419094
2011,10,0,0,0.046999993469127165,0.0,0.02891155676576111
2011,11,0,0,0.046999993469127165,3.048,0.0543884076637251
2011,12,0,0,0.046999993469127165,1.524,0.06185480933118889
2011,13,0,0,0.046999993469127165,0.0,0.03806759070052038
2011,14,0,0,0.046999993469127165,0.0,0.03469719364305522
2011,15,0,0,0.046999993469127165,2.794,0.045908080912655226
2011,16,0,0,0.046999993469127165,0.0,0.017768453510181213
2011,17,0,0,0.046999993469127165,0.254,0.025844345466359733
2011,18,0,0,0.046999993469127165,6.096,0.07453089368453922
2011,19,0,0,0.046999993469127165,0.0,0.03806759070052038
2011,20,0,0,0.046999993469127165,0.0,0.027059096932641885
2011,21,0,0,0.046999993469127165,0.0,0.0
2011,22,0,0,0.046999993469127165,0.254,0.0
2011,23,0,0,0.046999993469127165,0.0,0.0
2011,24,0,0,0.046999993469127165,0.0,0.000845331797499109
2011,25,0,0,0.046999993469127165,0.0,0.0543884076637251
2011,26,0,0,0.046999993469127165,0.0,0.0543884076637251
2011,27,0,0,0.046999993469127165,1.016,0.045908080912655226
2011,28,0,0,0.046999993469127165,1.27,0.06358352590411197
2011,29,0,0,0.046999993469127165,0.508,0.08761534579379769
2011,30,0,0,0.046999993469127165,0.0,0.09413405604961204
2011,31,0,0,0.046999993469127165,0.0,0.0543884076637251
2011,32,0,0,0.046999993469127165,5.08,0.03806759070052038
2011,33,0,0,0.046999993469127165,13.208,0.03806759070052038
2011,34,0,0,0.046999993469127165,0.0,0.000845331797499109
2011,35,0,0,0.046999993469127165,0.0,0.002204341495418256
2011,36,0,0,0.046999993469127165,0.0,0.027059096932641885
2011,37,0,0,0.046999993469127165,2.794,0.030801338432195985
2011,38,0,0,0.046999993469127165,0.0,0.06893050947285823
2011,39,0,0,0.046999993469127165,0.0,0.024051806248439132
2011,40,0,0,0.046999993469127165,0.0,0.0
2011,41,0,0,0.046999993469127165,0.0,0.0
2011,42,0,0,0.046999993469127165,0.0,0.0
2011,43,0,0,0.046999993469127165,1.016,0.01037602706501797
2011,44,0,0,0.046999993469127165,0.0,0.07169801654683182
2011,45,0,0,0.046999993469127165,0.0,0.14568457368238802
2011,46,0,0,0.046999993469127165,0.0,0.10334528797255574
2011,47,0,0,0.046999993469127165,0.0,0.14106047947481717
2011,48,0,0,0.046999993469127165,0.0,0.1637641624493754
2011,49,0,0,0.046999993469127165,0.0,0.2059661329385129
2011,50,0,0,0.046999993469127165,0.0,0.10334528797255574
2011,51,0,0,0.046999993469127165,0.254,0.10098432698147637
2011,52,0,0,0.046999993469127165,17.78,0.11067307079974187
2011,53,0,0,0.046999993469127165,2.54,0.059310108411587535
2011,54,0,0,0.046999993469127165,0.0,0.06185480933118889
2011,55,0,0,0.046999993469127165,0.0,0.09413405604961204
2011,56,0,0,0.046999993469127165,0.0,0.09751637276957653
2011,57,0,0,0.046999993469127165,0.508,0.04370922928172062
2011,58,0,0,0.046999993469127165,1.778,0.022293907053126626
2011,59,0,0,0.046999993469127165,0.0,0.06358352590411197
2011,60,0,0,0.046999993469127165,0.0,0.05682187946661423
2011,61,0,0,0.046999993469127165,0.0,0.09083460470018716
2011,62,0,0,0.046999993469127165,0.0,0.0543884076637251
2011,63,0,0,0.046999993469127165,3.556,0.129322209446247
2011,64,0,0,0.046999993469127165,0.0,0.15865098451926632
2011,65,0,0,0.046999993469127165,0.0,0.06893050947285823
2011,66,0,0,0.046999993469127165,0.0,0.10098432698147637
2011,67,0,0,0.046999993469127165,0.508,0.11067307079974187
2011,68,0,0,0.046999993469127165,7.874,0.15367706381246687
2011,69,0,0,0.046999993469127165,2.032,0.12513139838984882
2011,70,0,0,0.046999993469127165,0.0,0.11067307079974187
2011,71,0,0,0.046999993469127165,0.0,0.13655983625644016
2011,72,0,0,0.046999993469127165,0.0,0.10098432698147637
2011,73,0,0,0.046999993469127165,0.0,0.10334528797255574
2011,74,0,0,0.046999993469127165,0.0,0.12104985780000807
2011,75,0,0,0.046999993469127165,0.0,0.15865098451926632
2011,76,0,0,0.046999993469127165,0.0,0.23057455285333192
2011,77,0,0,0.046999993469127165,0.0,0.28231970259471134
2011,78,0,0,0.046999993469127165,0.0,0.15865098451926632
2011,79,0,0,0.046999993469127165,16.51,0.27394168373433697
2011,80,0,0,0.046999993469127165,25.4,0.27394168373433697
2011,81,0,0,0.046999993469127165,3.81,0.21242677045647698
2011,82,0,0,0.046999993469127165,30.988,0.13655983625644016
2011,83,0,0,0.046999993469127165,0.0,0.07645683661361043
2011,84,0,0,0.046999993469127165,0.0,0.08242116322283453
2011,85,0,0,0.046999993469127165,0.0,0.08551244819154626
2011,86,0,0,0.046999993469127165,0.0,0.07169801654683182
2011,87,0,0,0.046999993469127165,0.0,0.07645683661361043
2011,88,0,0,0.046999993469127165,0.0,0.09083460470018716
2011,89,0,0,0.046999993469127165,0.0,0.12104985780000807
2011,90,0,0,0.046999993469127165,0.0,0.1336259961906041
2011,91,0,0,0.046999993469127165,0.0,0.14568457368238802
2011,92,0,0,0.046999993469127165,5.334,0.1837790575354247
2011,93,0,0,0.046999993469127165,2.794,0.26578752239722025
2011,94,0,0,0.046999993469127165,10.922,0.23057455285333192
2011,95,0,0,0.046999993469127165,0.0,0.1690211781395205
2011,96,0,0,0.046999993469127165,3.048,0.21907263395185103
2011,97,0,0,0.046999993469127165,0.0,0.26578752239722025
2011,98,0,0,0.046999993469127165,1.27,0.31500420913197685
2011,99,0,0,0.046999993469127165,0.0,0.3407535931871379
2011,100,0,0,0.046999993469127165,3.81,0.4759699243571962
2011,101,0,0,0.046999993469127165,1.524,0.6779807811827194
2011,102,0,0,0.046999993469127165,0.0,0.29092499123285537
2011,103,0,0,0.046999993469127165,0.0,0.31500420913197685
2011,104,0,0,0.046999993469127165,0.762,0.41997413812687684
2011,105,0,0,0.046999993469127165,0.0,0.17811528813971933
2011,106,0,0,0.046999993469127165,13.97,0.19968558964498528
2011,107,0,0,0.046999993469127165,1.778,0.17442671930176237
2011,108,0,0,0.046999993469127165,0.0,0.23057455285333192
2011,109,0,0,0.046999993469127165,1.016,0.19968558964498528
2011,110,0,0,0.046999993469127165,24.892,0.129322209446247
2011,111,0,0,0.046999993469127165,0.0,0.1336259961906041
2011,112,0,0,0.046999993469127165,0.762,0.19968558964498528
2011,113,0,0,0.046999993469127165,3.81,0.22590883642004797
2011,114,0,0,0.046999993469127165,0.0,0.3407535931871379
2011,115,0,0,0.046999993469127165,0.0,0.2967895882303365
2011,116,0,0,0.046999993469127165,10.16,0.3717127292519094
2011,117,0,0,0.046999993469127165,13.462,0.3057799483917747
2011,118,0,0,0.046999993469127165,0.0,0.21907263395185103
2011,119,0,0,0.046999993469127165,0.0,0.15865098451926632
2011,120,0,0,0.046999993469127165,0.0,0.32446371690490655
2011,121,0,0,0.046999993469127165,0.762,0.45556147058672575
2011,122,0,0,0.046999993469127165,0.0,0.21242677045647698
2011,123,0,0,0,0.0,0.23057455285333192
2011,124,0,0,0,0.0,0.15043627060178957
2011,125,0,0,0.04699895969914018,0.762,0.29092499123285537
2011,126,0,0,0.04699293430349728,0.0,0.27394168373433697
2011,127,0,0,0.046989117778559866,0.0,0.4122934104657482
2011,128,0,0,0.04698108897751333,0.0,0.3611617330874952
2011,129,0,0,0.04697456724402643,0.0,0.5818776082112233
2011,130,0,0,0.046966825515789415,11.43,0.5476335874076191
2011,131,0,0,0.04696087769947302,0.0,0.8237312472270676
2011,132,0,0,0.04694922060925153,1.778,0.7786701201969208
2011,133,0,0,0.046940837791256566,0.0,0.7986101176320847
2011,134,0,0,0.046934172374510884,3.048,0.45556147058672575
2011,135,0,0,0.046932462431244645,1.524,0.45556147058672575
2011,136,0,0,0.04693092906982629,0.0,0.3717127292519094
2011,137,0,0,0.04692956271154081,0.0,0.28231970259471134
2011,138,0,0,0.04692844177275752,0.0,0.3508410754219216
2011,139,0,0,0.04692721930465139,0.0,0.41997413812687684
2011,140,0,0,0.04692664443093086,0.0,0.534821269418854
2011,141,0,0,0.04692532224457414,0.0,0.6859880402535866
2011,142,0,0,0.04692407815530145,3.81,0.7397128947461076
2011,143,0,0,0.046923339712310316,3.302,0.7986101176320847
2011,144,0,0,0.04692329984437233,0.0,0.6285706506214681
2011,145,0,0,0.04692364489651817,3.81,0.4883970519154135
2011,146,0,0,0.046923993060972474,48.26,0.31500420913197685
2011,147,0,0,0.0469240178818593,0.0,0.32446371690490655
2011,148,0,0,0.046924371585850694,0.254,0.4122934104657482
2011,149,0,0,0.04692481372842361,0.0,0.573319642984874
2011,150,0,0,0.04692554622443241,1.524,0.6201523852960534
2011,151,0,0,0.04692656524925192,0.0,0.8500092585587143
2011,152,0,0,0.04692881993162925,0.0,0.7397128947461076
2011,153,0,0,0.04693082073663755,0.0,0.6859880402535866
2011,154,0,0,0.04693266734042323,0.0,0.6658353379490016
2011,155,0,0,0.046934475788452314,0.0,0.9298256059738571
2011,156,0,0,0.04693812587784574,0.0,0.8145069864868655
2011,157,0,0,0.04694098349747115,3.048,0.8555695118845054
2011,158,0,0,0.0469442937473746,0.0,0.905902556122903
2011,159,0,0,0.046947664332407615,0.0,0.970860211099576
2011,160,0,0,0.046951734427100204,8.128,0.8716577862461033
2011,161,0,0,0.04695488376600447,7.112,0.46775811032639425
2011,162,0,0,0.04695567163646994,4.318,0.4759699243571962
2011,163,0,0,0.04695645231487841,0.0,0.45556147058672575
2011,164,0,0,0.04695735366870602,0.0,0.6074547655456759
2011,165,0,0,0.04695881146110568,0.0,0.5946899261999884
2011,166,0,0,0.0469603621266805,4.064,0.6859880402535866
2011,167,0,0,0.04696217424345895,37.338,0.5476335874076191
2011,168,0,0,0.04696323520436449,0.0,0.7718154373734047
2011,169,0,0,0.046965408444650185,0.0,0.8327216073885059
2011,170,0,0,0.04696786282132861,44.196,0.8145069864868655
2011,171,0,0,0.04697008588570751,0.0,0.8082268398525236
2011,172,0,0,0.0469721419518108,0.0,0.750638409182832
2011,173,0,0,0.04697381447119317,16.764,0.8844036917478236
2011,174,0,0,0.04697608670791909,2.54,0.7613408378076448
2011,175,0,0,0.04697760269297341,4.318,0.573319642984874
2011,176,0,0,0.04697838815652988,0.508,0.6411141437034289
2011,177,0,0,0.04697937440704209,0.0,0.6978545416484954
2011,178,0,0,0.04698050000611454,0.0,0.8500092585587143
2011,179,0,0,0.04698210563706642,0.0,0.7718154373734047
2011,180,0,0,0.046983318433747236,0.0,0.6978545416484954
2011,181,0,0,0.04698425369667446,0.0,0.7718154373734047
2011,182,0,0,0.04698533657155061,1.524,0.9457321380834177
2011,183,0,0,0.04698688636137336,0.0,0.9569031197811381
2011,184,0,0,0.046988264260022276,0.0,0.8327216073885059
2011,185,0,0,0.046989199288613163,0.0,0.8082268398525236
2011,186,0,0,0.0469900462162627,0.0,0.8414800784174752
2011,187,0,0,0.04699088544997419,11.43,0.8989366427655103
2011,188,0,0,0.04699174082420982,0.0,0.8237312472270676
2011,189,0,0,0.04699243116156758,0.0,0.8082268398525236
2011,190,0,0,0.04699303949345669,0.0,0.8500092585587143
2011,191,0,0,0.0469936530040568,7.62,0.905902556122903
2011,192,0,0,0.046994296690109974,5.588,0.9298256059738571
2011,193,0,0,0.046994909535387756,0.0,0.8716577862461033
2011,194,0,0,0.0469953940545746,0.0,0.7786701201969208
2011,195,0,0,0.04699574801400007,0.0,0.6658353379490016
2011,196,0,0,0.04699598598771813,0.0,0.7718154373734047
2011,197,0,0,0.04699628868864811,2.032,0.8793759942605086
2011,198,0,0,0.04699666079253654,0.0,0.9126747464687194
2011,199,0,0,0.04699702193353668,1.524,0.9758341318063753
2011,200,0,0,0.04699736754565779,0.0,0.9622586252439739
2011,201,0,0,0.04699766946669167,0.0,0.9569031197811381
2011,202,0,0,0.046997933475294476,0.0,0.9929513593624022
2011,203,0,0,0.04699818394278238,2.54,0.8917719912556168
2011,204,0,0,0.046998374018349165,2.54,0.9170844251623653
2011,205,0,0,0.04699855094296869,1.524,0.9298256059738571
2011,206,0,0,0.04699871187483207,0.0,0.8237312472270676
2011,207,0,0,0.046998827975938934,0.0,0.8716577862461033
2011,208,0,0,0.04699894756195171,10.16,0.8637236732216221
2011,209,0,0,0.046999051132711626,5.08,0.7887576024317046
2011,210,0,0,0.04699912978730772,2.286,0.8327216073885059
2011,211,0,0,0.04699921067555976,0.0,0.8793759942605086
2011,212,0,0,0.046999290403313576,0.0,0.8917719912556168
2011,213,0,0,0.0469993636274002,0.0,0.9170844251623653
2011,214,0,0,0.04699943316926546,0.0,0.9298256059738571
2011,215,0,0,0.046999499655628316,0.254,0.9399068764158779
2011,216,0,0,0.04699955653498959,0.0,0.8637236732216221
2011,217,0,0,0.04699959919470934,0.0,0.8500092585587143
2011,218,0,0,0.04699963861655721,0.0,0.8793759942605086
2011,219,0,0,0.04699967708927865,2.286,0.9170844251623653
2011,220,0,0,0.04699971343854624,0.0,0.8637236732216221
2011,221,0,0,0.04699974235054499,0.762,0.7986101176320847
2011,222,0,0,0.04699976475863038,0.0,0.7095370574919654
2011,223,0,0,0.04699978090473165,0.0,0.6535412712616462
2011,224,0,0,0.046999794591623636,0.0,0.750638409182832
2011,225,0,0,0.0469998104153665,2.032,0.7613408378076448
2011,226,0,0,0.04699982542662133,3.302,0.7095370574919654
2011,227,0,0,0.04699983746023527,0.0,0.7095370574919654
2011,228,0,0,0.046999848675306995,0.0,0.7613408378076448
2011,229,0,0,0.04699986069395977,5.08,0.7986101176320847
2011,230,0,0,0.04699987291408969,0.0,0.7613408378076448
2011,231,0,0,0.04699988303039545,0.0,0.750638409182832
2011,232,0,0,0.046999892109077415,8.128,0.8237312472270676
2011,233,0,0,0.04699990160355276,0.508,0.8237312472270676
2011,234,0,0,0.046999910875810506,0.0,0.6859880402535866
2011,235,0,0,0.046999916697376076,0.0,0.7986101176320847
2011,236,0,0,0.046999924050203735,24.638,0.8237312472270676
2011,237,0,0,0.0469999312282976,0.0,0.8082268398525236
2011,238,0,0,0.04699993731138948,0.0,0.7210247614594183
2011,239,0,0,0.0469999418184575,0.0,0.728570268001094
2011,240,0,0,0.04699994612688276,0.0,0.7210247614594183
2011,241,0,0,0.046999950006312956,0.0,0.6285706506214681
2011,242,0,0,0.046999952973753124,0.0,0.7095370574919654
2011,243,0,0,0.04699995626570019,8.382,0.6535412712616462
2011,244,0,0,0.04699995886510375,0.0,0.8237312472270676
2011,245,0,0,0.0469999627773172,0.0,0.9126747464687194
2011,246,0,0,0.046999966701697496,21.336,0.8989366427655103
2011,247,0,0,0.04699997055316202,5.334,0.6535412712616462
2011,248,0,0,0.04699997230995881,0.0,0.5818776082112233
2011,249,0,0,0.04699997360421295,0.0,0.4435231553652558
2011,250,0,0,0.04699997472346039,0.0,0.4435231553652558
2011,251,0,0,0.04699997579566444,0.0,0.5220564300731664
2011,252,0,0,0.04699997703344887,0.0,0.6411141437034289
2011,253,0,0,0.04699997850507275,0.0,0.6411141437034289
2011,254,0,0,0.04699997983715041,0.0,0.728570268001094
2011,255,0,0,0.046999981345085054,0.0,0.7613408378076448
2011,256,0,0,0.04699998285923009,0.0,0.7718154373734047
2011,257,0,0,0.046999984287458954,0.0,0.5009405449973742
2011,258,0,0,0.04699998502543851,0.0,0.28231970259471134
2011,259,0,0,0.046999985331093765,0.0,0.29092499123285537
2011,260,0,0,0.04699998566345754,1.016,0.29092499123285537
2011,261,0,0,0.04699998589165719,0.762,0.5604731949211729
2011,262,0,0,0.04699998649305451,16.51,0.534821269418854
2011,263,0,0,0.04699998700955224,0.0,0.4883970519154135
2011,264,0,0,0.04699998762060071,0.0,0.534821269418854
2011,265,0,0,0.04699998831095613,0.762,0.4759699243571962
2011,266,0,0,0.04699998862862128,1.016,0.3508410754219216
2011,267,0,0,0.046999988937718874,0.0,0.33090107798675766
2011,268,0,0,0.04699998908912663,0.762,0.41997413812687684
2011,269,0,0,0.0469999893613863,26.924,0.43165665397034697
2011,270,0,0,0.0469999896507125,10.16,0.5009405449973742
2011,271,0,0,0.04699998997840361,0.0,0.4435231553652558
2011,272,0,0,0.04699999029579537,0.0,0.5476335874076191
2011,273,0,0,0.04699999075327091,7.62,0.5220564300731664
2011,274,0,0,0.046999991169039815,0.0,0.29092499123285537
2011,275,0,0,0.04699999138974725,0.0,0.2578534093727389
2011,276,0,0,0.04699999156624668,0.0,0.41997413812687684
2011,277,0,0,0.046999991927148946,0.0,0.4759699243571962
2011,278,0,0,0.04699999236118642,0.0,0.5220564300731664
2011,279,0,0,0.046999992838358116,0.0,0.5818776082112233
2011,280,11126.132531573281,3145.5647205018613,0.046999993332196205,0.0,0.7210247614594183
2011,281,0,0,0.046999993332196205,0.0,0.8414800784174752
2011,282,0,0,0.046999993332196205,0.0,0.6658353379490016
2011,283,0,0,0.046999993332196205,0.0,0.5946899261999884
2011,284,0,0,0.046999993332196205,0.0,0.5604731949211729
2011,285,0,0,0.046999993332196205,0.0,0.5476335874076191
2011,286,0,0,0.046999993332196205,24.13,0.5220564300731664
2011,287,0,0,0.046999993332196205,1.27,0.41997413812687684
2011,288,0,0,0.046999993332196205,0.0,0.3508410754219216
2011,289,0,0,0.046999993332196205,1.016,0.4122934104657482
2011,290,0,0,0.046999993332196205,0.0,0.33090107798675766
2011,291,0,0,0.046999993332196205,0.0,0.32446371690490655
2011,292,0,0,0.046999993332196205,0.0,0.23057455285333192
2011,293,0,0,0.046999993332196205,0.0,0.23057455285333192
2011,294,0,0,0.046999993332196205,0.0,0.19559608125202205
2011,295,0,0,0.046999993332196205,0.0,0.22590883642004797
2011,296,0,0,0.046999993332196205,0.0,0.2578534093727389
2011,297,0,0,0.046999993332196205,5.08,0.28231970259471134
2011,298,0,0,0.046999993332196205,1.27,0.3057799483917747
2011,299,0,0,0.046999993332196205,0.0,0.43165665397034697
2011,300,0,0,0.046999993332196205,0.0,0.22590883642004797
2011,301,0,0,0.046999993332196205,0.0,0.1837790575354247
2011,302,0,0,0.046999993332196205,1.016,0.19559608125202205
2011,303,0,0,0.046999993332196205,0.762,0.2059661329385129
2011,304,0,0,0.046999993332196205,1.778,0.2526842156432196
2011,305,0,0,0.046999993332196205,0.0,0.18960431920296447
2011,306,0,0,0.046999993332196205,0.0,0.3508410754219216
2011,307,0,0,0.046999993332196205,29.21,0.22590883642004797
2011,308,0,0,0.046999993332196205,0.0,0.1637641624493754
2011,309,0,0,0.046999993332196205,0.0,0.17811528813971933
2011,310,0,0,0.046999993332196205,0.0,0.27394168373433697
2011,311,0,0,0.046999993332196205,0.0,0.2578534093727389
2011,312,0,0,0.046999993332196205,19.05,0.23773920436322546
2011,313,0,0,0.046999993332196205,31.242,0.1837790575354247
2011,314,0,0,0.046999993332196205,24.13,0.12513139838984882
2011,315,0,0,0.046999993332196205,0.0,0.12104985780000807
2011,316,0,0,0.046999993332196205,0.762,0.15865098451926632
2011,317,0,0,0.046999993332196205,0.0,0.38979830087273476
2011,318,0,0,0.046999993332196205,0.0,0.28231970259471134
2011,319,0,0,0.046999993332196205,0.0,0.2059661329385129
2011,320,0,0,0.046999993332196205,0.0,0.21907263395185103
2011,321,0,0,0.046999993332196205,0.0,0.09751637276957653
2011,322,0,0,0.046999993332196205,0.0,0.11448042976967755
2011,323,0,0,0.046999993332196205,0.0,0.1837790575354247
2011,324,0,0,0.046999993332196205,0.762,0.18960431920296447
2011,325,0,0,0.046999993332196205,0.0,0.129322209446247
2011,326,0,0,0.046999993332196205,0.0,0.14106047947481717
2011,327,0,0,0.046999993332196205,0.0,0.11448042976967755
2011,328,0,0,0.046999993332196205,0.0,0.14568457368238802
2011,329,0,0,0.046999993332196205,0.0,0.28231970259471134
2011,330,0,0,0.046999993332196205,0.254,0.33090107798675766
2011,331,0,0,0.046999993332196205,6.35,0.23773920436322546
2011,332,0,0,0.046999993332196205,0.0,0.12513139838984882
2011,333,0,0,0.046999993332196205,0.0,0.11067307079974187
2011,334,0,0,0.046999993332196205,0.0,0.09083460470018716
2011,335,0,0,0.046999993332196205,0.0,0.11448042976967755
2011,336,0,0,0.046999993332196205,0.254,0.09751637276957653
2011,337,0,0,0.046999993332196205,6.35,0.09083460470018716
2011,338,0,0,0.046999993332196205,20.574,0.1837790575354247
2011,339,0,0,0.046999993332196205,0.0,0.1336259961906041
2011,340,0,0,0.046999993332196205,0.0,0.09751637276957653
2011,341,0,0,0.046999993332196205,0.0,0.06893050947285823
2011,342,0,0,0.046999993332196205,0.0,0.07453089368453922
2011,343,0,0,0.046999993332196205,0.0,0.06622633399005844
2011,344,0,0,0.046999993332196205,0.0,0.03272951390913212
2011,345,0,0,0.046999993332196205,0.0,0.12104985780000807
2011,346,0,0,0.046999993332196205,0.0,0.18960431920296447
2011,347,0,0,0.046999993332196205,0.0,0.1690211781395205
2011,348,0,0,0.046999993332196205,11.43,0.17442671930176237
2011,349,0,0,0.046999993332196205,5.08,0.2526842156432196
2011,350,0,0,0.046999993332196205,0.0,0.10696241059306613
2011,351,0,0,0.046999993332196205,2.54,0.07645683661361043
2011,352,0,0,0.046999993332196205,0.0,0.09751637276957653
2011,353,0,0,0.046999993332196205,0.0,0.15367706381246687
2011,354,0,0,0.046999993332196205,0.0,0.11067307079974187
2011,355,0,0,0.046999993332196205,0.508,0.10334528797255574
2011,356,0,0,0.046999993332196205,5.08,0.1336259961906041
2011,357,0,0,0.046999993332196205,0.0,0.045908080912655226
2011,358,0,0,0.046999993332196205,0.0,0.04226904782354958
2011,359,0,0,0.046999993332196205,0.0,0.10334528797255574
2011,360,0,0,0.046999993332196205,0.0,0.10696241059306613
2011,361,0,0,0.046999993332196205,0.0,0.12104985780000807
2011,362,0,0,0.046999993332196205,0.0,0.08242116322283453
2011,363,0,0,0.046999993332196205,0.0,0.1170740025688298
2011,364,0,0,0.046999993332196205,3.302,0.13655983625644016
2011,365,0,0,0.046999993332196205,2.54,0.08761534579379769
2012,1,0,0,0.046999993332196205,0.508,0.10696241059306613
2012,2,0,0,0.046999993332196205,0.0,0.07169801654683182
2012,3,0,0,0.046999993332196205,0.0,0.02891155676576111
2012,4,0,0,0.046999993332196205,0.0,0.04226904782354958
2012,5,0,0,0.046999993332196205,0.0,0.09083460470018716
2012,6,0,0,0.046999993332196205,0.0,0.14568457368238802
2012,7,0,0,0.046999993332196205,0.0,0.1637641624493754
2012,8,0,0,0.046999993332196205,0.0,0.10098432698147637
2012,9,0,0,0.046999993332196205,0.0,0.1170740025688298
2012,10,0,0,0.046999993332196205,0.0,0.13655983625644016
2012,11,0,0,0.046999993332196205,0.0,0.15865098451926632
2012,12,0,0,0.046999993332196205,0.508,0.15865098451926632
2012,13,0,0,0.046999993332196205,9.652,0.045908080912655226
2012,14,0,0,0.046999993332196205,0.0,0.03603149338699954
2012,15,0,0,0.046999993332196205,0.0,0.02891155676576111
2012,16,0,0,0.046999993332196205,0.0,0.05682187946661423
2012,17,0,0,0.046999993332196205,0.762,0.1336259961906041
2012,18,0,0,0.046999993332196205,3.81,0.014521519452246258
2012,19,0,0,0.046999993332196205,0.0,0.01294300029356072
2012,20,0,0,0.046999993332196205,0.0,0.0
2012,21,0,0,0.046999993332196205,6.858,0.0
2012,22,0,0,0.046999993332196205,0.0,0.02056970451236827
2012,23,0,0,0.046999993332196205,2.54,0.10098432698147637
2012,24,0,0,0.046999993332196205,2.032,0.09413405604961204
2012,25,0,0,0.046999993332196205,0.0,0.06622633399005844
2012,26,0,0,0.046999993332196205,0.0,0.09083460470018716
2012,27,0,0,0.046999993332196205,0.0,0.08551244819154626
2012,28,0,0,0.046999993332196205,0.762,0.09083460470018716
2012,29,0,0,0.046999993332196205,1.016,0.03272951390913212
2012,30,0,0,0.046999993332196205,0.0,0.045908080912655226
2012,31,0,0,0.046999993332196205,0.0,0.13655983625644016
2012,32,0,0,0.046999993332196205,0.0,0.19968558964498528
2012,33,0,0,0.046999993332196205,0.0,0.1170740025688298
2012,34,0,0,0.046999993332196205,0.0,0.10334528797255574
2012,35,0,0,0.046999993332196205,0.0,0.129322209446247
2012,36,0,0,0.046999993332196205,0.0,0.10696241059306613
2012,37,0,0,0.046999993332196205,0.0,0.12513139838984882
2012,38,0,0,0.046999993332196205,0.0,0.11067307079974187
2012,39,0,0,0.046999993332196205,0.0,0.06185480933118889
2012,40,0,0,0.046999993332196205,0.0,0.06358352590411197
2012,41,0,0,0.046999993332196205,0.0,0.07940340451533828
2012,42,0,0,0.046999993332196205,0.508,0.045908080912655226
2012,43,0,0,0.046999993332196205,0.0,0.03806759070052038
2012,44,0,0,0.046999993332196205,0.0,0.06185480933118889
2012,45,0,0,0.046999993332196205,2.032,0.07169801654683182
2012,46,0,0,0.046999993332196205,0.0,0.1170740025688298
2012,47,0,0,0.046999993332196205,0.0,0.1837790575354247
2012,48,0,0,0.046999993332196205,0.0,0.13655983625644016
2012,49,0,0,0.046999993332196205,0.0,0.129322209446247
2012,50,0,0,0.046999993332196205,0.0,0.08551244819154626
2012,51,0,0,0.046999993332196205,0.0,0.11067307079974187
2012,52,0,0,0.046999993332196205,0.762,0.12104985780000807
2012,53,0,0,0.046999993332196205,0.254,0.14106047947481717
2012,54,0,0,0.046999993332196205,0.0,0.12513139838984882
2012,55,0,0,0.046999993332196205,3.048,0.11448042976967755
2012,56,0,0,0.046999993332196205,0.0,0.07453089368453922
2012,57,0,0,0.046999993332196205,0.0,0.09083460470018716
2012,58,0,0,0.046999993332196205,0.0,0.11448042976967755
2012,59,0,0,0.046999993332196205,0.0,0.09751637276957653
2012,60,0,0,0.046999993332196205,12.7,0.13655983625644016
2012,61,0,0,0.046999993332196205,0.254,0.18960431920296447
2012,62,0,0,0.046999993332196205,0.0,0.1336259961906041
2012,63,0,0,0.046999993332196205,6.096,0.10696241059306613
2012,64,0,0,0.046999993332196205,0.0,0.08761534579379769
2012,65,0,0,0.046999993332196205,0.0,0.0543884076637251
2012,66,0,0,0.046999993332196205,0.0,0.06893050947285823
2012,67,0,0,0.046999993332196205,0.0,0.3407535931871379
2012,68,0,0,0.046999993332196205,10.16,0.2967895882303365
2012,69,0,0,0.046999993332196205,0.0,0.12513139838984882
2012,70,0,0,0.046999993332196205,0.0,0.15865098451926632
2012,71,0,0,0.046999993332196205,0.0,0.3717127292519094
2012,72,0,0,0.046999993332196205,4.318,0.5220564300731664
2012,73,0,0,0.046999993332196205,0.0,0.3407535931871379
2012,74,0,0,0.046999993332196205,0.0,0.40094092761774824
2012,75,0,0,0.046999993332196205,0.0,0.534821269418854
2012,76,0,0,0.046999993332196205,0.0,0.5818776082112233
2012,77,0,0,0.046999993332196205,0.508,0.5946899261999884
2012,78,0,0,0.046999993332196205,0.0,0.750638409182832
2012,79,0,0,0.046999993332196205,0.0,0.8145069864868655
2012,80,0,0,0.046999993332196205,6.35,0.7397128947461076
2012,81,0,0,0.046999993332196205,0.0,0.7887576024317046
2012,82,0,0,0.046999993332196205,0.0,0.7887576024317046
2012,83,0,0,0.046999993332196205,6.604,0.750638409182832
2012,84,0,0,0.046999993332196205,1.27,0.5604731949211729
2012,85,0,0,0.046999993332196205,0.0,0.4435231553652558
2012,86,0,0,0.046999993332196205,0.508,0.3611617330874952
2012,87,0,0,0.046999993332196205,0.0,0.17811528813971933
2012,88,0,0,0.046999993332196205,0.0,0.534821269418854
2012,89,0,0,0.046999993332196205,0.0,0.3057799483917747
2012,90,0,0,0.046999993332196205,17.018,0.26578752239722025
2012,91,0,0,0.046999993332196205,7.62,0.1837790575354247
2012,92,0,0,0.046999993332196205,0.254,0.21242677045647698
2012,93,0,0,0.046999993332196205,0.0,0.37887278643601047
2012,94,0,0,0.046999993332196205,0.0,0.43165665397034697
2012,95,0,0,0.046999993332196205,0.0,0.3407535931871379
2012,96,0,0,0.046999993332196205,0.0,0.31500420913197685
2012,97,0,0,0.046999993332196205,0.0,0.17811528813971933
2012,98,0,0,0.046999993332196205,0.0,0.2059661329385129
2012,99,0,0,0.046999993332196205,0.0,0.2967895882303365
2012,100,0,0,0.046999993332196205,0.0,0.27394168373433697
2012,101,0,0,0.046999993332196205,0.0,0.2059661329385129
2012,102,0,0,0.046999993332196205,0.0,0.14106047947481717
2012,103,0,0,0.046999993332196205,0.0,0.19559608125202205
2012,104,0,0,0.046999993332196205,0.0,0.2578534093727389
2012,105,0,0,0.046999993332196205,0.0,0.4435231553652558
2012,106,0,0,0.046999993332196205,17.272,0.728570268001094
2012,107,0,0,0.046999993332196205,3.556,0.6859880402535866
2012,108,0,0,0.046999993332196205,0.0,0.22590883642004797
2012,109,0,0,0.046999993332196205,0.0,0.2578534093727389
2012,110,0,0,0.046999993332196205,0.0,0.4759699243571962
2012,111,0,0,0.046999993332196205,35.56,0.2526842156432196
2012,112,0,0,0.046999993332196205,0.0,0.2059661329385129
2012,113,0,0,0.046999993332196205,0.0,0.22590883642004797
2012,114,0,0,0.046999993332196205,0.0,0.22590883642004797
2012,115,0,0,0.046999993332196205,0.0,0.2578534093727389
2012,116,0,0,0.046999993332196205,1.27,0.43165665397034697
2012,117,0,0,0.046999993332196205,0.0,0.3508410754219216
2012,118,0,0,0.046999993332196205,0.0,0.23057455285333192
2012,119,0,0,0.046999993332196205,7.112,0.26578752239722025
2012,120,0,0,0.046999993332196205,0.508,0.21242677045647698
2012,121,0,0,0.046999993332196205,19.558,0.33090107798675766
2012,122,0,0,0.046999993332196205,0.0,0.2578534093727389
2012,123,0,0,0.046999993332196205,17.018,0.37887278643601047
2012,124,0,0,0.046999993332196205,1.778,0.7786701201969208
2012,125,0,0,0.046999993332196205,0.0,0.8082268398525236
2012,126,0,0,0.046999993332196205,1.524,0.5220564300731664
2012,127,0,0,0.046999993332196205,0.0,0.5604731949211729
2012,128,0,0,0.046999993332196205,13.208,0.534821269418854
2012,129,0,0,0.046999993332196205,0.0,0.573319642984874
2012,130,0,0,0,0.0,0.43165665397034697
2012,131,0,0,0,0.0,0.33090107798675766
2012,132,0,0,0.04698590536034236,0.0,0.45556147058672575
2012,133,0,0,0.04697694749335347,0.254,0.7095370574919654
2012,134,0,0,0.04696511180212365,0.0,0.41997413812687684
2012,135,0,0,0.046959331869848554,0.0,0.46775811032639425
2012,136,0,0,0.046952516771334885,0.0,0.5946899261999884
2012,137,0,0,0.0469453000721715,0.0,0.6411141437034289
2012,138,0,0,0.04693833215753601,0.0,0.4759699243571962
2012,139,0,0,0.046935169751826655,0.0,0.573319642984874
2012,140,0,0,0.04693185231264844,0.0,0.8082268398525236
2012,141,0,0,0.04692768519209441,0.0,0.8716577862461033
2012,142,0,0,0.046924794935022135,0.0,0.6658353379490016
2012,143,0,0,0.04692372021144792,0.0,0.4883970519154135
2012,144,0,0,0.04692332876734848,0.0,0.5818776082112233
2012,145,0,0,0.04692322320787724,0.0,0.7397128947461076
2012,146,0,0,0.046923572809553456,2.54,0.8082268398525236
2012,147,0,0,0.04692449163625341,16.002,0.6859880402535866
2012,148,0,0,0.04692554622443312,1.016,0.8555695118845054
2012,149,0,0,0.04692771744270863,0.0,0.8989366427655103
2012,150,0,0,0.04693040607814867,6.096,0.7986101176320847
2012,151,0,0,0.04693292116326272,0.0,0.6201523852960534
2012,152,0,0,0.04693447578844995,9.398,0.4435231553652558
2012,153,0,0,0.04693533778953264,0.508,0.3407535931871379
2012,154,0,0,0.046935739701642394,0.0,0.5220564300731664
2012,155,0,0,0.04693695885062466,0.0,0.5220564300731664
2012,156,0,0,0.0469386793581432,0.762,0.6779807811827194
2012,157,0,0,0.046940772957969494,0.0,0.5818776082112233
2012,158,0,0,0.04694260179083037,0.0,0.5604731949211729
2012,159,0,0,0.046944434703607436,0.0,0.6201523852960534
2012,160,0,0,0.04694640433234147,0.0,0.7095370574919654
2012,161,0,0,0.04694863943373992,0.0,0.8145069864868655
2012,162,0,0,0.046951598364243036,0.0,0.8844036917478236
2012,163,0,0,0.04695494968978783,4.318,0.8989366427655103
2012,164,0,0,0.04695824450008729,0.0,0.750638409182832
2012,165,0,0,0.04696048460851957,0.0,0.4883970519154135
2012,166,0,0,0.04696175627262069,0.0,0.573319642984874
2012,167,0,0,0.046963235204360285,0.0,0.750638409182832
2012,168,0,0,0.04696529634454724,0.0,0.8989366427655103
2012,169,0,0,0.04696796887369124,0.0,0.9235450626803295
2012,170,0,0,0.04697093178506217,0.508,0.9399068764158779
2012,171,0,0,0.04697376912092932,0.0,0.9758341318063753
2012,172,0,0,0.046976463067362285,0.0,0.9806732633290205
2012,173,0,0,0.04697892406174694,3.048,0.9170844251623653
2012,174,0,0,0.046980746752023836,0.0,0.7613408378076448
2012,175,0,0,0.046982006690989064,0.0,0.7613408378076448
2012,176,0,0,0.04698319425895107,0.0,0.7887576024317046
2012,177,0,0,0.04698440012217989,0.0,0.8327216073885059
2012,178,0,0,0.046985583112216484,0.0,0.6074547655456759
2012,179,0,0,0.0469863524808771,0.0,0.7210247614594183
2012,180,0,0,0.04698720734499103,0.0,0.9298256059738571
2012,181,0,0,0.046988399017256974,0.0,0.8844036917478236
2012,182,0,0,0.04698930347068392,0.0,0.8793759942605086
2012,183,0,0,0.04699020043833422,0.0,0.8989366427655103
2012,184,0,0,0.04699106283237635,0.0,0.9569031197811381
2012,185,0,0,0.046991982501775234,0.0,0.9806732633290205
2012,186,0,0,0.04699282769046133,0.0,1.0015982905850136
2012,187,0,0,0.04699364022536062,0.0,1.0043797972289934
2012,188,0,0,0.04699435412500283,0.0,1.0163108295513654
2012,189,0,0,0.04699501218613045,1.016,1.0084613378188343
2012,190,0,0,0.046995578936860426,0.0,0.8716577862461033
2012,191,0,0,0.046995994247202126,0.0,0.8844036917478236
2012,192,0,0,0.04699637215782012,0.0,0.8793759942605086
2012,193,0,0,0.04699670898676598,0.0,0.8082268398525236
2012,194,0,0,0.04699697814465906,0.0,0.8327216073885059
2012,195,0,0,0.04699723188680515,0.0,0.8716577862461033
2012,196,0,0,0.04699747568311309,0.0,0.8793759942605086
2012,197,0,0,0.046997713215621226,0.0,0.9457321380834177
2012,198,0,0,0.04699796813326567,0.0,0.9457321380834177
2012,199,0,0,0.04699818008435153,0.0,0.9758341318063753
2012,200,0,0,0.046998380929679805,0.508,0.9884507161440252
2012,201,0,0,0.046998566345336494,39.37,0.9622586252439739
2012,202,0,0,0.04699872834181849,0.0,0.750638409182832
2012,203,0,0,0.046998822927002054,0.254,0.8500092585587143
2012,204,0,0,0.046998936159837607,0.762,0.9126747464687194
2012,205,0,0,0.046999053181070116,0.0,0.9298256059738571
2012,206,0,0,0.0469991630701761,10.668,0.9806732633290205
2012,207,0,0,0.04699926046956935,19.304,0.8414800784174752
2012,208,0,0,0.046999330911770186,17.78,0.9622586252439739
2012,209,0,0,0.04699940395587841,0.0,0.8844036917478236
2012,210,0,0,0.04699946567679608,0.762,0.7786701201969208
2012,211,0,0,0.04699950942966881,0.0,0.8145069864868655
2012,212,0,0,0.046999553603068206,1.27,0.8500092585587143
2012,213,0,0,0.046999597426685524,1.016,0.905902556122903
2012,214,0,0,0.04699964020677405,0.0,0.8414800784174752
2012,215,0,0,0.04699967422323463,4.318,0.8637236732216221
2012,216,0,0,0.046999705725740575,0.508,0.905902556122903
2012,217,0,0,0.04699973832029432,0.0,0.9298256059738571
2012,218,0,0,0.04699976787272642,3.048,0.8500092585587143
2012,219,0,0,0.04699978996989428,0.0,0.6658353379490016
2012,220,0,0,0.04699980265966861,0.0,0.728570268001094
2012,221,0,0,0.04699981705670691,0.0,0.8555695118845054
2012,222,0,0,0.04699983379033431,0.0,0.7718154373734047
2012,223,0,0,0.04699984731628066,16.764,0.6285706506214681
2012,224,0,0,0.04699985561684576,0.0,0.6074547655456759
2012,225,0,0,0.04699986347202027,0.0,0.6535412712616462
2012,226,0,0,0.04699987148242026,3.048,0.7095370574919654
2012,227,0,0,0.04699988037740748,0.0,0.7095370574919654
2012,228,0,0,0.04699988866425485,0.0,0.750638409182832
2012,229,0,0,0.046999897310906716,8.128,0.8555695118845054
2012,230,0,0,0.046999907816106995,8.89,0.6074547655456759
2012,231,0,0,0.0469999126632491,0.508,0.5604731949211729
2012,232,0,0,0.04699991707183794,0.254,0.6411141437034289
2012,233,0,0,0.046999921791103565,0.0,0.6658353379490016
2012,234,0,0,0.04699992657680895,0.0,0.5946899261999884
2012,235,0,0,0.04699993091707756,0.0,0.6285706506214681
2012,236,0,0,0.04699993544256949,0.0,0.7095370574919654
2012,237,0,0,0.04699994048762631,0.0,0.9298256059738571
2012,238,0,0,0.046999947213509356,0.0,0.8500092585587143
2012,239,0,0,0.046999952004501785,9.906,0.9170844251623653
2012,240,0,0,0.046999957440474006,3.048,0.8082268398525236
2012,241,0,0,0.046999961311484206,0.0,0.7887576024317046
2012,242,0,0,0.0469999646733332,1.778,0.7786701201969208
2012,243,0,0,0.04699996767219057,0.0,0.8716577862461033
2012,244,0,0,0.04699997101895639,0.0,0.8989366427655103
2012,245,0,0,0.04699997414037428,0.0,0.8989366427655103
2012,246,0,0,0.04699997692835337,0.0,0.8237312472270676
